lady,4477,5.036959
lovelace,2626,2.954446
miss,2466,2.774434
harlowe,1576,1.773117
brother,1520,1.710113
howe,1338,1.50535
dorcas,1239,1.393967
friend,1162,1.307337
thou,1153,1.297211
uncle,1117,1.256708
sister,1070,1.20383
letter,1025,1.153201
smith,985,1.108198
lord,975,1.096948
mother,937,1.054195
hickman,926,1.041819
creature,844,0.949563
aunt,808,0.90906
cousin,792,0.891059
mamma,778,0.875308
father,777,0.874183
colonel,768,0.864057
betty,766,0.861807
family,741,0.83368
solmes,732,0.823555
morden,719,0.808929
belford,702,0.789802
m,693,0.779677
lovick,672,0.75605
fellow,662,0.744799
madam,611,0.687421
person,593,0.667169
people,512,0.576038
gentleman,511,0.574913
captain,510,0.573788
servant,500,0.562537
widow,444,0.499533
wife,428,0.481532
antony,420,0.472531
clarissa,399,0.448905
men,398,0.44778
god,383,0.430904
heart,377,0.424153
john,369,0.415153
jack,364,0.409527
thing,360,0.405027
body,353,0.397151
one,344,0.387026
child,339,0.3814
james,338,0.380275
sinclair,337,0.37915
norton,336,0.378025
wretch,332,0.373525
joseph,317,0.356649
doctor,310,0.348773
spirit,306,0.344273
hannah,302,0.339773
husband,295,0.331897
hervey,291,0.327397
tomlinson,286,0.321771
rawlins,286,0.321771
moore,285,0.320646
don,276,0.310521
devil,274,0.30827
house,264,0.29702
character,256,0.288019
world,247,0.277893
sally,240,0.270018
parent,239,0.268893
wilt,233,0.262142
girl,232,0.261017
niece,229,0.257642
papa,226,0.254267
nothing,225,0.253142
love,219,0.246391
eye,215,0.241891
lordship,212,0.238516
time,211,0.237391
sex,210,0.236266
dr,208,0.234016
messenger,206,0.231765
mind,205,0.23064
daughter,197,0.22164
relation,196,0.220515
hand,188,0.211514
fortescue,181,0.203638
montague,178,0.200263
life,171,0.192388
dear,171,0.192388
grandfather,167,0.187887
son,160,0.180012
altho,159,0.178887
art,154,0.173261
rowland,154,0.173261
libertine,149,0.167636
brand,148,0.166511
word,147,0.165386
pride,145,0.163136
dolly,144,0.162011
honour,139,0.156385
charlotte,139,0.156385
mowbray,138,0.15526
charmer,138,0.15526
fretchville,132,0.14851
biddulph,132,0.14851
heaven,129,0.145135
part,123,0.138384
nobody,117,0.131634
dog,117,0.131634
executor,117,0.131634
ladyship,114,0.128258
esq,114,0.128258
virtue,111,0.124883
bevis,111,0.124883
conversation,110,0.123758
soul,108,0.121508
villain,108,0.121508
others,108,0.121508
tourville,104,0.117008
lewin,103,0.115883
case,101,0.113633
master,101,0.113633
mean,101,0.113633
passion,100,0.112507
day,100,0.112507
occasion,99,0.111382
merit,99,0.111382
none,99,0.111382
quality,98,0.110257
tho,96,0.108007
harlowes,96,0.108007
belton,95,0.106882
subject,94,0.105757
arabella,93,0.104632
hour,92,0.103507
polly,92,0.103507
tragedy,92,0.103507
favour,91,0.102382
name,90,0.101257
leman,90,0.101257
the,89,0.100132
sarah,89,0.100132
will,89,0.100132
argument,86,0.096756
mennell,86,0.096756
head,84,0.094506
way,84,0.094506
fortune,83,0.093381
story,83,0.093381
grief,82,0.092256
something,81,0.091131
rake,81,0.091131
parson,81,0.091131
maid,81,0.091131
opinion,80,0.090006
company,80,0.090006
clary,80,0.090006
squire,79,0.088881
error,78,0.087756
sorlings,78,0.087756
methinks,78,0.087756
apothecary,78,0.087756
his,77,0.086631
machine,77,0.086631
wench,76,0.085506
my,76,0.085506
trial,76,0.085506
greme,76,0.085506
h,76,0.085506
pritchard,75,0.084381
view,75,0.084381
surgeon,72,0.081005
methought,72,0.081005
justice,71,0.07988
canst,71,0.07988
reflection,70,0.078755
agent,70,0.078755
kind,70,0.078755
power,70,0.078755
angel,70,0.078755
gentlewoman,70,0.078755
nephew,69,0.07763
line,69,0.07763
mistress,69,0.07763
prudence,69,0.07763
enemy,68,0.076505
town,68,0.076505
martin,68,0.076505
step,68,0.076505
singleton,68,0.076505
townsend,68,0.076505
death,67,0.07538
bella,67,0.07538
robert,67,0.07538
purpose,66,0.074255
sense,65,0.07313
air,65,0.07313
resolution,65,0.07313
generosity,65,0.07313
harry,65,0.07313
writer,65,0.07313
poet,64,0.072005
opportunity,64,0.072005
poor,64,0.072005
order,64,0.072005
alliance,64,0.072005
reader,64,0.072005
affair,63,0.07088
dost,63,0.07088
place,62,0.069755
self,62,0.069755
estate,61,0.06863
col,61,0.06863
grandson,61,0.06863
thyself,60,0.067504
cause,60,0.067504
patty,60,0.067504
plotting,60,0.067504
effect,59,0.066379
state,59,0.066379
sun,59,0.066379
figure,59,0.066379
manner,58,0.065254
presence,58,0.065254
nymph,58,0.065254
situation,58,0.065254
proof,57,0.064129
door,57,0.064129
treatment,57,0.064129
spouse,57,0.064129
boy,57,0.064129
hers,57,0.064129
night,56,0.063004
condition,56,0.063004
nay,56,0.063004
action,55,0.061879
method,55,0.061879
liberty,55,0.061879
mine,55,0.061879
wouldst,54,0.060754
motif,54,0.060754
point,54,0.060754
violence,54,0.060754
mabell,54,0.060754
kinswoman,54,0.060754
half,53,0.059629
innocent,53,0.059629
minister,53,0.059629
triumph,53,0.059629
good,53,0.059629
contrivance,52,0.058504
somebody,52,0.058504
visit,52,0.058504
principle,52,0.058504
hope,52,0.058504
calamity,52,0.058504
tale,52,0.058504
kinsman,52,0.058504
she,51,0.057379
sickness,51,0.057379
deal,51,0.057379
temper,51,0.057379
marriage,51,0.057379
cast,51,0.057379
barnes,51,0.057379
account,50,0.056254
moment,50,0.056254
coachman,50,0.056254
law,49,0.055129
thro,49,0.055129
fire,49,0.055129
disgrace,49,0.055129
kitty,49,0.055129
closet,48,0.054004
pocket,48,0.054004
side,48,0.054004
act,48,0.054004
end,48,0.054004
behaviour,48,0.054004
lewen,48,0.054004
rascal,48,0.054004
beauty,47,0.052879
peer,47,0.052879
joy,47,0.052879
circumstance,47,0.052879
conscience,47,0.052879
niceness,47,0.052879
cloaths,46,0.051753
reason,46,0.051753
rest,46,0.051753
england,46,0.051753
collins,46,0.051753
flattery,46,0.051753
fear,46,0.051753
scholar,46,0.051753
example,45,0.050628
face,45,0.050628
proposal,45,0.050628
present,45,0.050628
reporter,45,0.050628
grandmother,45,0.050628
treaty,45,0.050628
shakespeare,44,0.049503
knowlege,43,0.048378
tom,43,0.048378
office,43,0.048378
intelligence,43,0.048378
tony,43,0.048378
jenyns,43,0.048378
johnny,43,0.048378
year,42,0.047253
experience,42,0.047253
horton,42,0.047253
apartment,42,0.047253
endeavour,42,0.047253
shorey,42,0.047253
well,41,0.046128
nature,41,0.046128
education,41,0.046128
motherinlaw,41,0.046128
remorse,41,0.046128
copy,41,0.046128
health,41,0.046128
distress,41,0.046128
thought,41,0.046128
study,41,0.046128
bear,41,0.046128
elder,41,0.046128
dearest,41,0.046128
affliction,41,0.046128
class,40,0.045003
friendship,40,0.045003
nor,40,0.045003
doleman,40,0.045003
her,40,0.045003
motion,40,0.045003
hint,40,0.045003
examination,40,0.045003
evil,39,0.043878
yours,39,0.043878
interest,39,0.043878
this,39,0.043878
choice,39,0.043878
answer,38,0.042753
settlement,38,0.042753
respect,38,0.042753
goddard,38,0.042753
suffering,38,0.042753
lloyd,38,0.042753
address,37,0.041628
blessing,37,0.041628
misfortune,37,0.041628
nancy,37,0.041628
almighty,37,0.041628
content,37,0.041628
reconciliation,37,0.041628
curse,37,0.041628
counsellor,37,0.041628
goody,37,0.041628
sake,36,0.040503
villainy,36,0.040503
business,36,0.040503
sort,36,0.040503
offer,36,0.040503
pen,36,0.040503
desire,36,0.040503
accident,36,0.040503
attendance,36,0.040503
excellence,36,0.040503
garden,36,0.040503
hereupon,36,0.040503
liver,35,0.039378
youth,35,0.039378
duty,35,0.039378
terror,35,0.039378
collection,35,0.039378
folk,35,0.039378
compliance,35,0.039378
scheme,35,0.039378
mischief,35,0.039378
instance,35,0.039378
loss,35,0.039378
author,35,0.039378
anna,35,0.039378
lover,34,0.038253
resentment,34,0.038253
concern,34,0.038253
advice,34,0.038253
wit,34,0.038253
contempt,34,0.038253
return,34,0.038253
persecution,34,0.038253
rowe,33,0.037127
vice,33,0.037127
credit,33,0.037127
rogers,33,0.037127
force,33,0.037127
morrow,33,0.037127
connivance,33,0.037127
fault,33,0.037127
summer,33,0.037127
consent,32,0.036002
tender,32,0.036002
nurse,32,0.036002
voice,32,0.036002
revenge,32,0.036002
b,32,0.036002
meeting,32,0.036002
look,32,0.036002
physician,32,0.036002
forbear,32,0.036002
book,32,0.036002
pray,32,0.036002
lodging,32,0.036002
turn,32,0.036002
consideration,32,0.036002
barton,32,0.036002
chevalier,32,0.036002
disorder,31,0.034877
tear,31,0.034877
queen,31,0.034877
emblem,31,0.034877
slave,31,0.034877
clergyman,31,0.034877
delight,31,0.034877
earth,31,0.034877
suit,31,0.034877
wyerley,31,0.034877
trouble,31,0.034877
while,31,0.034877
oliver,31,0.034877
joel,31,0.034877
honner,31,0.034877
dependency,31,0.034877
design,30,0.033752
modesty,30,0.033752
matter,30,0.033752
leipsick,30,0.033752
luther,30,0.033752
paper,30,0.033752
lawrance,30,0.033752
prince,30,0.033752
hartley,30,0.033752
appointment,30,0.033752
adversity,30,0.033752
punisher,30,0.033752
governess,30,0.033752
arm,29,0.032627
lesson,29,0.032627
delicacy,29,0.032627
goodness,29,0.032627
loveace,29,0.032627
notion,29,0.032627
pair,29,0.032627
wonder,29,0.032627
wilson,29,0.032627
resignation,29,0.032627
secret,29,0.032627
ambrose,29,0.032627
bearer,28,0.031502
godmother,28,0.031502
measure,28,0.031502
goddess,28,0.031502
novice,28,0.031502
excuse,28,0.031502
punishment,28,0.031502
wil,28,0.031502
remembrest,28,0.031502
chairman,28,0.031502
wert,28,0.031502
prayer,28,0.031502
tenant,28,0.031502
credulity,28,0.031502
hale,28,0.031502
ariosto,28,0.031502
ac,28,0.031502
forte,28,0.031502
thousand,28,0.031502
pleasure,27,0.030377
horse,27,0.030377
judgment,27,0.030377
varlet,27,0.030377
appearance,27,0.030377
vehemence,27,0.030377
mercy,27,0.030377
attempt,27,0.030377
care,27,0.030377
caesar,27,0.030377
bell,27,0.030377
mightst,27,0.030377
katharine,27,0.030377
tea,27,0.030377
dish,27,0.030377
sisterhood,27,0.030377
question,26,0.029252
hadst,26,0.029252
piety,26,0.029252
court,26,0.029252
guilt,26,0.029252
pain,26,0.029252
country,26,0.029252
lip,26,0.029252
progress,26,0.029252
vanity,26,0.029252
didst,25,0.028127
arrest,25,0.028127
light,25,0.028127
text,25,0.028127
age,25,0.028127
right,25,0.028127
pr,25,0.028127
stair,25,0.028127
command,25,0.028127
partington,25,0.028127
gouty,25,0.028127
prohibition,25,0.028127
entrance,25,0.028127
writing,24,0.027002
request,24,0.027002
article,24,0.027002
william,24,0.027002
stranger,24,0.027002
fate,24,0.027002
inclination,24,0.027002
room,24,0.027002
afternoon,24,0.027002
veneration,24,0.027002
crime,24,0.027002
thomasine,24,0.027002
proselyte,24,0.027002
conduct,24,0.027002
voyage,24,0.027002
lardner,24,0.027002
bravery,23,0.025877
knowest,23,0.025877
speaker,23,0.025877
correspondence,23,0.025877
note,23,0.025877
news,23,0.025877
dryden,23,0.025877
mayst,23,0.025877
window,23,0.025877
glory,23,0.025877
advantage,23,0.025877
genius,23,0.025877
praise,23,0.025877
everybody,23,0.025877
reputation,23,0.025877
robin,23,0.025877
invention,23,0.025877
lot,23,0.025877
taste,22,0.024752
companion,22,0.024752
injury,22,0.024752
obligation,22,0.024752
acquaintance,22,0.024752
alexander,22,0.024752
habit,22,0.024752
readier,22,0.024752
uneasiness,22,0.024752
constitution,22,0.024752
prosecution,22,0.024752
bible,22,0.024752
fat,22,0.024752
triton,22,0.024752
calista,22,0.024752
expedient,21,0.023627
assurance,21,0.023627
humility,21,0.023627
service,21,0.023627
feast,21,0.023627
freedom,21,0.023627
peace,21,0.023627
authority,21,0.023627
future,21,0.023627
history,21,0.023627
florence,21,0.023627
be,21,0.023627
innocence,21,0.023627
providence,20,0.022501
indignation,20,0.022501
grace,20,0.022501
scene,20,0.022501
talent,20,0.022501
pardon,20,0.022501
event,20,0.022501
countess,20,0.022501
vixen,20,0.022501
bosom,20,0.022501
sight,20,0.022501
sufferer,20,0.022501
regret,20,0.022501
approbation,20,0.022501
reverence,20,0.022501
provocation,20,0.022501
habitation,20,0.022501
army,20,0.022501
fool,20,0.022501
race,20,0.022501
creditor,20,0.022501
apprehension,20,0.022501
meaning,20,0.022501
reasoning,20,0.022501
charity,20,0.022501
may,20,0.022501
june,20,0.022501
affection,20,0.022501
likelihood,20,0.022501
guinea,19,0.021376
mourning,19,0.021376
felicity,19,0.021376
complaisance,19,0.021376
pang,19,0.021376
foot,19,0.021376
williams,19,0.021376
wisdom,19,0.021376
dozen,19,0.021376
purity,19,0.021376
murderer,19,0.021376
our,19,0.021376
charge,19,0.021376
ti,19,0.021376
church,19,0.021376
island,19,0.021376
report,19,0.021376
deed,19,0.021376
underwritten,19,0.021376
bishop,19,0.021376
kindness,19,0.021376
awe,19,0.021376
asseveration,19,0.021376
paroxysm,19,0.021376
vengeance,18,0.020251
direction,18,0.020251
regard,18,0.020251
prospect,18,0.020251
bride,18,0.020251
hast,18,0.020251
message,18,0.020251
object,18,0.020251
ceremony,18,0.020251
compliment,18,0.020251
yesterday,18,0.020251
difficulty,18,0.020251
handkerchief,18,0.020251
change,18,0.020251
adversary,18,0.020251
mayest,18,0.020251
oath,18,0.020251
month,18,0.020251
matt,18,0.020251
catalan,18,0.020251
warmth,18,0.020251
nation,18,0.020251
seat,18,0.020251
satisfaction,18,0.020251
melvill,18,0.020251
flight,18,0.020251
receipt,18,0.020251
illness,18,0.020251
beelzebub,18,0.020251
east,18,0.020251
india,18,0.020251
traffick,18,0.020251
lovell,18,0.020251
equipp,18,0.020251
work,17,0.019126
college,17,0.019126
weakness,17,0.019126
jealousy,17,0.019126
piece,17,0.019126
plea,17,0.019126
determin,17,0.019126
asham,17,0.019126
dress,17,0.019126
money,17,0.019126
living,17,0.019126
happiness,17,0.019126
curiosity,17,0.019126
besought,17,0.019126
promise,17,0.019126
tongue,17,0.019126
archibald,17,0.019126
hutcheson,17,0.019126
faculty,17,0.019126
leeson,17,0.019126
displeasure,17,0.019126
hypocrite,17,0.019126
errand,17,0.019126
intimate,17,0.019126
unworthy,17,0.019126
quickness,17,0.019126
josephus,17,0.019126
tormentor,17,0.019126
key,16,0.018001
morning,16,0.018001
tyrant,16,0.018001
roscommon,16,0.018001
continuance,16,0.018001
fund,16,0.018001
better,16,0.018001
anatomist,16,0.018001
mediation,16,0.018001
memory,16,0.018001
neighbour,16,0.018001
chariot,16,0.018001
principal,16,0.018001
want,16,0.018001
number,16,0.018001
society,16,0.018001
imagination,16,0.018001
excess,16,0.018001
spider,16,0.018001
beast,16,0.018001
informant,16,0.018001
rich,16,0.018001
confidence,16,0.018001
shot,16,0.018001
disappointment,16,0.018001
fin,16,0.018001
consequence,16,0.018001
la,16,0.018001
tour,16,0.018001
legacy,16,0.018001
incumbrance,16,0.018001
misunderstanding,16,0.018001
observation,16,0.018001
cleaver,16,0.018001
campion,16,0.018001
making,16,0.018001
hickma,16,0.018001
sadleir,15,0.016876
harman,15,0.016876
maiden,15,0.016876
danger,15,0.016876
degree,15,0.016876
sentiment,15,0.016876
exclamation,15,0.016876
expostulation,15,0.016876
mightest,15,0.016876
um,15,0.016876
motive,15,0.016876
countenance,15,0.016876
allegory,15,0.016876
intention,15,0.016876
inducement,15,0.016876
inn,15,0.016876
satan,15,0.016876
doubt,15,0.016876
penitent,15,0.016876
anger,15,0.016876
rogue,15,0.016876
symmes,15,0.016876
folly,15,0.016876
surprize,15,0.016876
value,15,0.016876
shouldst,15,0.016876
encouragement,15,0.016876
judith,15,0.016876
infirmity,15,0.016876
traveller,14,0.015751
wrong,14,0.015751
king,14,0.015751
bounty,14,0.015751
submission,14,0.015751
vow,14,0.015751
particular,14,0.015751
trustee,14,0.015751
fortress,14,0.015751
fain,14,0.015751
accent,14,0.015751
street,14,0.015751
string,14,0.015751
peggy,14,0.015751
distance,14,0.015751
surplice,14,0.015751
halcyon,14,0.015751
bed,14,0.015751
humanity,14,0.015751
distinction,14,0.015751
decency,14,0.015751
reformation,14,0.015751
gentleness,14,0.015751
partner,14,0.015751
dignity,14,0.015751
ms,14,0.015751
low,14,0.015751
marquis,14,0.015751
course,14,0.015751
weight,14,0.015751
drawer,14,0.015751
breathing,14,0.015751
success,14,0.015751
bachelor,14,0.015751
excellency,14,0.015751
fine,14,0.015751
london,14,0.015751
capital,14,0.015751
length,14,0.015751
shame,14,0.015751
advocate,14,0.015751
glow,14,0.015751
mullins,14,0.015751
unawares,13,0.014626
minute,13,0.014626
finger,13,0.014626
politeness,13,0.014626
issue,13,0.014626
saint,13,0.014626
round,13,0.014626
composure,13,0.014626
prisoner,13,0.014626
chamber,13,0.014626
scandal,13,0.014626
readiness,13,0.014626
chair,13,0.014626
pity,13,0.014626
impertinent,13,0.014626
saucy,13,0.014626
grime,13,0.014626
member,13,0.014626
patience,13,0.014626
hertfordshire,13,0.014626
description,13,0.014626
bailiff,13,0.014626
trunk,13,0.014626
assiduity,13,0.014626
remembrance,13,0.014626
what,13,0.014626
hamstead,13,0.014626
sketch,13,0.014626
use,13,0.014626
brixen,13,0.014626
difference,13,0.014626
oh,13,0.014626
vein,13,0.014626
jar,13,0.014626
thursday,13,0.014626
refusal,13,0.014626
volume,13,0.014626
mercury,13,0.014626
club,13,0.014626
lion,13,0.014626
teazer,13,0.014626
term,12,0.013501
rashness,12,0.013501
project,12,0.013501
passage,12,0.013501
trick,12,0.013501
conference,12,0.013501
intimacy,12,0.013501
debt,12,0.013501
pert,12,0.013501
humour,12,0.013501
smile,12,0.013501
star,12,0.013501
margaret,12,0.013501
disposition,12,0.013501
pretension,12,0.013501
simon,12,0.013501
commission,12,0.013501
communication,12,0.013501
interview,12,0.013501
whose,12,0.013501
rinaldo,12,0.013501
muscle,12,0.013501
charm,12,0.013501
customer,12,0.013501
compassion,12,0.013501
labour,12,0.013501
nobleman,12,0.013501
journey,12,0.013501
wednesday,12,0.013501
phaeton,12,0.013501
domestic,12,0.013501
fact,12,0.013501
suppliant,12,0.013501
earnestness,12,0.013501
bribe,12,0.013501
old,12,0.013501
novel,12,0.013501
draught,12,0.013501
stept,12,0.013501
simpleton,12,0.013501
corpse,12,0.013501
calumny,12,0.013501
gift,12,0.013501
sleeve,12,0.013501
observest,12,0.013501
remnant,11,0.012376
discretion,11,0.012376
thy,11,0.012376
dejection,11,0.012376
tradesman,11,0.012376
st,11,0.012376
maker,11,0.012376
share,11,0.012376
housekeeper,11,0.012376
lane,11,0.012376
descendent,11,0.012376
ardor,11,0.012376
innkeeper,11,0.012376
officer,11,0.012376
form,11,0.012376
protector,11,0.012376
conveyance,11,0.012376
recollection,11,0.012376
begone,11,0.012376
skill,11,0.012376
why,11,0.012376
coach,11,0.012376
footman,11,0.012376
general,11,0.012376
farley,11,0.012376
top,11,0.012376
preparation,11,0.012376
denial,11,0.012376
sunday,11,0.012376
fancy,11,0.012376
barnet,11,0.012376
could,11,0.012376
reserve,11,0.012376
besough,11,0.012376
implement,11,0.012376
suspect,11,0.012376
mortal,10,0.011251
coward,10,0.011251
pretence,10,0.011251
preference,10,0.011251
kingdom,10,0.011251
envy,10,0.011251
branch,10,0.011251
inattention,10,0.011251
week,10,0.011251
rate,10,0.011251
faintness,10,0.011251
faithful,10,0.011251
solomon,10,0.011251
repository,10,0.011251
gang,10,0.011251
truth,10,0.011251
religion,10,0.011251
bard,10,0.011251
height,10,0.011251
management,10,0.011251
consolation,10,0.011251
stage,10,0.011251
trust,10,0.011251
station,10,0.011251
neighbourhood,10,0.011251
novelty,10,0.011251
importunity,10,0.011251
oftener,10,0.011251
ease,10,0.011251
affectation,10,0.011251
bird,10,0.011251
jest,10,0.011251
ardour,10,0.011251
childhood,10,0.011251
usage,10,0.011251
plan,10,0.011251
aversion,10,0.011251
wedlock,10,0.011251
sarmatians,10,0.011251
hinge,10,0.011251
moral,10,0.011251
insult,10,0.011251
foe,10,0.011251
miser,10,0.011251
phrase,10,0.011251
monarch,10,0.011251
fit,10,0.011251
breaker,10,0.011251
judge,10,0.011251
indulgence,10,0.011251
employment,10,0.011251
valuable,10,0.011251
de,10,0.011251
vigilance,10,0.011251
inveteracy,10,0.011251
reptile,10,0.011251
kneeler,10,0.011251
victor,10,0.011251
intellect,10,0.011251
gratitude,10,0.011251
wh,10,0.011251
prescription,10,0.011251
cowley,10,0.011251
sweden,10,0.011251
czar,10,0.011251
absence,10,0.011251
repentance,10,0.011251
offence,10,0.011251
modern,10,0.011251
athenian,10,0.011251
medicine,10,0.011251
trader,10,0.011251
rivalry,10,0.011251
herse,10,0.011251
strain,10,0.011251
spy,10,0.011251
sambre,10,0.011251
byron,10,0.011251
herd,10,0.011251
inclin,10,0.011251
sportiveness,10,0.011251
outrage,10,0.011251
fondness,10,0.011251
livery,10,0.011251
seest,9,0.010126
contrary,9,0.010126
sword,9,0.010126
christian,9,0.010126
boreas,9,0.010126
anniversary,9,0.010126
burning,9,0.010126
disguise,9,0.010126
bud,9,0.010126
cruelty,9,0.010126
perseverance,9,0.010126
plate,9,0.010126
expectation,9,0.010126
lawyer,9,0.010126
george,9,0.010126
colmar,9,0.010126
crow,9,0.010126
quill,9,0.010126
damn,9,0.010126
rank,9,0.010126
hodges,9,0.010126
notice,9,0.010126
call,9,0.010126
yo,9,0.010126
mouth,9,0.010126
seemest,9,0.010126
carter,9,0.010126
impatience,9,0.010126
conquest,9,0.010126
liveliness,9,0.010126
destiny,9,0.010126
conqueror,9,0.010126
subduer,9,0.010126
sacrifice,9,0.010126
practice,9,0.010126
frank,9,0.010126
openheart,9,0.010126
and,9,0.010126
landlady,9,0.010126
ingenuity,9,0.010126
vivacity,9,0.010126
jenny,9,0.010126
fynnett,9,0.010126
courage,9,0.010126
device,9,0.010126
ruffle,9,0.010126
quire,9,0.010126
stopp,9,0.010126
sovereign,9,0.010126
fugitive,9,0.010126
impertinence,9,0.010126
scruple,9,0.010126
presumption,9,0.010126
plot,9,0.010126
application,9,0.010126
acquisition,9,0.010126
first,9,0.010126
qualification,9,0.010126
roman,9,0.010126
peter,9,0.010126
meekness,9,0.010126
cloth,9,0.010126
ability,9,0.010126
andrew,9,0.010126
warrant,9,0.010126
divine,9,0.010126
foxhunter,9,0.010126
manifold,9,0.010126
ceiling,9,0.010126
capt,9,0.010126
honesty,9,0.010126
working,9,0.010126
daintiness,9,0.010126
punishers,9,0.010126
drowning,8,0.009001
censure,8,0.009001
wish,8,0.009001
antipathy,8,0.009001
superior,8,0.009001
intimation,8,0.009001
walk,8,0.009001
condescension,8,0.009001
base,8,0.009001
post,8,0.009001
aspect,8,0.009001
punctilio,8,0.009001
opposition,8,0.009001
criticism,8,0.009001
solemnity,8,0.009001
witness,8,0.009001
threatenings,8,0.009001
accuser,8,0.009001
placability,8,0.009001
comfort,8,0.009001
wickedness,8,0.009001
honest,8,0.009001
common,8,0.009001
hostler,8,0.009001
stratagem,8,0.009001
feature,8,0.009001
period,8,0.009001
parlour,8,0.009001
admiration,8,0.009001
obstinacy,8,0.009001
contradiction,8,0.009001
imputation,8,0.009001
knight,8,0.009001
garret,8,0.009001
sport,8,0.009001
exception,8,0.009001
plague,8,0.009001
rent,8,0.009001
averr,8,0.009001
dispensation,8,0.009001
independence,8,0.009001
learning,8,0.009001
protection,8,0.009001
parish,8,0.009001
quarrel,8,0.009001
tribe,8,0.009001
vil,8,0.009001
stinginess,8,0.009001
incident,8,0.009001
deviation,8,0.009001
poetical,8,0.009001
religious,8,0.009001
commiseration,8,0.009001
romance,8,0.009001
malediction,8,0.009001
hero,8,0.009001
designest,8,0.009001
fraternity,8,0.009001
client,8,0.009001
astonishment,8,0.009001
pollard,8,0.009001
anguish,8,0.009001
waterman,8,0.009001
fabulist,8,0.009001
cough,8,0.009001
receptacle,8,0.009001
u,8,0.009001
dagger,8,0.009001
chief,8,0.009001
velvet,8,0.009001
morrison,8,0.009001
hussey,8,0.009001
indisposition,8,0.009001
resolv,8,0.009001
beam,8,0.009001
thump,8,0.009001
instigation,8,0.009001
fusty,8,0.009001
vermin,8,0.009001
memoranda,8,0.009001
duce,7,0.007876
doctrine,7,0.007876
italy,7,0.007876
fie,7,0.007876
guide,7,0.007876
sensibility,7,0.007876
stream,7,0.007876
expression,7,0.007876
em,7,0.007876
david,7,0.007876
ty,7,0.007876
offender,7,0.007876
inspirer,7,0.007876
respectful,7,0.007876
invective,7,0.007876
hall,7,0.007876
ear,7,0.007876
foundation,7,0.007876
dream,7,0.007876
laugh,7,0.007876
enterprize,7,0.007876
necessity,7,0.007876
whole,7,0.007876
sailor,7,0.007876
implication,7,0.007876
evening,7,0.007876
colour,7,0.007876
sffragans,7,0.007876
english,7,0.007876
petitioner,7,0.007876
worth,7,0.007876
suspicion,7,0.007876
rule,7,0.007876
home,7,0.007876
bill,7,0.007876
weather,7,0.007876
indiscretion,7,0.007876
intrigue,7,0.007876
dependence,7,0.007876
larkin,7,0.007876
consciousness,7,0.007876
packet,7,0.007876
instruction,7,0.007876
idea,7,0.007876
support,7,0.007876
lace,7,0.007876
rebel,7,0.007876
claim,7,0.007876
intelligencer,7,0.007876
imposture,7,0.007876
sh,7,0.007876
taint,7,0.007876
favourite,7,0.007876
speech,7,0.007876
scorn,7,0.007876
daniel,7,0.007876
dissenter,7,0.007876
fair,7,0.007876
their,7,0.007876
yard,7,0.007876
elizabeth,7,0.007876
recovery,7,0.007876
contention,7,0.007876
machination,7,0.007876
termagant,7,0.007876
imagin,7,0.007876
besides,7,0.007876
frame,7,0.007876
oughtest,7,0.007876
dispatch,7,0.007876
heiress,7,0.007876
sullener,7,0.007876
morality,7,0.007876
dame,7,0.007876
un,7,0.007876
retir,7,0.007876
abhorrence,7,0.007876
breath,7,0.007876
rejection,7,0.007876
ad,7,0.007876
passiveness,7,0.007876
inclosed,7,0.007876
demerit,7,0.007876
defence,7,0.007876
mankind,7,0.007876
workwoman,7,0.007876
narrative,7,0.007876
jury,7,0.007876
matron,7,0.007876
iniquity,7,0.007876
vol,7,0.007876
contriving,7,0.007876
unforgiveness,6,0.00675
tutor,6,0.00675
breast,6,0.00675
usedst,6,0.00675
abandon,6,0.00675
deceiver,6,0.00675
silence,6,0.00675
diffidence,6,0.00675
sweetness,6,0.00675
distraction,6,0.00675
invitation,6,0.00675
pocock,6,0.00675
dea,6,0.00675
grandeur,6,0.00675
matrimony,6,0.00675
dst,6,0.00675
ruddy,6,0.00675
anybody,6,0.00675
ship,6,0.00675
trembling,6,0.00675
nd,6,0.00675
scot,6,0.00675
test,6,0.00675
weariest,6,0.00675
disease,6,0.00675
menace,6,0.00675
ay,6,0.00675
thief,6,0.00675
title,6,0.00675
sin,6,0.00675
grave,6,0.00675
lincoln,6,0.00675
bottle,6,0.00675
keeper,6,0.00675
second,6,0.00675
penitence,6,0.00675
complexion,6,0.00675
gout,6,0.00675
oil,6,0.00675
chin,6,0.00675
bone,6,0.00675
declaration,6,0.00675
supererogatories,6,0.00675
trifle,6,0.00675
litter,6,0.00675
glare,6,0.00675
gallantry,6,0.00675
fish,6,0.00675
chearfulness,6,0.00675
safety,6,0.00675
incroacher,6,0.00675
bloom,6,0.00675
vapourishness,6,0.00675
linen,6,0.00675
civility,6,0.00675
escape,6,0.00675
picture,6,0.00675
patient,6,0.00675
individual,6,0.00675
daemon,6,0.00675
compulsion,6,0.00675
batchelor,6,0.00675
affluent,6,0.00675
barbarity,6,0.00675
immorality,6,0.00675
obedience,6,0.00675
spark,6,0.00675
party,6,0.00675
wrestler,6,0.00675
shock,6,0.00675
shew,6,0.00675
piercing,6,0.00675
glance,6,0.00675
trvels,6,0.00675
augur,6,0.00675
white,6,0.00675
exhale,6,0.00675
perjury,6,0.00675
snare,6,0.00675
fist,6,0.00675
jemmy,6,0.00675
pavement,6,0.00675
injurer,6,0.00675
thorn,6,0.00675
baseness,6,0.00675
insolence,6,0.00675
standing,6,0.00675
premise,6,0.00675
transcriber,6,0.00675
lameness,6,0.00675
mention,6,0.00675
fainting,6,0.00675
gathering,6,0.00675
morn,6,0.00675
perfection,6,0.00675
slough,6,0.00675
travers,6,0.00675
rankling,6,0.00675
extract,6,0.00675
how,6,0.00675
preacher,6,0.00675
virgin,6,0.00675
wright,6,0.00675
both,6,0.00675
noise,6,0.00675
warning,6,0.00675
stile,6,0.00675
artillery,6,0.00675
colony,6,0.00675
virulence,6,0.00675
hat,6,0.00675
ask,6,0.00675
licence,6,0.00675
estrangement,6,0.00675
turk,6,0.00675
cookmaid,6,0.00675
set,6,0.00675
million,6,0.00675
io,6,0.00675
contriver,6,0.00675
faith,6,0.00675
universi,6,0.00675
laudanum,6,0.00675
bldering,6,0.00675
descrtion,6,0.00675
remorseless,6,0.00675
exit,5,0.005625
repetition,5,0.005625
prerogative,5,0.005625
gratification,5,0.005625
metcalfe,5,0.005625
clock,5,0.005625
your,5,0.005625
breach,5,0.005625
superiority,5,0.005625
prosperity,5,0.005625
haughtiness,5,0.005625
levity,5,0.005625
profligate,5,0.005625
stay,5,0.005625
directress,5,0.005625
information,5,0.005625
parliament,5,0.005625
reception,5,0.005625
seducer,5,0.005625
clown,5,0.005625
ornament,5,0.005625
every,5,0.005625
wolf,5,0.005625
steward,5,0.005625
tenderness,5,0.005625
flesh,5,0.005625
worthiness,5,0.005625
check,5,0.005625
whitener,5,0.005625
blackener,5,0.005625
mantua,5,0.005625
birth,5,0.005625
walton,5,0.005625
suspense,5,0.005625
know,5,0.005625
earnest,5,0.005625
confession,5,0.005625
hater,5,0.005625
temptation,5,0.005625
paint,5,0.005625
rage,5,0.005625
french,5,0.005625
probability,5,0.005625
dishonour,5,0.005625
groundwork,5,0.005625
acquirement,5,0.005625
being,5,0.005625
enough,5,0.005625
everyone,5,0.005625
comer,5,0.005625
village,5,0.005625
confinement,5,0.005625
vigour,5,0.005625
function,5,0.005625
madrid,5,0.005625
meanest,5,0.005625
aspiration,5,0.005625
dealing,5,0.005625
objection,5,0.005625
defect,5,0.005625
reading,5,0.005625
restraint,5,0.005625
adage,5,0.005625
discovery,5,0.005625
knee,5,0.005625
play,5,0.005625
silk,5,0.005625
fall,5,0.005625
hate,5,0.005625
fortnight,5,0.005625
past,5,0.005625
language,5,0.005625
encourag,5,0.005625
sound,5,0.005625
esteem,5,0.005625
middle,5,0.005625
chimney,5,0.005625
woe,5,0.005625
preachment,5,0.005625
cromwell,5,0.005625
implacables,5,0.005625
despair,5,0.005625
understanding,5,0.005625
pattern,5,0.005625
knife,5,0.005625
fever,5,0.005625
fame,5,0.005625
scripture,5,0.005625
dragon,5,0.005625
serpent,5,0.005625
hold,5,0.005625
fashion,5,0.005625
convenience,5,0.005625
material,5,0.005625
all,5,0.005625
road,5,0.005625
expence,5,0.005625
toilette,5,0.005625
cabinet,5,0.005625
vilest,5,0.005625
horseback,5,0.005625
bribery,5,0.005625
corruption,5,0.005625
perdition,5,0.005625
inquiry,5,0.005625
horace,5,0.005625
now,5,0.005625
testator,5,0.005625
stone,5,0.005625
sot,5,0.005625
countermand,5,0.005625
amendment,5,0.005625
inconvenience,5,0.005625
fee,5,0.005625
potion,5,0.005625
catastrophe,5,0.005625
audience,5,0.005625
censurers,5,0.005625
liking,5,0.005625
forgiveness,5,0.005625
reply,5,0.005625
farmer,5,0.005625
thinking,5,0.005625
malady,5,0.005625
testatrix,5,0.005625
gradation,5,0.005625
purposing,5,0.005625
misrepresentation,5,0.005625
bantam,5,0.005625
pheasant,5,0.005625
diligence,5,0.005625
bank,5,0.005625
delay,5,0.005625
malice,5,0.005625
rise,5,0.005625
injunction,5,0.005625
lethargy,5,0.005625
kindred,5,0.005625
victory,5,0.005625
indifference,5,0.005625
monday,5,0.005625
fore,5,0.005625
endowment,5,0.005625
opening,5,0.005625
eulogy,5,0.005625
musty,5,0.005625
senator,5,0.005625
gown,5,0.005625
urgency,5,0.005625
dropt,5,0.005625
hound,5,0.005625
extremity,5,0.005625
balancing,5,0.005625
renew,5,0.005625
sixtus,5,0.005625
vth,5,0.005625
listener,5,0.005625
hare,5,0.005625
scare,5,0.005625
rawlinsi,5,0.005625
kennet,5,0.005625
cully,5,0.005625
nerve,5,0.005625
fibre,5,0.005625
houshold,5,0.005625
did,5,0.005625
severity,4,0.0045
juvenal,4,0.0045
dying,4,0.0045
wine,4,0.0045
miscreant,4,0.0045
proverb,4,0.0045
throat,4,0.0045
smuggler,4,0.0045
flatterer,4,0.0045
jupiter,4,0.0045
wood,4,0.0045
whining,4,0.0045
no,4,0.0045
sobb,4,0.0045
gloom,4,0.0045
crown,4,0.0045
box,4,0.0045
montagues,4,0.0045
influence,4,0.0045
paul,4,0.0045
controul,4,0.0045
margery,4,0.0045
dairy,4,0.0045
wind,4,0.0045
ape,4,0.0045
disparagement,4,0.0045
applause,4,0.0045
outcast,4,0.0045
aeneas,4,0.0045
dogma,4,0.0045
adieu,4,0.0045
quagmire,4,0.0045
such,4,0.0045
root,4,0.0045
nuptials,4,0.0045
brink,4,0.0045
visitor,4,0.0045
survivor,4,0.0045
ince,4,0.0045
field,4,0.0045
rose,4,0.0045
knightsbridge,4,0.0045
shews,4,0.0045
undriven,4,0.0045
thunderbolt,4,0.0045
leave,4,0.0045
space,4,0.0045
contrition,4,0.0045
oracle,4,0.0045
failure,4,0.0045
skin,4,0.0045
powder,4,0.0045
cartilage,4,0.0045
tomkins,4,0.0045
lise,4,0.0045
in,4,0.0045
guest,4,0.0045
charg,4,0.0045
reward,4,0.0045
jeweller,4,0.0045
perusal,4,0.0045
juster,4,0.0045
multitude,4,0.0045
troilus,4,0.0045
cressida,4,0.0045
ajax,4,0.0045
marquise,4,0.0045
complaint,4,0.0045
mahogany,4,0.0045
high,4,0.0045
intreaties,4,0.0045
unapprehensive,4,0.0045
antient,4,0.0045
hearing,4,0.0045
amusement,4,0.0045
roguery,4,0.0045
tyranness,4,0.0045
pound,4,0.0045
preservation,4,0.0045
solicitude,4,0.0045
appetite,4,0.0045
silver,4,0.0045
pus,4,0.0045
cheek,4,0.0045
landlord,4,0.0045
debate,4,0.0045
jewel,4,0.0045
fly,4,0.0045
strength,4,0.0045
struggle,4,0.0045
governor,4,0.0045
covetous,4,0.0045
addison,4,0.0045
hesitation,4,0.0045
tuesday,4,0.0045
fountain,4,0.0045
current,4,0.0045
implacableness,4,0.0045
disapprobation,4,0.0045
bod,4,0.0045
prepossession,4,0.0045
con,4,0.0045
payment,4,0.0045
jew,4,0.0045
citizen,4,0.0045
arrogance,4,0.0045
need,4,0.0045
stroke,4,0.0045
sparrow,4,0.0045
talk,4,0.0045
valet,4,0.0045
forehead,4,0.0045
strand,4,0.0045
sheriff,4,0.0045
brood,4,0.0045
appeal,4,0.0045
provision,4,0.0045
dorastus,4,0.0045
fauia,4,0.0045
vallens,4,0.0045
scratch,4,0.0045
humorousness,4,0.0045
exercise,4,0.0045
chearful,4,0.0045
tendency,4,0.0045
daring,4,0.0045
spinster,4,0.0045
demand,4,0.0045
plenty,4,0.0045
restriction,4,0.0045
worthier,4,0.0045
moiety,4,0.0045
affront,4,0.0045
resistance,4,0.0045
favourer,4,0.0045
thence,4,0.0045
bid,4,0.0045
heroicalness,4,0.0045
tidings,4,0.0045
particualr,4,0.0045
ristotle,4,0.0045
actor,4,0.0045
manager,4,0.0045
tamerlane,4,0.0045
arrival,4,0.0045
quinsey,4,0.0045
miracle,4,0.0045
homer,4,0.0045
proctor,4,0.0045
shoulder,4,0.0045
grocer,4,0.0045
damsel,4,0.0045
assistant,4,0.0045
outside,4,0.0045
forethought,4,0.0045
protestation,4,0.0045
inquirist,4,0.0045
ours,4,0.0045
confusion,4,0.0045
standish,4,0.0045
mistake,4,0.0045
disagreeableness,4,0.0045
inscription,4,0.0045
neither,4,0.0045
attemptedst,4,0.0045
intervention,4,0.0045
untruth,4,0.0045
capitulating,4,0.0045
substance,4,0.0045
confraternity,4,0.0045
heartedness,4,0.0045
fury,4,0.0045
boding,4,0.0045
teaze,4,0.0045
cherubims,4,0.0045
seraphims,4,0.0045
disdain,4,0.0045
whooting,4,0.0045
minerva,4,0.0045
woodhouse,4,0.0045
policy,4,0.0045
inconveniencies,4,0.0045
dispraise,4,0.0045
dealer,4,0.0045
pin,4,0.0045
stock,4,0.0045
blood,4,0.0045
apprehends,4,0.0045
deplores,4,0.0045
thee,4,0.0045
infernal,4,0.0045
ingrateful,4,0.0045
persevereance,4,0.0045
yet,4,0.0045
gridiron,4,0.0045
profession,4,0.0045
duration,4,0.0045
requester,4,0.0045
run,4,0.0045
couldest,4,0.0045
property,4,0.0045
eater,4,0.0045
briar,4,0.0045
terence,4,0.0045
womanhood,4,0.0045
hushand,4,0.0045
toy,4,0.0045
hobby,4,0.0045
gingerbread,4,0.0045
paragon,4,0.0045
dance,4,0.0045
nic,4,0.0045
franticly,4,0.0045
flank,4,0.0045
cupid,4,0.0045
hampstead,4,0.0045
askest,4,0.0045
interposition,4,0.0045
greatness,3,0.003375
lenity,3,0.003375
divinity,3,0.003375
parcel,3,0.003375
virago,3,0.003375
exertion,3,0.003375
hill,3,0.003375
harden,3,0.003375
attribute,3,0.003375
dreamer,3,0.003375
imitation,3,0.003375
symptom,3,0.003375
fervor,3,0.003375
tyranny,3,0.003375
paragraph,3,0.003375
prejudice,3,0.003375
croud,3,0.003375
alston,3,0.003375
heath,3,0.003375
re,3,0.003375
steadiness,3,0.003375
capitulation,3,0.003375
pandora,3,0.003375
attention,3,0.003375
equipage,3,0.003375
rachel,3,0.003375
clark,3,0.003375
think,3,0.003375
departure,3,0.003375
stopt,3,0.003375
approach,3,0.003375
sting,3,0.003375
sorrow,3,0.003375
blossom,3,0.003375
earl,3,0.003375
duchess,3,0.003375
convocation,3,0.003375
disgust,3,0.003375
hither,3,0.003375
hap,3,0.003375
rosebud,3,0.003375
crew,3,0.003375
prostration,3,0.003375
zeal,3,0.003375
couldst,3,0.003375
moth,3,0.003375
whoever,3,0.003375
succession,3,0.003375
eckius,3,0.003375
critic,3,0.003375
antique,3,0.003375
outcry,3,0.003375
lewdness,3,0.003375
hardship,3,0.003375
frugality,3,0.003375
pacquet,3,0.003375
challenge,3,0.003375
barker,3,0.003375
surmizes,3,0.003375
descent,3,0.003375
dialoguings,3,0.003375
benefit,3,0.003375
ancestor,3,0.003375
congregation,3,0.003375
raillery,3,0.003375
receiver,3,0.003375
bequest,3,0.003375
commerce,3,0.003375
whe,3,0.003375
knot,3,0.003375
unforgivingness,3,0.003375
who,3,0.003375
seam,3,0.003375
blowz,3,0.003375
hair,3,0.003375
diver,3,0.003375
lead,3,0.003375
comb,3,0.003375
jet,3,0.003375
brindle,3,0.003375
groan,3,0.003375
miry,3,0.003375
revolution,3,0.003375
promoter,3,0.003375
impression,3,0.003375
censurer,3,0.003375
custom,3,0.003375
sheet,3,0.003375
nail,3,0.003375
leaden,3,0.003375
insensibility,3,0.003375
animosity,3,0.003375
acquiescence,3,0.003375
fowl,3,0.003375
venison,3,0.003375
decorum,3,0.003375
soldier,3,0.003375
mile,3,0.003375
these,3,0.003375
billet,3,0.003375
ice,3,0.003375
glass,3,0.003375
visiter,3,0.003375
dupe,3,0.003375
tie,3,0.003375
pursuit,3,0.003375
stealth,3,0.003375
thomas,3,0.003375
indelicate,3,0.003375
cypher,3,0.003375
suppose,3,0.003375
wand,3,0.003375
inconveniency,3,0.003375
blockhead,3,0.003375
violation,3,0.003375
bow,3,0.003375
opponent,3,0.003375
condescend,3,0.003375
watchfulness,3,0.003375
sleep,3,0.003375
darling,3,0.003375
attorney,3,0.003375
season,3,0.003375
welfare,3,0.003375
destin,3,0.003375
peruke,3,0.003375
orator,3,0.003375
clerk,3,0.003375
hurry,3,0.003375
sign,3,0.003375
lodger,3,0.003375
winter,3,0.003375
osgood,3,0.003375
train,3,0.003375
acknowlegement,3,0.003375
allowance,3,0.003375
fop,3,0.003375
forwardness,3,0.003375
admirer,3,0.003375
press,3,0.003375
splendor,3,0.003375
sensualist,3,0.003375
j,3,0.003375
entertainment,3,0.003375
dislike,3,0.003375
chapel,3,0.003375
contrive,3,0.003375
boundary,3,0.003375
oons,3,0.003375
owner,3,0.003375
edge,3,0.003375
stamp,3,0.003375
match,3,0.003375
mole,3,0.003375
lily,3,0.003375
snow,3,0.003375
apprehensiveness,3,0.003375
sanction,3,0.003375
inexperience,3,0.003375
cottage,3,0.003375
apology,3,0.003375
cover,3,0.003375
recoil,3,0.003375
variety,3,0.003375
supposition,3,0.003375
officious,3,0.003375
sincerity,3,0.003375
underwood,3,0.003375
stomach,3,0.003375
remainder,3,0.003375
cold,3,0.003375
malevolence,3,0.003375
parentage,3,0.003375
christ,3,0.003375
greeting,3,0.003375
plaint,3,0.003375
loth,3,0.003375
rave,3,0.003375
fright,3,0.003375
result,3,0.003375
parting,3,0.003375
slipt,3,0.003375
marrying,3,0.003375
hone,3,0.003375
start,3,0.003375
cavil,3,0.003375
covent,3,0.003375
josias,3,0.003375
brookland,3,0.003375
behav,3,0.003375
emotion,3,0.003375
ife,3,0.003375
flame,3,0.003375
inexpressibly,3,0.003375
drink,3,0.003375
doggesses,3,0.003375
tail,3,0.003375
abasement,3,0.003375
avowal,3,0.003375
tameness,3,0.003375
butt,3,0.003375
perkins,3,0.003375
do,3,0.003375
prize,3,0.003375
spring,3,0.003375
adorer,3,0.003375
blemish,3,0.003375
veteran,3,0.003375
sayst,3,0.003375
guardian,3,0.003375
courtship,3,0.003375
elbow,3,0.003375
spiritedness,3,0.003375
correction,3,0.003375
hanna,3,0.003375
mself,3,0.003375
feud,3,0.003375
tolling,3,0.003375
symbol,3,0.003375
lid,3,0.003375
magnanimity,3,0.003375
herbert,3,0.003375
mark,3,0.003375
close,3,0.003375
correspond,3,0.003375
finding,3,0.003375
englishman,3,0.003375
interrogatory,3,0.003375
ox,3,0.003375
unhappier,3,0.003375
prison,3,0.003375
spite,3,0.003375
stedman,3,0.003375
risques,3,0.003375
unpair,3,0.003375
obscurity,3,0.003375
narrowness,3,0.003375
winding,3,0.003375
parchment,3,0.003375
apron,3,0.003375
berkshire,3,0.003375
scence,3,0.003375
couch,3,0.003375
heroine,3,0.003375
ilyssus,3,0.003375
ow,3,0.003375
misconduct,3,0.003375
construction,3,0.003375
brook,3,0.003375
testimony,3,0.003375
brayings,3,0.003375
da,3,0.003375
dam,3,0.003375
waltham,3,0.003375
poverty,3,0.003375
233,3,0.003375
usurper,3,0.003375
doughty,3,0.003375
lancaster,3,0.003375
mortgagee,3,0.003375
mill,3,0.003375
fan,3,0.003375
altar,3,0.003375
hecatomb,3,0.003375
perpetration,3,0.003375
premeditation,3,0.003375
looker,3,0.003375
fib,3,0.003375
crush,3,0.003375
rebellion,3,0.003375
phrensy,3,0.003375
storm,3,0.003375
owl,3,0.003375
recourse,3,0.003375
ingross,3,0.003375
convulsion,3,0.003375
response,3,0.003375
mordens,3,0.003375
mystery,3,0.003375
sovereignty,3,0.003375
empress,3,0.003375
fiat,3,0.003375
aid,3,0.003375
burst,3,0.003375
softness,3,0.003375
improperly,3,0.003375
front,3,0.003375
casuist,3,0.003375
moralizer,3,0.003375
say,3,0.003375
gladness,3,0.003375
pertly,3,0.003375
purchaser,3,0.003375
millstone,3,0.003375
barbara,3,0.003375
sprightly,3,0.003375
scurvy,3,0.003375
determination,3,0.003375
library,2,0.00225
pop,2,0.00225
gun,2,0.00225
prescriber,2,0.00225
student,2,0.00225
execution,2,0.00225
enormity,2,0.00225
heat,2,0.00225
retinue,2,0.00225
perturbation,2,0.00225
kin,2,0.00225
undertaking,2,0.00225
excursion,2,0.00225
whic,2,0.00225
wor,2,0.00225
amen,2,0.00225
produce,2,0.00225
extravagancy,2,0.00225
apparel,2,0.00225
concession,2,0.00225
lowness,2,0.00225
darkness,2,0.00225
iron,2,0.00225
cost,2,0.00225
preparative,2,0.00225
engagement,2,0.00225
riding,2,0.00225
inmate,2,0.00225
dowager,2,0.00225
revellings,2,0.00225
song,2,0.00225
correspondent,2,0.00225
offerest,2,0.00225
proceeding,2,0.00225
precaution,2,0.00225
vagabond,2,0.00225
liquor,2,0.00225
carthage,2,0.00225
dido,2,0.00225
protestant,2,0.00225
saxon,2,0.00225
aukwardness,2,0.00225
congreve,2,0.00225
howling,2,0.00225
absurdity,2,0.00225
pedant,2,0.00225
penury,2,0.00225
detainest,2,0.00225
dining,2,0.00225
supplication,2,0.00225
comment,2,0.00225
westminster,2,0.00225
peerage,2,0.00225
indeed,2,0.00225
venerables,2,0.00225
plant,2,0.00225
monarque,2,0.00225
metamorphosis,2,0.00225
regularity,2,0.00225
nod,2,0.00225
path,2,0.00225
uncertainty,2,0.00225
eloquence,2,0.00225
reproach,2,0.00225
little,2,0.00225
antagonist,2,0.00225
clergy,2,0.00225
soothings,2,0.00225
inch,2,0.00225
fretten,2,0.00225
harmony,2,0.00225
instant,2,0.00225
impeccability,2,0.00225
rapture,2,0.00225
argumentation,2,0.00225
dishabille,2,0.00225
spectacle,2,0.00225
operation,2,0.00225
raving,2,0.00225
carelssnes,2,0.00225
albemarle,2,0.00225
repulse,2,0.00225
tate,2,0.00225
task,2,0.00225
monster,2,0.00225
robbing,2,0.00225
teeth,2,0.00225
interception,2,0.00225
addition,2,0.00225
zany,2,0.00225
anxiety,2,0.00225
jointure,2,0.00225
importance,2,0.00225
spira,2,0.00225
drexelius,2,0.00225
trooper,2,0.00225
forbearance,2,0.00225
zone,2,0.00225
frenc,2,0.00225
drew,2,0.00225
aim,2,0.00225
heavy,2,0.00225
hitherto,2,0.00225
quarter,2,0.00225
qualifier,2,0.00225
duplicate,2,0.00225
mortify,2,0.00225
saturday,2,0.00225
war,2,0.00225
reduction,2,0.00225
infidelity,2,0.00225
coin,2,0.00225
novogrod,2,0.00225
russia,2,0.00225
city,2,0.00225
sarmatia,2,0.00225
hen,2,0.00225
wound,2,0.00225
slighting,2,0.00225
compromise,2,0.00225
vultur,2,0.00225
dialogue,2,0.00225
healthier,2,0.00225
increase,2,0.00225
mo,2,0.00225
ey,2,0.00225
tenor,2,0.00225
sigh,2,0.00225
ruin,2,0.00225
sweet,2,0.00225
ro,2,0.00225
vindication,2,0.00225
latter,2,0.00225
elevation,2,0.00225
shirt,2,0.00225
waistcoat,2,0.00225
travel,2,0.00225
mirth,2,0.00225
indictment,2,0.00225
rape,2,0.00225
chivalry,2,0.00225
injoin,2,0.00225
proclamation,2,0.00225
sighing,2,0.00225
stockens,2,0.00225
leg,2,0.00225
gravity,2,0.00225
albans,2,0.00225
possession,2,0.00225
surpriz,2,0.00225
escutcheon,2,0.00225
epispastics,2,0.00225
help,2,0.00225
beau,2,0.00225
boldness,2,0.00225
nobleness,2,0.00225
display,2,0.00225
partiality,2,0.00225
oeconomist,2,0.00225
solicitation,2,0.00225
littleness,2,0.00225
mourner,2,0.00225
discourse,2,0.00225
seekest,2,0.00225
exaltation,2,0.00225
bridge,2,0.00225
breakfast,2,0.00225
patsey,2,0.00225
union,2,0.00225
monger,2,0.00225
table,2,0.00225
confound,2,0.00225
diamond,2,0.00225
ring,2,0.00225
price,2,0.00225
vehicle,2,0.00225
stroak,2,0.00225
vestal,2,0.00225
grudge,2,0.00225
image,2,0.00225
launch,2,0.00225
hah,2,0.00225
emperor,2,0.00225
rear,2,0.00225
puppy,2,0.00225
watch,2,0.00225
mate,2,0.00225
chagrin,2,0.00225
frost,2,0.00225
steel,2,0.00225
richness,2,0.00225
nag,2,0.00225
eagle,2,0.00225
shower,2,0.00225
wig,2,0.00225
damnation,2,0.00225
epsom,2,0.00225
liftless,2,0.00225
spiritless,2,0.00225
comfortings,2,0.00225
thine,2,0.00225
fix,2,0.00225
nineteen,2,0.00225
infection,2,0.00225
saith,2,0.00225
sens,2,0.00225
comparison,2,0.00225
monkey,2,0.00225
reversion,2,0.00225
unbar,2,0.00225
propriety,2,0.00225
sufficiency,2,0.00225
bryars,2,0.00225
transaction,2,0.00225
belief,2,0.00225
blush,2,0.00225
downeton,2,0.00225
drayton,2,0.00225
suspence,2,0.00225
bath,2,0.00225
barbarian,2,0.00225
challeng,2,0.00225
concert,2,0.00225
let,2,0.00225
farce,2,0.00225
ackland,2,0.00225
derham,2,0.00225
captive,2,0.00225
prancer,2,0.00225
varletesses,2,0.00225
snail,2,0.00225
blford,2,0.00225
proviso,2,0.00225
representative,2,0.00225
assistance,2,0.00225
lock,2,0.00225
next,2,0.00225
date,2,0.00225
shooting,2,0.00225
farewel,2,0.00225
nonsense,2,0.00225
shouldest,2,0.00225
parade,2,0.00225
alternative,2,0.00225
stooping,2,0.00225
willingness,2,0.00225
friday,2,0.00225
chain,2,0.00225
akes,2,0.00225
unmindful,2,0.00225
crest,2,0.00225
conviction,2,0.00225
th,2,0.00225
polygamy,2,0.00225
syria,2,0.00225
translator,2,0.00225
ending,2,0.00225
fortitude,2,0.00225
augustan,2,0.00225
enrage,2,0.00225
starting,2,0.00225
moneses,2,0.00225
aspasia,2,0.00225
ulysses,2,0.00225
phaedra,2,0.00225
hippolytus,2,0.00225
clytemnestra,2,0.00225
orestes,2,0.00225
aeschylus,2,0.00225
altercation,2,0.00225
abode,2,0.00225
forgivenness,2,0.00225
gullet,2,0.00225
persuasion,2,0.00225
harasses,2,0.00225
spot,2,0.00225
frowardness,2,0.00225
destruction,2,0.00225
faintings,2,0.00225
timorous,2,0.00225
needest,2,0.00225
nich,2,0.00225
filler,2,0.00225
joint,2,0.00225
stool,2,0.00225
bread,2,0.00225
trade,2,0.00225
portugal,2,0.00225
cossack,2,0.00225
pultowa,2,0.00225
harlot,2,0.00225
naughty,2,0.00225
repartee,2,0.00225
smartness,2,0.00225
ray,2,0.00225
dunce,2,0.00225
coa,2,0.00225
superscription,2,0.00225
misreporters,2,0.00225
bit,2,0.00225
chicken,2,0.00225
heel,2,0.00225
longs,2,0.00225
dove,2,0.00225
flash,2,0.00225
grandpapa,2,0.00225
comeliness,2,0.00225
correspondencies,2,0.00225
inside,2,0.00225
performance,2,0.00225
familiarity,2,0.00225
attachment,2,0.00225
bent,2,0.00225
mdam,2,0.00225
rising,2,0.00225
servantmaid,2,0.00225
young,2,0.00225
impulse,2,0.00225
lancet,2,0.00225
ignoble,2,0.00225
supper,2,0.00225
whisper,2,0.00225
lucretia,2,0.00225
easiness,2,0.00225
definition,2,0.00225
full,2,0.00225
scrape,2,0.00225
shape,2,0.00225
arrow,2,0.00225
devilson,2,0.00225
single,2,0.00225
inferior,2,0.00225
ce,2,0.00225
bob,2,0.00225
abjectness,2,0.00225
meditation,2,0.00225
porter,2,0.00225
delirium,2,0.00225
edict,2,0.00225
probation,2,0.00225
possibility,2,0.00225
impostor,2,0.00225
pierglasses,2,0.00225
tremor,2,0.00225
solicitor,2,0.00225
preconcert,2,0.00225
livelihood,2,0.00225
willers,2,0.00225
seeme,2,0.00225
bettythe,2,0.00225
wantest,2,0.00225
diversion,2,0.00225
nobler,2,0.00225
atchievements,2,0.00225
knollys,2,0.00225
misconception,2,0.00225
unfelt,2,0.00225
sleeper,2,0.00225
widen,2,0.00225
bar,2,0.00225
acknowlegements,2,0.00225
recapitulation,2,0.00225
latin,2,0.00225
classic,2,0.00225
corner,2,0.00225
flutter,2,0.00225
designer,2,0.00225
wing,2,0.00225
neck,2,0.00225
censorious,2,0.00225
if,2,0.00225
beginning,2,0.00225
persuadableness,2,0.00225
university,2,0.00225
attendant,2,0.00225
physic,2,0.00225
weed,2,0.00225
puzzle,2,0.00225
sinner,2,0.00225
fuller,2,0.00225
allinson,2,0.00225
prodigy,2,0.00225
shade,2,0.00225
athens,2,0.00225
mist,2,0.00225
ould,2,0.00225
caution,2,0.00225
hoop,2,0.00225
attainment,2,0.00225
push,2,0.00225
sat,2,0.00225
surname,2,0.00225
sullenness,2,0.00225
unkindness,2,0.00225
subscription,2,0.00225
south,2,0.00225
sea,2,0.00225
wink,2,0.00225
rebuff,2,0.00225
unconcern,2,0.00225
wantonness,2,0.00225
bettycoming,2,0.00225
vex,2,0.00225
censoriousness,2,0.00225
it,2,0.00225
uniform,2,0.00225
flutterer,2,0.00225
throne,2,0.00225
descendant,2,0.00225
insolents,2,0.00225
firm,2,0.00225
abhor,2,0.00225
infant,2,0.00225
hunting,2,0.00225
livest,2,0.00225
gayer,2,0.00225
vir,2,0.00225
heirship,2,0.00225
summons,2,0.00225
intreats,2,0.00225
satirist,2,0.00225
impudence,2,0.00225
alteration,2,0.00225
coat,2,0.00225
robings,2,0.00225
facing,2,0.00225
condemnation,2,0.00225
shriek,2,0.00225
package,2,0.00225
begg,2,0.00225
questioner,2,0.00225
recess,2,0.00225
besure,2,0.00225
defiance,2,0.00225
duel,2,0.00225
esquire,2,0.00225
public,2,0.00225
foresight,2,0.00225
shuld,2,0.00225
tethe,2,0.00225
shee,2,0.00225
pragmatical,2,0.00225
despights,2,0.00225
craving,2,0.00225
exhortation,2,0.00225
hell,2,0.00225
intermeddling,2,0.00225
nomination,2,0.00225
herod,2,0.00225
posse,2,0.00225
needle,2,0.00225
flow,2,0.00225
rectitude,2,0.00225
aggressor,2,0.00225
victim,2,0.00225
twenty,2,0.00225
ah,2,0.00225
refuge,2,0.00225
pursuer,2,0.00225
forgery,2,0.00225
subornation,2,0.00225
needlework,2,0.00225
stamping,2,0.00225
preferment,2,0.00225
unfit,2,0.00225
overture,2,0.00225
assumption,2,0.00225
recriminating,2,0.00225
playford,2,0.00225
primm,2,0.00225
couple,2,0.00225
fold,2,0.00225
july,2,0.00225
pleasanter,2,0.00225
unexceptionable,2,0.00225
ambition,2,0.00225
security,2,0.00225
mien,2,0.00225
aukward,2,0.00225
conveniency,2,0.00225
sip,2,0.00225
ancle,2,0.00225
slip,2,0.00225
amiens,2,0.00225
undutifulness,2,0.00225
inconsiderates,2,0.00225
welby,2,0.00225
infancy,2,0.00225
abstractedness,2,0.00225
option,2,0.00225
mob,2,0.00225
twere,2,0.00225
representation,2,0.00225
benignity,2,0.00225
knoweth,2,0.00225
blunt,2,0.00225
johanetta,2,0.00225
talon,2,0.00225
ravisher,2,0.00225
plication,2,0.00225
spoiler,2,0.00225
behalf,2,0.00225
narration,2,0.00225
destroyer,2,0.00225
miscellany,1,0.001125
practise,1,0.001125
nick,1,0.001125
deer,1,0.001125
shaft,1,0.001125
manhood,1,0.001125
misery,1,0.001125
injur,1,0.001125
neglect,1,0.001125
despondency,1,0.001125
efficacy,1,0.001125
drowsiness,1,0.001125
contemplation,1,0.001125
echo,1,0.001125
leaving,1,0.001125
thinker,1,0.001125
left,1,0.001125
stuff,1,0.001125
adroitness,1,0.001125
beech,1,0.001125
attack,1,0.001125
slighter,1,0.001125
would,1,0.001125
fiend,1,0.001125
converse,1,0.001125
reference,1,0.001125
forsooth,1,0.001125
obligingness,1,0.001125
archness,1,0.001125
ha,1,0.001125
bushel,1,0.001125
consistency,1,0.001125
siding,1,0.001125
bowel,1,0.001125
reconciliatory,1,0.001125
sedateness,1,0.001125
repining,1,0.001125
sorrowings,1,0.001125
murder,1,0.001125
frown,1,0.001125
equanimity,1,0.001125
worship,1,0.001125
passenger,1,0.001125
lilburne,1,0.001125
officiousness,1,0.001125
find,1,0.001125
sob,1,0.001125
burial,1,0.001125
serenity,1,0.001125
fifty,1,0.001125
manor,1,0.001125
posture,1,0.001125
desir,1,0.001125
debit,1,0.001125
balance,1,0.001125
gypsey,1,0.001125
cork,1,0.001125
shuttlecock,1,0.001125
warehouse,1,0.001125
adulation,1,0.001125
frankness,1,0.001125
bugbear,1,0.001125
unfold,1,0.001125
naming,1,0.001125
reign,1,0.001125
enthusiast,1,0.001125
gospel,1,0.001125
sewer,1,0.001125
antiquity,1,0.001125
collegian,1,0.001125
job,1,0.001125
pomp,1,0.001125
dissertation,1,0.001125
imprisonment,1,0.001125
monkies,1,0.001125
belsord,1,0.001125
list,1,0.001125
rhetorician,1,0.001125
robbery,1,0.001125
extreme,1,0.001125
him,1,0.001125
constraint,1,0.001125
tabby,1,0.001125
diest,1,0.001125
consentest,1,0.001125
knock,1,0.001125
batchelors,1,0.001125
softening,1,0.001125
gratifying,1,0.001125
horsepond,1,0.001125
blue,1,0.001125
boar,1,0.001125
uncharitableness,1,0.001125
wall,1,0.001125
assent,1,0.001125
treatise,1,0.001125
peep,1,0.001125
tenter,1,0.001125
hook,1,0.001125
rack,1,0.001125
torture,1,0.001125
flaying,1,0.001125
style,1,0.001125
theory,1,0.001125
ft,1,0.001125
auditor,1,0.001125
womb,1,0.001125
particularity,1,0.001125
recommendation,1,0.001125
grove,1,0.001125
accomplice,1,0.001125
turning,1,0.001125
lexington,1,0.001125
elect,1,0.001125
empson,1,0.001125
aught,1,0.001125
savage,1,0.001125
dawn,1,0.001125
insomuch,1,0.001125
surpris,1,0.001125
scar,1,0.001125
ere,1,0.001125
casement,1,0.001125
companionship,1,0.001125
boat,1,0.001125
meal,1,0.001125
sate,1,0.001125
seesaw,1,0.001125
bruit,1,0.001125
tempter,1,0.001125
shun,1,0.001125
misbehaviour,1,0.001125
compeer,1,0.001125
slop,1,0.001125
garon,1,0.001125
effluvium,1,0.001125
carcass,1,0.001125
stench,1,0.001125
gaol,1,0.001125
mortification,1,0.001125
science,1,0.001125
bubbling,1,0.001125
intemperance,1,0.001125
delusion,1,0.001125
commandment,1,0.001125
imposition,1,0.001125
holiday,1,0.001125
watching,1,0.001125
arduousness,1,0.001125
misapprehension,1,0.001125
handmaid,1,0.001125
waller,1,0.001125
stake,1,0.001125
accomplishment,1,0.001125
threateners,1,0.001125
remedy,1,0.001125
chal,1,0.001125
chance,1,0.001125
teller,1,0.001125
believ,1,0.001125
inferiority,1,0.001125
solicitous,1,0.001125
yea,1,0.001125
oer,1,0.001125
prude,1,0.001125
valour,1,0.001125
highwayman,1,0.001125
doat,1,0.001125
matrimonialists,1,0.001125
affluence,1,0.001125
equivalent,1,0.001125
equality,1,0.001125
fencing,1,0.001125
hackney,1,0.001125
drum,1,0.001125
trumpet,1,0.001125
fife,1,0.001125
tabret,1,0.001125
chubby,1,0.001125
whelp,1,0.001125
midnight,1,0.001125
reparation,1,0.001125
nose,1,0.001125
offering,1,0.001125
pursuance,1,0.001125
preamble,1,0.001125
banker,1,0.001125
might,1,0.001125
bashfulness,1,0.001125
supposal,1,0.001125
levy,1,0.001125
goose,1,0.001125
loiter,1,0.001125
cravat,1,0.001125
cushion,1,0.001125
baronet,1,0.001125
corruptors,1,0.001125
battle,1,0.001125
hunch,1,0.001125
baboon,1,0.001125
adjuration,1,0.001125
ord,1,0.001125
cord,1,0.001125
sore,1,0.001125
poultry,1,0.001125
diggs,1,0.001125
rencounter,1,0.001125
unskilfulness,1,0.001125
topic,1,0.001125
diet,1,0.001125
deity,1,0.001125
hundred,1,0.001125
exotics,1,0.001125
cocker,1,0.001125
singer,1,0.001125
israel,1,0.001125
reformer,1,0.001125
imitator,1,0.001125
pitch,1,0.001125
desperation,1,0.001125
hemm,1,0.001125
partition,1,0.001125
sentence,1,0.001125
gaiety,1,0.001125
butchery,1,0.001125
depredation,1,0.001125
biddy,1,0.001125
tawdriness,1,0.001125
mixture,1,0.001125
vessel,1,0.001125
choicest,1,0.001125
fansy,1,0.001125
eastern,1,0.001125
kit,1,0.001125
tap,1,0.001125
castle,1,0.001125
familiar,1,0.001125
residence,1,0.001125
park,1,0.001125
stump,1,0.001125
host,1,0.001125
coxcomb,1,0.001125
chaplain,1,0.001125
passive,1,0.001125
laying,1,0.001125
convers,1,0.001125
buz,1,0.001125
glotes,1,0.001125
blot,1,0.001125
comrade,1,0.001125
apostasy,1,0.001125
scoff,1,0.001125
medium,1,0.001125
shop,1,0.001125
yorkshire,1,0.001125
toast,1,0.001125
pedantry,1,0.001125
dinner,1,0.001125
wedding,1,0.001125
personality,1,0.001125
stripe,1,0.001125
saddler,1,0.001125
taker,1,0.001125
recrimination,1,0.001125
al,1,0.001125
excusable,1,0.001125
eac,1,0.001125
associate,1,0.001125
midsummer,1,0.001125
donation,1,0.001125
riser,1,0.001125
legislature,1,0.001125
tat,1,0.001125
thus,1,0.001125
teazing,1,0.001125
tack,1,0.001125
worm,1,0.001125
guggle,1,0.001125
significance,1,0.001125
cot,1,0.001125
presume,1,0.001125
so,1,0.001125
uglier,1,0.001125
bettertons,1,0.001125
ffers,1,0.001125
bias,1,0.001125
foil,1,0.001125
meridian,1,0.001125
that,1,0.001125
aegr,1,0.001125
nunc,1,0.001125
proce,1,0.001125
ovid,1,0.001125
hart,1,0.001125
sky,1,0.001125
ribband,1,0.001125
agitation,1,0.001125
whoreson,1,0.001125
repine,1,0.001125
circumspection,1,0.001125
lorimer,1,0.001125
blameable,1,0.001125
avow,1,0.001125
gentry,1,0.001125
obligingly,1,0.001125
bullet,1,0.001125
rain,1,0.001125
efore,1,0.001125
volley,1,0.001125
takest,1,0.001125
cash,1,0.001125
congress,1,0.001125
counsel,1,0.001125
waiter,1,0.001125
y,1,0.001125
ating,1,0.001125
interval,1,0.001125
where,1,0.001125
mowbay,1,0.001125
devill,1,0.001125
nicest,1,0.001125
camel,1,0.001125
swallowers,1,0.001125
holy,1,0.001125
writ,1,0.001125
confin,1,0.001125
intreaty,1,0.001125
coy,1,0.001125
france,1,0.001125
lamentation,1,0.001125
vainglory,1,0.001125
removal,1,0.001125
niobe,1,0.001125
vine,1,0.001125
painting,1,0.001125
poetry,1,0.001125
undrest,1,0.001125
alarm,1,0.001125
tress,1,0.001125
assemblage,1,0.001125
demonstration,1,0.001125
sobbing,1,0.001125
ascendency,1,0.001125
digression,1,0.001125
crisis,1,0.001125
tideings,1,0.001125
reprimand,1,0.001125
pestilence,1,0.001125
famine,1,0.001125
slly,1,0.001125
tha,1,0.001125
georgic,1,0.001125
vocative,1,0.001125
shewn,1,0.001125
imperfection,1,0.001125
following,1,0.001125
engag,1,0.001125
unacquaintedness,1,0.001125
toad,1,0.001125
bawl,1,0.001125
incitement,1,0.001125
floor,1,0.001125
process,1,0.001125
product,1,0.001125
trim,1,0.001125
gothamite,1,0.001125
rant,1,0.001125
reed,1,0.001125
gust,1,0.001125
horn,1,0.001125
likest,1,0.001125
chace,1,0.001125
chicaning,1,0.001125
chicaneriers,1,0.001125
practicers,1,0.001125
dad,1,0.001125
wriing,1,0.001125
appeaance,1,0.001125
heir,1,0.001125
perquisite,1,0.001125
compilement,1,0.001125
coddard,1,0.001125
limitation,1,0.001125
series,1,0.001125
thread,1,0.001125
expectancy,1,0.001125
independency,1,0.001125
nunnery,1,0.001125
prey,1,0.001125
reliance,1,0.001125
stead,1,0.001125
artifice,1,0.001125
imposers,1,0.001125
snatch,1,0.001125
fatigue,1,0.001125
repenters,1,0.001125
aspirer,1,0.001125
tristful,1,0.001125
visage,1,0.001125
pagan,1,0.001125
undertaker,1,0.001125
candlestick,1,0.001125
great,1,0.001125
majesty,1,0.001125
transition,1,0.001125
employ,1,0.001125
sept,1,0.001125
oclock,1,0.001125
willinger,1,0.001125
championess,1,0.001125
stindgie,1,0.001125
sarvinge,1,0.001125
conshence,1,0.001125
indede,1,0.001125
grate,1,0.001125
lanlady,1,0.001125
headstrongness,1,0.001125
unopen,1,0.001125
tenure,1,0.001125
rustling,1,0.001125
hysteric,1,0.001125
constable,1,0.001125
bein,1,0.001125
new,1,0.001125
veterum,1,0.001125
bitterness,1,0.001125
transgression,1,0.001125
endearment,1,0.001125
presumest,1,0.001125
heaving,1,0.001125
ingrossments,1,0.001125
malory,1,0.001125
swell,1,0.001125
cavalcade,1,0.001125
hazard,1,0.001125
hath,1,0.001125
vault,1,0.001125
stedfast,1,0.001125
hopeing,1,0.001125
bound,1,0.001125
chiding,1,0.001125
levite,1,0.001125
decline,1,0.001125
mighty,1,0.001125
stomachfulness,1,0.001125
brilliancy,1,0.001125
stupidity,1,0.001125
pertness,1,0.001125
conjecture,1,0.001125
guess,1,0.001125
resolveing,1,0.001125
lightning,1,0.001125
inspection,1,0.001125
blighting,1,0.001125
ungen,1,0.001125
straw,1,0.001125
token,1,0.001125
irregularity,1,0.001125
maturest,1,0.001125
cordial,1,0.001125
emulative,1,0.001125
pill,1,0.001125
inference,1,0.001125
won,1,0.001125
unbidden,1,0.001125
sternness,1,0.001125
sorrowing,1,0.001125
double,1,0.001125
petulance,1,0.001125
weapon,1,0.001125
billow,1,0.001125
flower,1,0.001125
cascade,1,0.001125
dashings,1,0.001125
trifling,1,0.001125
obstruction,1,0.001125
thunder,1,0.001125
dismission,1,0.001125
moveing,1,0.001125
professor,1,0.001125
healing,1,0.001125
declar,1,0.001125
plantation,1,0.001125
elm,1,0.001125
lime,1,0.001125
maturity,1,0.001125
dross,1,0.001125
disaster,1,0.001125
anything,1,0.001125
cannot,1,0.001125
invasion,1,0.001125
oee,1,0.001125
bottom,1,0.001125
sharpness,1,0.001125
see,1,0.001125
garb,1,0.001125
tions,1,0.001125
bluntness,1,0.001125
tone,1,0.001125
come,1,0.001125
shelbourne,1,0.001125
misty,1,0.001125
moat,1,0.001125
transcript,1,0.001125
gate,1,0.001125
oat,1,0.001125
reflecter,1,0.001125
syren,1,0.001125
me,1,0.001125
mistiness,1,0.001125
rainbow,1,0.001125
worthy,1,0.001125
conception,1,0.001125
isicle,1,0.001125
noone,1,0.001125
fal,1,0.001125
lal,1,0.001125
access,1,0.001125
retch,1,0.001125
ave,1,0.001125
genteelness,1,0.001125
wrath,1,0.001125
coffinlid,1,0.001125
heightenings,1,0.001125
sightliness,1,0.001125
hopelesness,1,0.001125
disagreement,1,0.001125
solidity,1,0.001125
specious,1,0.001125
detractor,1,0.001125
tomlison,1,0.001125
nphew,1,0.001125
ado,1,0.001125
saw,1,0.001125
wildish,1,0.001125
incoherence,1,0.001125
blistering,1,0.001125
overcharging,1,0.001125
simile,1,0.001125
overspread,1,0.001125
bruise,1,0.001125
correspondest,1,0.001125
idiot,1,0.001125
ermine,1,0.001125
tinsel,1,0.001125
gold,1,0.001125
scoundrel,1,0.001125
fry,1,0.001125
perverseness,1,0.001125
persecutor,1,0.001125
conceit,1,0.001125
concurrence,1,0.001125
ventur,1,0.001125
planter,1,0.001125
conniv,1,0.001125
sollicitous,1,0.001125
commentator,1,0.001125
province,1,0.001125
vileness,1,0.001125
congealment,1,0.001125
righthand,1,0.001125
bedew,1,0.001125
explicitness,1,0.001125
tryal,1,0.001125
resigning,1,0.001125
peculiars,1,0.001125
rin,1,0.001125
wicker,1,0.001125
unsuspicious,1,0.001125
lamb,1,0.001125
heave,1,0.001125
coppice,1,0.001125
tradition,1,0.001125
loneliness,1,0.001125
disturbance,1,0.001125
oxford,1,0.001125
emblazon,1,0.001125
ivy,1,0.001125
put,1,0.001125
intrepidity,1,0.001125
lecture,1,0.001125
diviner,1,0.001125
vamp,1,0.001125
blustering,1,0.001125
suppos,1,0.001125
acknowleg,1,0.001125
unworthiness,1,0.001125
cunning,1,0.001125
revilings,1,0.001125
oilette,1,0.001125
ala,1,0.001125
soil,1,0.001125
sum,1,0.001125
ratcliffe,1,0.001125
intricacy,1,0.001125
consummation,1,0.001125
nderstood,1,0.001125
everence,1,0.001125
recollecting,1,0.001125
sadness,1,0.001125
pew,1,0.001125
twinkler,1,0.001125
recommenders,1,0.001125
spleen,1,0.001125
bundle,1,0.001125
instrument,1,0.001125
eve,1,0.001125
deceive,1,0.001125
lunar,1,0.001125
empire,1,0.001125
confess,1,0.001125
poison,1,0.001125
poniard,1,0.001125
relationship,1,0.001125
ascendant,1,0.001125
er,1,0.001125
traitor,1,0.001125
casualty,1,0.001125
admonition,1,0.001125
disreputation,1,0.001125
reverend,1,0.001125
denier,1,0.001125
superciliousness,1,0.001125
conveniencies,1,0.001125
expostulatory,1,0.001125
deferr,1,0.001125
sawcy,1,0.001125
leisure,1,0.001125
original,1,0.001125
complimenters,1,0.001125
scipio,1,0.001125
dastardiz,1,0.001125
female,1,0.001125
riving,1,0.001125
pleasantry,1,0.001125
falshoods,1,0.001125
frowarder,1,0.001125
misconstruction,1,0.001125
fidelity,1,0.001125
peny,1,0.001125
egg,1,0.001125
back,1,0.001125
attitude,1,0.001125
cl,1,0.001125
resverie,1,0.001125
lovel,1,0.001125
observer,1,0.001125
sagacity,1,0.001125
wealth,1,0.001125
compunction,1,0.001125
damp,1,0.001125
venture,1,0.001125
milch,1,0.001125
cow,1,0.001125
criminal,1,0.001125
quantity,1,0.001125
cry,1,0.001125
disobligation,1,0.001125
prop,1,0.001125
competitor,1,0.001125
arbitrariness,1,0.001125
royal,1,0.001125
expiation,1,0.001125
duke,1,0.001125
prognostic,1,0.001125
humblest,1,0.001125
dareing,1,0.001125
confederacy,1,0.001125
tudor,1,0.001125
obliger,1,0.001125
initial,1,0.001125
booty,1,0.001125
level,1,0.001125
carberry,1,0.001125
holborn,1,0.001125
temple,1,0.001125
unman,1,0.001125
cattle,1,0.001125
visiters,1,0.001125
streights,1,0.001125
tart,1,0.001125
desperateness,1,0.001125
disposal,1,0.001125
cohabitation,1,0.001125
hudibras,1,0.001125
wickeder,1,0.001125
lark,1,0.001125
imprudent,1,0.001125
reversiona,1,0.001125
element,1,0.001125
haggard,1,0.001125
bond,1,0.001125
shilling,1,0.001125
forborn,1,0.001125
sash,1,0.001125
bailey,1,0.001125
score,1,0.001125
madness,1,0.001125
beggar,1,0.001125
mortality,1,0.001125
fram,1,0.001125
suspension,1,0.001125
bespoke,1,0.001125
permission,1,0.001125
dare,1,0.001125
dew,1,0.001125
robber,1,0.001125
amaze,1,0.001125
beldam,1,0.001125
capacity,1,0.001125
dint,1,0.001125
morsel,1,0.001125
reach,1,0.001125
froth,1,0.001125
jaw,1,0.001125
bashful,1,0.001125
tiresias,1,0.001125
horseman,1,0.001125
despairedst,1,0.001125
socrates,1,0.001125
ingratitude,1,0.001125
demise,1,0.001125
stop,1,0.001125
interior,1,0.001125
magistracy,1,0.001125
alertness,1,0.001125
richard,1,0.001125
allegiance,1,0.001125
eel,1,0.001125
sandoun,1,0.001125
county,1,0.001125
magdalen,1,0.001125
priscilla,1,0.001125
complainant,1,0.001125
ra,1,0.001125
oblig,1,0.001125
trifler,1,0.001125
theirs,1,0.001125
behoves,1,0.001125
resumption,1,0.001125
animosty,1,0.001125
litigation,1,0.001125
administration,1,0.001125
failing,1,0.001125
default,1,0.001125
honnored,1,0.001125
sur,1,0.001125
ladiship,1,0.001125
petur,1,0.001125
partrick,1,0.001125
beforend,1,0.001125
trix,1,0.001125
iff,1,0.001125
cuurse,1,0.001125
bravo,1,0.001125
negligence,1,0.001125
remissness,1,0.001125
whichsoever,1,0.001125
kiss,1,0.001125
shrug,1,0.001125
mishap,1,0.001125
kensington,1,0.001125
noon,1,0.001125
aesop,1,0.001125
malignity,1,0.001125
dorca,1,0.001125
pet,1,0.001125
prythee,1,0.001125
selfishness,1,0.001125
discharg,1,0.001125
deliberation,1,0.001125
proficiency,1,0.001125
animal,1,0.001125
creation,1,0.001125
abuse,1,0.001125
blackwall,1,0.001125
intercession,1,0.001125
mantle,1,0.001125
die,1,0.001125
anderson,1,0.001125
secresy,1,0.001125
hurricane,1,0.001125
giddiness,1,0.001125
show,1,0.001125
excuser,1,0.001125
distressful,1,0.001125
uld,1,0.001125
positiveness,1,0.001125
clue,1,0.001125
monsieur,1,0.001125
margate,1,0.001125
confessor,1,0.001125
voiture,1,0.001125
austrian,1,0.001125
bustlings,1,0.001125
shelburne,1,0.001125
viler,1,0.001125
unconcernedness,1,0.001125
machinery,1,0.001125
promiser,1,0.001125
hannibal,1,0.001125
uxbrige,1,0.001125
twelve,1,0.001125
cross,1,0.001125
howemiss,1,0.001125
midst,1,0.001125
pathetics,1,0.001125
amends,1,0.001125
hole,1,0.001125
tommy,1,0.001125
scribe,1,0.001125
amanuensis,1,0.001125
altamont,1,0.001125
cuckold,1,0.001125
essence,1,0.001125
quarreller,1,0.001125
basely,1,0.001125
canon,1,0.001125
on,1,0.001125
magazine,1,0.001125
deposite,1,0.001125
obsequious,1,0.001125
whereas,1,0.001125
considerateness,1,0.001125
roomatise,1,0.001125
remark,1,0.001125
streight,1,0.001125
privacy,1,0.001125
impudent,1,0.001125
effrontery,1,0.001125
fervency,1,0.001125
depression,1,0.001125
montalto,1,0.001125
gaped,1,0.001125
pontificate,1,0.001125
likeness,1,0.001125
unhand,1,0.001125
darest,1,0.001125
sceptic,1,0.001125
wisp,1,0.001125
thinkest,1,0.001125
guard,1,0.001125
nicety,1,0.001125
feat,1,0.001125
deluder,1,0.001125
stillness,1,0.001125
training,1,0.001125
convinc,1,0.001125
moralist,1,0.001125
sorce,1,0.001125
brain,1,0.001125
abraham,1,0.001125
painter,1,0.001125
historian,1,0.001125
ambassador,1,0.001125
indiscreetest,1,0.001125
generality,1,0.001125
riot,1,0.001125
sponge,1,0.001125
implacable,1,0.001125
upwards,1,0.001125
recreant,1,0.001125
wouldest,1,0.001125
iffp,1,0.001125
whither,1,0.001125
inequality,1,0.001125
sacrilege,1,0.001125
hem,1,0.001125
basis,1,0.001125
ink,1,0.001125
guaranty,1,0.001125
resuge,1,0.001125
proceedest,1,0.001125
chicane,1,0.001125
wedn,1,0.001125
drummer,1,0.001125
disloyalty,1,0.001125
gleam,1,0.001125
dines,1,0.001125
sup,1,0.001125
contract,1,0.001125
lengthening,1,0.001125
disobedience,1,0.001125
director,1,0.001125
justification,1,0.001125
decision,1,0.001125
reprieve,1,0.001125
rush,1,0.001125
norfolk,1,0.001125
imprecation,1,0.001125
irreconcileableness,1,0.001125
rout,1,0.001125
seriousness,1,0.001125
employer,1,0.001125
hurt,1,0.001125
hunt,1,0.001125
incense,1,0.001125
sculptor,1,0.001125
topp,1,0.001125
susan,1,0.001125
charmingly,1,0.001125
school,1,0.001125
blow,1,0.001125
spurrier,1,0.001125
wreck,1,0.001125
composition,1,0.001125
impute,1,0.001125
prevention,1,0.001125
blundering,1,0.001125
revival,1,0.001125
smoke,1,0.001125
hd,1,0.001125
falshood,1,0.001125
incumbent,1,0.001125
imploy,1,0.001125
