lady,2937,3.320933
miss,1646,1.86117
lovelace,1613,1.823856
harlowe,1121,1.26754
friend,1120,1.26641
brother,1045,1.181605
letter,995,1.125069
howe,972,1.099063
sister,822,0.929454
family,776,0.877441
uncle,746,0.843519
thing,696,0.786983
dorcas,657,0.742885
heart,650,0.73497
cousin,639,0.722532
father,605,0.684087
mother,591,0.668257
solmes,551,0.623028
creature,527,0.595891
time,497,0.561969
lord,493,0.557446
hickman,489,0.552923
person,476,0.538224
hand,475,0.537093
betty,469,0.530309
smith,455,0.514479
mamma,431,0.487342
house,413,0.466989
thou,399,0.451158
wife,395,0.446636
fellow,394,0.445505
body,370,0.418367
lovick,362,0.409322
belford,350,0.395753
reason,347,0.392361
mind,344,0.388969
gentleman,340,0.384446
m,337,0.381054
people,333,0.376531
world,325,0.367485
men,321,0.362962
one,320,0.361831
colonel,317,0.358439
aunt,317,0.358439
part,317,0.358439
servant,312,0.352786
child,311,0.351655
morden,307,0.347132
character,304,0.34374
captain,303,0.342609
nothing,301,0.340348
john,297,0.335825
sex,294,0.332433
clarissa,293,0.331302
favour,289,0.326779
james,278,0.314341
love,269,0.304164
eye,261,0.295119
spirit,259,0.292857
way,255,0.288334
word,254,0.287204
occasion,252,0.284942
life,250,0.282681
antony,250,0.282681
honour,247,0.279289
day,245,0.277027
relation,240,0.271373
widow,229,0.258936
daughter,229,0.258936
god,226,0.255543
will,226,0.255543
husband,219,0.247628
effect,219,0.247628
account,217,0.245367
madam,217,0.245367
tomlinson,213,0.240844
niece,209,0.236321
virtue,208,0.23519
power,201,0.227275
girl,198,0.223883
parent,196,0.221622
head,190,0.214837
subject,181,0.204661
rawlins,181,0.204661
wretch,180,0.20353
norton,179,0.202399
joseph,179,0.202399
estate,178,0.201269
matter,177,0.200138
others,177,0.200138
hannah,177,0.200138
soul,176,0.199007
visit,173,0.195615
opinion,173,0.195615
end,170,0.192223
company,166,0.1877
papa,165,0.186569
case,164,0.185439
door,164,0.185439
pleasure,158,0.178654
opportunity,157,0.177523
fault,155,0.175262
hope,155,0.175262
doctor,150,0.169608
order,150,0.169608
justice,149,0.168478
art,148,0.167347
fortune,147,0.166216
view,145,0.163955
moore,145,0.163955
name,144,0.162824
place,144,0.162824
answer,144,0.162824
thro,144,0.162824
notice,143,0.161693
sinclair,143,0.161693
something,141,0.159432
sally,138,0.15604
merit,134,0.151517
pain,132,0.149255
messenger,131,0.148125
devil,127,0.143602
protection,127,0.143602
jack,125,0.14134
passion,124,0.14021
thought,123,0.139079
story,121,0.136817
resentment,119,0.134556
step,119,0.134556
lodging,119,0.134556
pride,118,0.133425
son,118,0.133425
hervey,117,0.132295
hour,116,0.131164
money,116,0.131164
appearance,115,0.130033
duty,115,0.130033
concern,115,0.130033
quality,115,0.130033
purpose,114,0.128902
death,113,0.127772
marriage,113,0.127772
particular,113,0.127772
nature,112,0.126641
argument,112,0.126641
libertine,112,0.126641
manner,111,0.12551
year,111,0.12551
master,111,0.12551
right,111,0.12551
executor,111,0.12551
sake,109,0.123249
grief,109,0.123249
liberty,109,0.123249
cause,109,0.123249
temper,109,0.123249
copy,109,0.123249
kind,108,0.122118
montague,108,0.122118
face,107,0.120987
proposal,107,0.120987
interest,106,0.119857
work,104,0.117595
question,103,0.116464
care,103,0.116464
mine,102,0.115334
point,102,0.115334
mischief,102,0.115334
reconciliation,102,0.115334
fretchville,101,0.114203
behaviour,101,0.114203
rest,101,0.114203
town,100,0.113072
pen,100,0.113072
affair,98,0.110811
state,98,0.110811
night,97,0.10968
rowland,97,0.10968
regard,96,0.108549
lordship,95,0.107419
deal,95,0.107419
air,94,0.106288
resolution,94,0.106288
grandfather,94,0.106288
charmer,93,0.105157
moment,92,0.104027
consequence,92,0.104027
treatment,92,0.104027
spouse,92,0.104027
grandson,92,0.104027
doubt,91,0.102896
violence,91,0.102896
key,90,0.101765
advantage,90,0.101765
return,89,0.100634
none,89,0.100634
correspondence,89,0.100634
address,88,0.099504
sense,88,0.099504
generosity,88,0.099504
room,87,0.098373
term,87,0.098373
prudence,86,0.097242
trial,86,0.097242
morning,85,0.096111
patience,85,0.096111
measure,84,0.094981
arm,82,0.092719
side,82,0.092719
leman,82,0.092719
trouble,81,0.091589
villain,80,0.090458
my,80,0.090458
dog,79,0.089327
condition,78,0.088196
example,78,0.088196
mowbray,78,0.088196
motion,78,0.088196
consent,77,0.087066
choice,77,0.087066
dear,77,0.087066
half,77,0.087066
yours,76,0.085935
scheme,76,0.085935
content,76,0.085935
friendship,75,0.084804
mistress,75,0.084804
value,75,0.084804
apprehension,75,0.084804
enemy,75,0.084804
foot,74,0.083673
esq,74,0.083673
dolly,72,0.081412
apartment,72,0.081412
contempt,72,0.081412
angel,71,0.080281
difficulty,70,0.079151
force,70,0.079151
advice,70,0.079151
altho,70,0.079151
ruin,70,0.079151
instance,69,0.07802
reflection,69,0.07802
hint,69,0.07802
affliction,69,0.07802
beauty,68,0.076889
alliance,68,0.076889
curse,68,0.076889
office,67,0.075758
charlotte,67,0.075758
dr,67,0.075758
line,66,0.074628
fear,66,0.074628
nephew,66,0.074628
notion,66,0.074628
presence,66,0.074628
heaven,66,0.074628
plotting,66,0.074628
don,65,0.073497
assurance,65,0.073497
distress,64,0.072366
principle,64,0.072366
cloaths,63,0.071236
peace,63,0.071236
error,63,0.071236
inclination,63,0.071236
disgrace,63,0.071236
brand,62,0.070105
conversation,62,0.070105
london,62,0.070105
turn,62,0.070105
attention,61,0.068974
action,61,0.068974
freedom,61,0.068974
situation,61,0.068974
sorlings,61,0.068974
fortescue,61,0.068974
belton,60,0.067843
revenge,60,0.067843
promise,60,0.067843
observation,60,0.067843
ceremony,60,0.067843
weight,59,0.066713
mean,59,0.066713
design,59,0.066713
tourville,59,0.066713
sight,58,0.065582
paper,58,0.065582
h,58,0.065582
figure,58,0.065582
coachman,58,0.065582
consideration,57,0.064451
light,57,0.064451
tear,57,0.064451
fit,57,0.064451
parson,57,0.064451
morrow,57,0.064451
horse,57,0.064451
tho,56,0.06332
thyself,56,0.06332
desire,56,0.06332
act,56,0.06332
command,56,0.06332
offence,56,0.06332
truth,55,0.06219
mercy,55,0.06219
motif,55,0.06219
calamity,55,0.06219
report,55,0.06219
judgment,55,0.06219
chair,55,0.06219
proof,54,0.061059
piece,54,0.061059
business,54,0.061059
health,54,0.061059
month,54,0.061059
remorse,54,0.061059
confidence,54,0.061059
credit,53,0.059928
evil,53,0.059928
humour,53,0.059928
happiness,53,0.059928
leave,53,0.059928
blessing,53,0.059928
england,53,0.059928
news,53,0.059928
application,53,0.059928
church,53,0.059928
benefit,53,0.059928
delight,53,0.059928
sort,52,0.058798
mouth,52,0.058798
jewel,52,0.058798
coach,52,0.058798
service,52,0.058798
obligation,52,0.058798
clary,52,0.058798
displeasure,52,0.058798
present,52,0.058798
settlement,52,0.058798
compliment,52,0.058798
u,52,0.058798
loss,52,0.058798
biddulph,52,0.058798
bed,51,0.057667
nay,51,0.057667
polly,51,0.057667
objection,51,0.057667
good,51,0.057667
method,50,0.056536
chamber,50,0.056536
hers,50,0.056536
curiosity,50,0.056536
conscience,50,0.056536
tenant,50,0.056536
reputation,49,0.055405
maid,49,0.055405
triumph,49,0.055405
patty,49,0.055405
stranger,48,0.054275
wilt,48,0.054275
intention,48,0.054275
bear,48,0.054275
boy,48,0.054275
wench,47,0.053144
punishment,47,0.053144
law,47,0.053144
seat,47,0.053144
instruction,47,0.053144
offer,47,0.053144
secret,47,0.053144
tender,46,0.052013
tom,46,0.052013
country,46,0.052013
lot,46,0.052013
politeness,46,0.052013
excuse,46,0.052013
lip,46,0.052013
talent,45,0.050883
share,45,0.050883
lover,45,0.050883
inquiry,45,0.050883
knowlege,45,0.050883
court,45,0.050883
progress,45,0.050883
tragedy,45,0.050883
suspicion,45,0.050883
comfort,44,0.049752
sarah,44,0.049752
grace,44,0.049752
round,44,0.049752
conduct,44,0.049752
title,44,0.049752
suit,44,0.049752
forgiveness,44,0.049752
ladyship,44,0.049752
garden,44,0.049752
niceness,44,0.049752
speech,43,0.048621
attempt,43,0.048621
hold,43,0.048621
object,43,0.048621
age,43,0.048621
goodness,43,0.048621
motherinlaw,43,0.048621
street,43,0.048621
pretence,43,0.048621
expectation,43,0.048621
nymph,43,0.048621
ear,43,0.048621
machine,43,0.048621
request,42,0.04749
compliance,42,0.04749
somebody,42,0.04749
flattery,42,0.04749
mennell,42,0.04749
bevis,42,0.04749
interview,42,0.04749
possession,42,0.04749
townsend,42,0.04749
consolation,42,0.04749
johnny,42,0.04749
wish,41,0.04636
weakness,41,0.04636
voice,41,0.04636
fact,41,0.04636
apothecary,41,0.04636
slave,41,0.04636
gentlewoman,41,0.04636
squire,41,0.04636
writer,40,0.045229
direction,40,0.045229
contrary,40,0.045229
reverence,40,0.045229
physician,40,0.045229
finger,40,0.045229
pound,40,0.045229
veneration,40,0.045229
pritchard,39,0.044098
message,39,0.044098
folly,39,0.044098
bella,39,0.044098
event,39,0.044098
it,39,0.044098
circumstance,39,0.044098
guinea,38,0.042967
vengeance,38,0.042967
sickness,38,0.042967
whole,38,0.042967
bosom,38,0.042967
poor,38,0.042967
wit,38,0.042967
uneasiness,38,0.042967
home,38,0.042967
pair,38,0.042967
prospect,38,0.042967
while,38,0.042967
contrivance,37,0.041837
sum,37,0.041837
writing,37,0.041837
difference,37,0.041837
reception,37,0.041837
st,37,0.041837
joy,37,0.041837
rogue,37,0.041837
sin,37,0.041837
closet,37,0.041837
aversion,37,0.041837
scotish,37,0.041837
she,36,0.040706
nurse,36,0.040706
me,36,0.040706
practice,36,0.040706
rake,36,0.040706
self,36,0.040706
praise,36,0.040706
change,36,0.040706
use,36,0.040706
clergyman,36,0.040706
corpse,36,0.040706
fool,35,0.039575
anger,35,0.039575
crime,35,0.039575
parlour,35,0.039575
guest,35,0.039575
degree,35,0.039575
tea,35,0.039575
usage,35,0.039575
intelligence,35,0.039575
parcel,35,0.039575
taste,34,0.038445
satisfaction,34,0.038445
moral,34,0.038445
courage,34,0.038445
preference,34,0.038445
fire,34,0.038445
guilt,34,0.038445
stair,34,0.038445
his,34,0.038445
damsel,34,0.038445
villainy,33,0.037314
wonder,33,0.037314
education,33,0.037314
injury,33,0.037314
passage,33,0.037314
folk,33,0.037314
agent,33,0.037314
conference,33,0.037314
pardon,33,0.037314
reading,33,0.037314
reward,33,0.037314
col,33,0.037314
respect,33,0.037314
warmth,33,0.037314
purchaser,33,0.037314
anna,33,0.037314
vol,33,0.037314
lesson,32,0.036183
breach,32,0.036183
insult,32,0.036183
approbation,32,0.036183
plea,32,0.036183
glory,32,0.036183
harry,32,0.036183
text,32,0.036183
flight,32,0.036183
companion,32,0.036183
fate,32,0.036183
despair,32,0.036183
delay,32,0.036183
distance,32,0.036183
andrew,32,0.036183
party,32,0.036183
reader,32,0.036183
kinswoman,32,0.036183
cruelty,31,0.035052
afternoon,31,0.035052
base,31,0.035052
apparel,31,0.035052
ground,31,0.035052
modesty,31,0.035052
delicacy,31,0.035052
endeavour,31,0.035052
chariot,31,0.035052
absence,31,0.035052
prince,31,0.035052
caesar,31,0.035052
probability,31,0.035052
chapel,31,0.035052
recovery,31,0.035052
compassion,31,0.035052
oath,31,0.035052
the,30,0.033922
sword,30,0.033922
mourning,30,0.033922
rashness,30,0.033922
accident,30,0.033922
window,30,0.033922
goody,30,0.033922
necessity,30,0.033922
emotion,30,0.033922
thee,30,0.033922
pity,30,0.033922
number,30,0.033922
barnes,30,0.033922
surgeon,30,0.033922
drawer,30,0.033922
greme,30,0.033922
barton,30,0.033922
providence,29,0.032791
terror,29,0.032791
mortal,29,0.032791
invitation,29,0.032791
goddess,29,0.032791
play,29,0.032791
kinsman,29,0.032791
baseness,29,0.032791
ardor,29,0.032791
minister,29,0.032791
sun,29,0.032791
prohibition,29,0.032791
authority,29,0.032791
plot,28,0.03166
silence,28,0.03166
look,28,0.03166
feature,28,0.03166
this,28,0.03166
assistance,28,0.03166
earth,28,0.03166
blood,28,0.03166
arabella,28,0.03166
affection,28,0.03166
robert,28,0.03166
influence,28,0.03166
doleman,28,0.03166
nobody,28,0.03166
sentiment,28,0.03166
wednesday,28,0.03166
dignity,28,0.03166
harlowes,28,0.03166
living,28,0.03166
beast,28,0.03166
kitty,28,0.03166
executorship,28,0.03166
chevalier,28,0.03166
peer,27,0.03053
course,27,0.03053
kingdom,27,0.03053
her,27,0.03053
attendance,27,0.03053
hamstead,27,0.03053
lawrance,27,0.03053
misfortune,27,0.03053
pocket,27,0.03053
cast,27,0.03053
call,27,0.03053
matrimony,27,0.03053
nuptials,27,0.03053
vanity,27,0.03053
past,27,0.03053
book,27,0.03053
envy,27,0.03053
singleton,27,0.03053
author,27,0.03053
midnight,27,0.03053
profession,27,0.03053
tony,27,0.03053
summer,27,0.03053
hole,27,0.03053
expression,27,0.03053
bell,27,0.03053
lloyd,27,0.03053
mabell,27,0.03053
vice,26,0.029399
meeting,26,0.029399
humanity,26,0.029399
defence,26,0.029399
danger,26,0.029399
acquaintance,26,0.029399
ambrose,26,0.029399
tenderness,26,0.029399
lewin,26,0.029399
wickedness,26,0.029399
reformation,26,0.029399
want,26,0.029399
dislike,26,0.029399
injunction,26,0.029399
assiduity,26,0.029399
personality,26,0.029399
bride,25,0.028268
sunday,25,0.028268
score,25,0.028268
inn,25,0.028268
description,25,0.028268
martin,25,0.028268
horton,25,0.028268
visitor,25,0.028268
principal,25,0.028268
habit,25,0.028268
countenance,25,0.028268
length,25,0.028268
creditor,25,0.028268
entrance,25,0.028268
audience,25,0.028268
path,24,0.027137
antipathy,24,0.027137
wrong,24,0.027137
week,24,0.027137
project,24,0.027137
vow,24,0.027137
suffering,24,0.027137
journey,24,0.027137
controul,24,0.027137
saucy,24,0.027137
exception,24,0.027137
behalf,24,0.027137
earnestness,24,0.027137
canst,24,0.027137
article,24,0.027137
option,24,0.027137
trust,24,0.027137
king,24,0.027137
stand,24,0.027137
jenyns,24,0.027137
rank,24,0.027137
hall,24,0.027137
adversity,24,0.027137
kin,23,0.026007
intellect,23,0.026007
table,23,0.026007
treaty,23,0.026007
paragraph,23,0.026007
queen,23,0.026007
dress,23,0.026007
strength,23,0.026007
witness,23,0.026007
earnest,23,0.026007
pattern,23,0.026007
hearing,23,0.026007
admiration,23,0.026007
malice,23,0.026007
innocence,23,0.026007
study,23,0.026007
bird,23,0.026007
bill,23,0.026007
surprize,23,0.026007
obedience,23,0.026007
repentance,23,0.026007
persecution,23,0.026007
thirst,23,0.026007
escape,22,0.024876
beginning,22,0.024876
sufferer,22,0.024876
legacy,22,0.024876
fortnight,22,0.024876
qualm,22,0.024876
issue,22,0.024876
memory,22,0.024876
superiority,22,0.024876
trunk,22,0.024876
linen,22,0.024876
fall,22,0.024876
officer,22,0.024876
artifice,22,0.024876
prayer,22,0.024876
gift,22,0.024876
dish,22,0.024876
flower,22,0.024876
prosecution,22,0.024876
deed,22,0.024876
smart,22,0.024876
vixen,21,0.023745
note,21,0.023745
illness,21,0.023745
form,21,0.023745
expedient,21,0.023745
condescension,21,0.023745
excellence,21,0.023745
help,21,0.023745
hair,21,0.023745
comparison,21,0.023745
censure,21,0.023745
felicity,21,0.023745
communication,21,0.023745
hypocrite,21,0.023745
future,21,0.023745
shorey,21,0.023745
penitence,21,0.023745
fore,21,0.023745
wilson,21,0.023745
perusal,21,0.023745
mile,21,0.023745
goddard,21,0.023745
miracle,21,0.023745
indignity,21,0.023745
coffin,21,0.023745
obsequiousness,21,0.023745
outrage,21,0.023745
speed,21,0.023745
water,20,0.022614
indignation,20,0.022614
misery,20,0.022614
youth,20,0.022614
vehemence,20,0.022614
independence,20,0.022614
instrument,20,0.022614
nancy,20,0.022614
penitent,20,0.022614
evening,20,0.022614
liking,20,0.022614
partington,20,0.022614
fashion,20,0.022614
task,20,0.022614
varlet,20,0.022614
shoulder,20,0.022614
rule,20,0.022614
pray,20,0.022614
leeson,20,0.022614
reproach,20,0.022614
conquest,20,0.022614
welfare,20,0.022614
dozen,20,0.022614
disorder,20,0.022614
oliver,20,0.022614
eminence,20,0.022614
draught,19,0.021484
arrest,19,0.021484
management,19,0.021484
corner,19,0.021484
handkerchief,19,0.021484
tour,19,0.021484
concession,19,0.021484
intrigue,19,0.021484
discovery,19,0.021484
height,19,0.021484
nose,19,0.021484
dining,19,0.021484
exclamation,19,0.021484
scruple,19,0.021484
shop,19,0.021484
wouldst,19,0.021484
decency,19,0.021484
wheel,19,0.021484
loom,19,0.021484
talk,19,0.021484
solemnity,19,0.021484
success,19,0.021484
monday,19,0.021484
joel,19,0.021484
refuge,18,0.020353
distinction,18,0.020353
breast,18,0.020353
break,18,0.020353
disappointment,18,0.020353
discretion,18,0.020353
memorandum,18,0.020353
debt,18,0.020353
heir,18,0.020353
crown,18,0.020353
alteration,18,0.020353
storm,18,0.020353
judge,18,0.020353
hertfordshire,18,0.020353
berkshire,18,0.020353
customer,18,0.020353
vilest,18,0.020353
charm,18,0.020353
misapprehension,18,0.020353
wyerley,18,0.020353
dejection,18,0.020353
lincoln,18,0.020353
confusion,18,0.020353
history,18,0.020353
incredulity,18,0.020353
subsistence,18,0.020353
undistinguishing,18,0.020353
proselyte,18,0.020353
class,17,0.019222
virago,17,0.019222
collation,17,0.019222
post,17,0.019222
result,17,0.019222
skill,17,0.019222
thursday,17,0.019222
privacy,17,0.019222
dairy,17,0.019222
opposition,17,0.019222
impression,17,0.019222
test,17,0.019222
readiness,17,0.019222
understanding,17,0.019222
sens,17,0.019222
yesterday,17,0.019222
hatred,17,0.019222
fruit,17,0.019222
methinks,17,0.019222
lewen,17,0.019222
compulsion,17,0.019222
rebel,17,0.019222
gentleness,17,0.019222
examination,17,0.019222
unworthy,17,0.019222
flaw,17,0.019222
reach,17,0.019222
josephus,17,0.019222
yet,17,0.019222
misrepresentation,17,0.019222
be,17,0.019222
levity,16,0.018092
wisdom,16,0.018092
neck,16,0.018092
nor,16,0.018092
cheek,16,0.018092
minute,16,0.018092
temptation,16,0.018092
civility,16,0.018092
almighty,16,0.018092
impatience,16,0.018092
trustee,16,0.018092
sacrifice,16,0.018092
prepossession,16,0.018092
prisoner,16,0.018092
lion,16,0.018092
composure,16,0.018092
kindness,16,0.018092
scandal,16,0.018092
thomasine,16,0.018092
affectation,16,0.018092
employment,16,0.018092
custom,16,0.018092
sigh,16,0.018092
declaration,16,0.018092
appetite,16,0.018092
string,16,0.018092
ah,16,0.018092
esteem,16,0.018092
preachment,16,0.018092
shame,16,0.018092
lid,16,0.018092
gratitude,16,0.018092
matron,16,0.018092
glove,16,0.018092
construction,16,0.018092
acknowlege,16,0.018092
spinster,16,0.018092
hussey,16,0.018092
sadleir,15,0.016961
execution,15,0.016961
scene,15,0.016961
gout,15,0.016961
haste,15,0.016961
discourse,15,0.016961
belief,15,0.016961
piety,15,0.016961
smile,15,0.016961
demand,15,0.016961
william,15,0.016961
star,15,0.016961
denial,15,0.016961
motive,15,0.016961
groan,15,0.016961
fan,15,0.016961
rage,15,0.016961
bread,15,0.016961
rascal,15,0.016961
need,15,0.016961
couple,15,0.016961
glass,15,0.016961
rowe,15,0.016961
quarter,15,0.016961
our,15,0.016961
challenge,15,0.016961
excellency,15,0.016961
dwelling,15,0.016961
slough,15,0.016961
discouragement,15,0.016961
fervor,14,0.01583
dust,14,0.01583
preparation,14,0.01583
booty,14,0.01583
no,14,0.01583
doctrine,14,0.01583
well,14,0.01583
plate,14,0.01583
absurdity,14,0.01583
credulity,14,0.01583
box,14,0.01583
airing,14,0.01583
bowel,14,0.01583
litigation,14,0.01583
asylum,14,0.01583
darkness,14,0.01583
hat,14,0.01583
spire,14,0.01583
destiny,14,0.01583
loveace,14,0.01583
whining,14,0.01583
tale,14,0.01583
poet,14,0.01583
informant,14,0.01583
innocent,14,0.01583
phlegm,14,0.01583
beelzebub,14,0.01583
chance,14,0.01583
mark,14,0.01583
farm,14,0.01583
patient,14,0.01583
invention,14,0.01583
snare,14,0.01583
iniquity,14,0.01583
blow,14,0.01583
deceit,14,0.01583
field,14,0.01583
rhapsody,14,0.01583
bank,14,0.01583
inconveniencies,14,0.01583
fine,14,0.01583
angelica,14,0.01583
whore,14,0.01583
throe,14,0.01583
divinity,13,0.014699
experience,13,0.014699
dispatch,13,0.014699
college,13,0.014699
tyrant,13,0.014699
shade,13,0.014699
eternity,13,0.014699
imagination,13,0.014699
fever,13,0.014699
failing,13,0.014699
importance,13,0.014699
disguise,13,0.014699
claim,13,0.014699
mediation,13,0.014699
indulgence,13,0.014699
disposition,13,0.014699
collins,13,0.014699
dinner,13,0.014699
road,13,0.014699
seducer,13,0.014699
vivacity,13,0.014699
birth,13,0.014699
menace,13,0.014699
gold,13,0.014699
set,13,0.014699
remembrance,13,0.014699
survivor,13,0.014699
shock,13,0.014699
dearest,13,0.014699
pretension,13,0.014699
safety,13,0.014699
regret,13,0.014699
station,13,0.014699
shew,13,0.014699
breath,13,0.014699
evidence,13,0.014699
provocation,13,0.014699
knee,13,0.014699
noise,13,0.014699
ten,13,0.014699
ado,13,0.014699
elder,13,0.014699
grand,13,0.014699
warning,13,0.014699
confinement,13,0.014699
attendant,13,0.014699
plan,13,0.014699
insolence,13,0.014699
obstinacy,13,0.014699
constitution,13,0.014699
bribe,13,0.014699
bargain,13,0.014699
diet,13,0.014699
woe,13,0.014699
imputation,13,0.014699
admirer,13,0.014699
diamond,13,0.014699
what,13,0.014699
medicine,13,0.014699
possibility,13,0.014699
signification,13,0.014699
surname,13,0.014699
anguish,13,0.014699
justification,13,0.014699
doom,13,0.014699
lov,13,0.014699
robin,13,0.014699
punisher,13,0.014699
stammering,13,0.014699
cully,13,0.014699
toast,12,0.013569
foundation,12,0.013569
reserve,12,0.013569
advocate,12,0.013569
pert,12,0.013569
labour,12,0.013569
ability,12,0.013569
repetition,12,0.013569
chear,12,0.013569
sorrow,12,0.013569
significance,12,0.013569
lock,12,0.013569
precaution,12,0.013569
ease,12,0.013569
maker,12,0.013569
leipsick,12,0.013569
luther,12,0.013569
dryden,12,0.013569
tempest,12,0.013569
take,12,0.013569
mightest,12,0.013569
style,12,0.013569
worthiness,12,0.013569
commission,12,0.013569
ancestor,12,0.013569
readier,12,0.013569
genius,12,0.013569
appointment,12,0.013569
faculty,12,0.013569
charity,12,0.013569
material,12,0.013569
wing,12,0.013569
reply,12,0.013569
shilling,12,0.013569
intreaties,12,0.013569
billet,12,0.013569
contradiction,12,0.013569
silk,12,0.013569
defect,12,0.013569
solitude,12,0.013569
handle,12,0.013569
landlord,12,0.013569
qualification,12,0.013569
remainder,12,0.013569
quickness,12,0.013569
failure,12,0.013569
honner,12,0.013569
vault,12,0.013569
muslin,12,0.013569
cambricks,12,0.013569
trader,12,0.013569
farmer,12,0.013569
ours,12,0.013569
milaner,12,0.013569
leisure,12,0.013569
clock,12,0.013569
magistrate,12,0.013569
fibber,12,0.013569
proceedest,12,0.013569
christian,11,0.012438
sentence,11,0.012438
italy,11,0.012438
mortification,11,0.012438
hereupon,11,0.012438
saturday,11,0.012438
sedateness,11,0.012438
leg,11,0.012438
spite,11,0.012438
crow,11,0.012438
quill,11,0.012438
alexander,11,0.012438
security,11,0.012438
blister,11,0.012438
emperor,11,0.012438
expostulation,11,0.012438
feast,11,0.012438
throat,11,0.012438
um,11,0.012438
inducement,11,0.012438
dishonour,11,0.012438
overture,11,0.012438
ornament,11,0.012438
neighbour,11,0.012438
dream,11,0.012438
whose,11,0.012438
worth,11,0.012438
precept,11,0.012438
teeth,11,0.012438
sincerity,11,0.012438
jest,11,0.012438
conceit,11,0.012438
wedlock,11,0.012438
picture,11,0.012438
fright,11,0.012438
favourite,11,0.012438
travel,11,0.012438
offender,11,0.012438
yorkshire,11,0.012438
extremity,11,0.012438
risques,11,0.012438
melvill,11,0.012438
price,11,0.012438
quire,11,0.012438
disadvantage,11,0.012438
device,11,0.012438
cl,11,0.012438
propriety,11,0.012438
see,11,0.012438
licence,11,0.012438
series,11,0.012438
male,11,0.012438
wealth,11,0.012438
hardship,11,0.012438
push,11,0.012438
hampstead,11,0.012438
misgiving,11,0.012438
remembrest,11,0.012438
hedge,11,0.012438
beacon,11,0.012438
grating,11,0.012438
traveller,10,0.011307
severity,10,0.011307
prejudice,10,0.011307
infirmity,10,0.011307
ling,10,0.011307
proverb,10,0.011307
drowning,10,0.011307
wedding,10,0.011307
relationship,10,0.011307
florence,10,0.011307
defiance,10,0.011307
france,10,0.011307
submission,10,0.011307
general,10,0.011307
aspect,10,0.011307
suspense,10,0.011307
fortress,10,0.011307
period,10,0.011307
seal,10,0.011307
debate,10,0.011307
ay,10,0.011307
charles,10,0.011307
shouldst,10,0.011307
adieu,10,0.011307
harm,10,0.011307
charge,10,0.011307
bar,10,0.011307
connivance,10,0.011307
indisposition,10,0.011307
low,10,0.011307
pang,10,0.011307
machination,10,0.011307
that,10,0.011307
caution,10,0.011307
purity,10,0.011307
malady,10,0.011307
sheet,10,0.011307
english,10,0.011307
rich,10,0.011307
immorality,10,0.011307
mahogany,10,0.011307
anniversary,10,0.011307
barnet,10,0.011307
sanction,10,0.011307
furniture,10,0.011307
satan,10,0.011307
wert,10,0.011307
castle,10,0.011307
ship,10,0.011307
monarch,10,0.011307
maiden,10,0.011307
impertinence,10,0.011307
island,10,0.011307
laugh,10,0.011307
cottage,10,0.011307
suppliant,10,0.011307
struggle,10,0.011307
mightst,10,0.011307
amusement,10,0.011307
expence,10,0.011307
norris,10,0.011307
phlebotomy,10,0.011307
eylet,10,0.011307
cupping,10,0.011307
midday,10,0.011307
impertinent,10,0.011307
irradiates,10,0.011307
choak,10,0.011307
execrator,10,0.011307
flutter,10,0.011307
joke,10,0.011307
sunshine,10,0.011307
loser,10,0.011307
romance,10,0.011307
implacableness,10,0.011307
glenham,10,0.011307
eremony,10,0.011307
lovel,10,0.011307
wear,10,0.011307
floor,10,0.011307
library,9,0.010177
harman,9,0.010177
neglect,9,0.010177
indifference,9,0.010177
perverseness,9,0.010177
tie,9,0.010177
intrepidity,9,0.010177
murder,9,0.010177
wax,9,0.010177
breakfast,9,0.010177
employer,9,0.010177
faithful,9,0.010177
edge,9,0.010177
sound,9,0.010177
rapture,9,0.010177
anybody,9,0.010177
bow,9,0.010177
courtesy,9,0.010177
deliverance,9,0.010177
applause,9,0.010177
gown,9,0.010177
bible,9,0.010177
threatenings,9,0.010177
pr,9,0.010177
lewdness,9,0.010177
whisper,9,0.010177
phrase,9,0.010177
torture,9,0.010177
village,9,0.010177
tumult,9,0.010177
intimation,9,0.010177
blame,9,0.010177
cry,9,0.010177
supposition,9,0.010177
trifle,9,0.010177
pas,9,0.010177
product,9,0.010177
sweetness,9,0.010177
everyone,9,0.010177
diligence,9,0.010177
disease,9,0.010177
tongue,9,0.010177
rein,9,0.010177
chin,9,0.010177
malediction,9,0.010177
ball,9,0.010177
cabinet,9,0.010177
strain,9,0.010177
hurry,9,0.010177
specimen,9,0.010177
funeral,9,0.010177
ring,9,0.010177
acceptance,9,0.010177
verse,9,0.010177
affront,9,0.010177
inscription,9,0.010177
parish,9,0.010177
alarm,9,0.010177
vein,9,0.010177
supper,9,0.010177
katharine,9,0.010177
inexperience,9,0.010177
czar,9,0.010177
fainting,9,0.010177
catastrophe,9,0.010177
fib,9,0.010177
hurt,9,0.010177
lightning,9,0.010177
execration,9,0.010177
victim,9,0.010177
fee,9,0.010177
neighbourhood,9,0.010177
untruth,9,0.010177
transaction,9,0.010177
calumny,9,0.010177
stop,9,0.010177
besough,9,0.010177
brain,9,0.010177
blomer,9,0.010177
desert,9,0.010177
limb,8,0.009046
hill,8,0.009046
liver,8,0.009046
bravery,8,0.009046
despondency,8,0.009046
oh,8,0.009046
shyness,8,0.009046
restraint,8,0.009046
recourse,8,0.009046
steadiness,8,0.009046
pandora,8,0.009046
stage,8,0.009046
punctilio,8,0.009046
determin,8,0.009046
thine,8,0.009046
ruffle,8,0.009046
correspondent,8,0.009046
zeal,8,0.009046
religion,8,0.009046
quarrel,8,0.009046
comment,8,0.009046
read,8,0.009046
spectacle,8,0.009046
bud,8,0.009046
gravity,8,0.009046
contention,8,0.009046
adversary,8,0.009046
presumption,8,0.009046
flame,8,0.009046
coxcomb,8,0.009046
lane,8,0.009046
discredit,8,0.009046
accommodation,8,0.009046
heinousness,8,0.009046
brow,8,0.009046
darling,8,0.009046
instant,8,0.009046
ink,8,0.009046
society,8,0.009046
utmost,8,0.009046
topic,8,0.009046
secrecy,8,0.009046
tilting,8,0.009046
ach,8,0.009046
grime,8,0.009046
fowl,8,0.009046
innkeeper,8,0.009046
hector,8,0.009046
housekeeper,8,0.009046
permission,8,0.009046
match,8,0.009046
baronet,8,0.009046
latter,8,0.009046
fable,8,0.009046
weapon,8,0.009046
bottom,8,0.009046
bound,8,0.009046
blush,8,0.009046
amendment,8,0.009046
hadst,8,0.009046
abhorrence,8,0.009046
arrogance,8,0.009046
spring,8,0.009046
fair,8,0.009046
pace,8,0.009046
protestation,8,0.009046
meditation,8,0.009046
mystery,8,0.009046
yard,8,0.009046
sen,8,0.009046
loth,8,0.009046
refusal,8,0.009046
protector,8,0.009046
rise,8,0.009046
assumption,8,0.009046
abuse,8,0.009046
hartley,8,0.009046
chest,8,0.009046
guard,8,0.009046
requisite,8,0.009046
clytemnestra,8,0.009046
veteran,8,0.009046
compter,8,0.009046
disposal,8,0.009046
altar,8,0.009046
correspondencies,8,0.009046
bantam,8,0.009046
aspersion,8,0.009046
encouragement,8,0.009046
space,8,0.009046
eulogy,8,0.009046
specie,8,0.009046
saving,8,0.009046
clause,8,0.009046
calista,8,0.009046
purpos,8,0.009046
nonsense,7,0.007915
fame,7,0.007915
fury,7,0.007915
straw,7,0.007915
everything,7,0.007915
ambition,7,0.007915
exit,7,0.007915
relief,7,0.007915
dost,7,0.007915
attribute,7,0.007915
retinue,7,0.007915
boreas,7,0.007915
amends,7,0.007915
thanks,7,0.007915
convenience,7,0.007915
meanness,7,0.007915
b,7,0.007915
snuff,7,0.007915
injurer,7,0.007915
grandeur,7,0.007915
walk,7,0.007915
keeper,7,0.007915
fain,7,0.007915
there,7,0.007915
supply,7,0.007915
prerogative,7,0.007915
horn,7,0.007915
lawyer,7,0.007915
hundred,7,0.007915
disgust,7,0.007915
horseback,7,0.007915
capital,7,0.007915
proceeding,7,0.007915
fifth,7,0.007915
invective,7,0.007915
resistance,7,0.007915
salt,7,0.007915
gain,7,0.007915
meaning,7,0.007915
speaking,7,0.007915
performance,7,0.007915
gallery,7,0.007915
substance,7,0.007915
acknowlegement,7,0.007915
common,7,0.007915
working,7,0.007915
oracle,7,0.007915
back,7,0.007915
coppice,7,0.007915
circle,7,0.007915
proportion,7,0.007915
domestic,7,0.007915
only,7,0.007915
nail,7,0.007915
celebration,7,0.007915
alternative,7,0.007915
stake,7,0.007915
enough,7,0.007915
resignation,7,0.007915
fish,7,0.007915
venison,7,0.007915
prude,7,0.007915
damage,7,0.007915
conveyance,7,0.007915
female,7,0.007915
heavy,7,0.007915
breathing,7,0.007915
violation,7,0.007915
jenny,7,0.007915
fynnett,7,0.007915
language,7,0.007915
sign,7,0.007915
support,7,0.007915
determination,7,0.007915
token,7,0.007915
thread,7,0.007915
rape,7,0.007915
risk,7,0.007915
butter,7,0.007915
trick,7,0.007915
lawn,7,0.007915
appeal,7,0.007915
tryal,7,0.007915
ti,7,0.007915
scrap,7,0.007915
byas,7,0.007915
disapprobation,7,0.007915
exaltation,7,0.007915
boundary,7,0.007915
capacity,7,0.007915
aim,7,0.007915
chairman,7,0.007915
lace,7,0.007915
vigilance,7,0.007915
may,7,0.007915
restoration,7,0.007915
poison,7,0.007915
unhappiness,7,0.007915
impulse,7,0.007915
enterprize,7,0.007915
peter,7,0.007915
foible,7,0.007915
yourselves,7,0.007915
ivy,7,0.007915
dependence,7,0.007915
stomach,7,0.007915
improvement,7,0.007915
disobedience,7,0.007915
predominance,7,0.007915
taper,7,0.007915
elbow,7,0.007915
integrity,7,0.007915
consummation,7,0.007915
feud,7,0.007915
pheasant,7,0.007915
thunder,7,0.007915
indication,7,0.007915
misunderstanding,7,0.007915
bleeding,7,0.007915
capt,7,0.007915
sambre,7,0.007915
indictment,7,0.007915
novice,7,0.007915
dropt,7,0.007915
interior,7,0.007915
hunt,7,0.007915
captainthe,7,0.007915
rebuke,7,0.007915
rushing,7,0.007915
phyllirea,7,0.007915
stock,6,0.006784
apprehends,6,0.006784
bearer,6,0.006784
deceiver,6,0.006784
wine,6,0.006784
standard,6,0.006784
metcalfe,6,0.006784
garment,6,0.006784
diffidence,6,0.006784
level,6,0.006784
dialogue,6,0.006784
profligate,6,0.006784
stay,6,0.006784
observance,6,0.006784
cooler,6,0.006784
narrative,6,0.006784
smuggler,6,0.006784
colony,6,0.006784
frame,6,0.006784
information,6,0.006784
dea,6,0.006784
confession,6,0.006784
windsor,6,0.006784
restriction,6,0.006784
cordial,6,0.006784
reporter,6,0.006784
repository,6,0.006784
wafer,6,0.006784
errand,6,0.006784
sea,6,0.006784
chap,6,0.006784
train,6,0.006784
awe,6,0.006784
disparagement,6,0.006784
fancy,6,0.006784
negligence,6,0.006784
thousand,6,0.006784
parley,6,0.006784
scripture,6,0.006784
aukward,6,0.006784
respectful,6,0.006784
obscenity,6,0.006784
job,6,0.006784
simon,6,0.006784
lap,6,0.006784
indeed,6,0.006784
testimony,6,0.006784
placability,6,0.006784
illusion,6,0.006784
bo,6,0.006784
footing,6,0.006784
wage,6,0.006784
rent,6,0.006784
administration,6,0.006784
vote,6,0.006784
charl,6,0.006784
individual,6,0.006784
ridicule,6,0.006784
hostler,6,0.006784
perseverance,6,0.006784
parade,6,0.006784
generality,6,0.006784
vileness,6,0.006784
being,6,0.006784
jealousy,6,0.006784
tribe,6,0.006784
counsellor,6,0.006784
peny,6,0.006784
friendless,6,0.006784
everybody,6,0.006784
deliberation,6,0.006784
arrival,6,0.006784
particularity,6,0.006784
winter,6,0.006784
and,6,0.006784
shakespeare,6,0.006784
wardship,6,0.006784
hazard,6,0.006784
diversion,6,0.006784
hitherto,6,0.006784
disturbance,6,0.006784
grandmother,6,0.006784
chicken,6,0.006784
recrimination,6,0.006784
source,6,0.006784
pursuit,6,0.006784
garret,6,0.006784
landlady,6,0.006784
intelligencer,6,0.006784
concert,6,0.006784
augmentation,6,0.006784
prowess,6,0.006784
parchment,6,0.006784
compunction,6,0.006784
allowance,6,0.006784
intimacy,6,0.006784
censorious,6,0.006784
army,6,0.006784
bit,6,0.006784
redemption,6,0.006784
fidelity,6,0.006784
bachelor,6,0.006784
meridian,6,0.006784
assignation,6,0.006784
retirement,6,0.006784
stroke,6,0.006784
violater,6,0.006784
sparrow,6,0.006784
top,6,0.006784
net,6,0.006784
knife,6,0.006784
excess,6,0.006784
symmes,6,0.006784
ox,6,0.006784
streights,6,0.006784
pavement,6,0.006784
emblem,6,0.006784
cover,6,0.006784
infection,6,0.006784
provision,6,0.006784
vine,6,0.006784
curtain,6,0.006784
rush,6,0.006784
scratch,6,0.006784
wound,6,0.006784
magnanimity,6,0.006784
spoil,6,0.006784
detriment,6,0.006784
representative,6,0.006784
reliance,6,0.006784
toad,6,0.006784
let,6,0.006784
trade,6,0.006784
josias,6,0.006784
brookland,6,0.006784
slip,6,0.006784
implement,6,0.006784
fatigue,6,0.006784
whom,6,0.006784
tameness,6,0.006784
chain,6,0.006784
transgression,6,0.006784
voyage,6,0.006784
preferment,6,0.006784
hie,6,0.006784
methought,6,0.006784
thump,6,0.006784
pacqet,6,0.006784
losing,6,0.006784
intent,6,0.006784
reasoning,6,0.006784
instigation,6,0.006784
barley,6,0.006784
corn,6,0.006784
moiety,6,0.006784
elopement,6,0.006784
cool,6,0.006784
prsumption,6,0.006784
confirmation,6,0.006784
emanation,6,0.006784
arbitrariness,6,0.006784
detention,6,0.006784
par,6,0.006784
assembly,6,0.006784
lardner,6,0.006784
lengthening,6,0.006784
blunt,6,0.006784
rash,5,0.005654
nation,5,0.005654
fugitive,5,0.005654
didst,5,0.005654
tutor,5,0.005654
oer,5,0.005654
harden,5,0.005654
gratification,5,0.005654
knowest,5,0.005654
skin,5,0.005654
impatiency,5,0.005654
haughtiness,5,0.005654
drayton,5,0.005654
effort,5,0.005654
band,5,0.005654
penance,5,0.005654
abjectness,5,0.005654
produce,5,0.005654
friday,5,0.005654
humility,5,0.005654
repining,5,0.005654
conqueror,5,0.005654
heedless,5,0.005654
proxy,5,0.005654
equipage,5,0.005654
rogers,5,0.005654
thence,5,0.005654
officiousness,5,0.005654
guardian,5,0.005654
sting,5,0.005654
solomon,5,0.005654
deception,5,0.005654
peggy,5,0.005654
forehead,5,0.005654
sweetheart,5,0.005654
margery,5,0.005654
altitude,5,0.005654
consciousness,5,0.005654
virgin,5,0.005654
succour,5,0.005654
dispute,5,0.005654
tile,5,0.005654
ingenuity,5,0.005654
policy,5,0.005654
profaneness,5,0.005654
criticism,5,0.005654
intire,5,0.005654
remedy,5,0.005654
dove,5,0.005654
list,5,0.005654
yo,5,0.005654
consentest,5,0.005654
knock,5,0.005654
tidings,5,0.005654
delusion,5,0.005654
mantua,5,0.005654
assent,5,0.005654
footman,5,0.005654
scotland,5,0.005654
anything,5,0.005654
bequest,5,0.005654
sailor,5,0.005654
hater,5,0.005654
stratagem,5,0.005654
condemnation,5,0.005654
raving,5,0.005654
french,5,0.005654
toe,5,0.005654
slight,5,0.005654
petitioner,5,0.005654
penetration,5,0.005654
insensibility,5,0.005654
tuesday,5,0.005654
web,5,0.005654
departure,5,0.005654
animosity,5,0.005654
disfavour,5,0.005654
writeing,5,0.005654
shortness,5,0.005654
comer,5,0.005654
cost,5,0.005654
achilles,5,0.005654
unknown,5,0.005654
admittance,5,0.005654
consultation,5,0.005654
certainty,5,0.005654
sacrament,5,0.005654
livelihood,5,0.005654
nobleness,5,0.005654
put,5,0.005654
mistake,5,0.005654
pitch,5,0.005654
whither,5,0.005654
hesitation,5,0.005654
roof,5,0.005654
bone,5,0.005654
fondness,5,0.005654
proclamation,5,0.005654
adventurer,5,0.005654
antagonist,5,0.005654
hate,5,0.005654
inconsistence,5,0.005654
display,5,0.005654
forerunner,5,0.005654
acquirement,5,0.005654
eulogium,5,0.005654
thy,5,0.005654
se,5,0.005654
pleasantry,5,0.005654
unkindness,5,0.005654
begone,5,0.005654
softness,5,0.005654
asham,5,0.005654
apology,5,0.005654
dispensation,5,0.005654
dunstan,5,0.005654
crisis,5,0.005654
other,5,0.005654
superior,5,0.005654
inveteracy,5,0.005654
virulence,5,0.005654
recollection,5,0.005654
mirth,5,0.005654
sheriff,5,0.005654
elizabeth,5,0.005654
removal,5,0.005654
demonstration,5,0.005654
disdain,5,0.005654
accord,5,0.005654
pursuance,5,0.005654
perfidy,5,0.005654
cold,5,0.005654
root,5,0.005654
run,5,0.005654
astonishment,5,0.005654
descendent,5,0.005654
solitaire,5,0.005654
buckle,5,0.005654
vil,5,0.005654
stinginess,5,0.005654
jar,5,0.005654
old,5,0.005654
tone,5,0.005654
bounty,5,0.005654
accent,5,0.005654
championess,5,0.005654
royal,5,0.005654
completion,5,0.005654
bent,5,0.005654
client,5,0.005654
lodger,5,0.005654
vexation,5,0.005654
howemiss,5,0.005654
obsecrations,5,0.005654
wind,5,0.005654
intrusion,5,0.005654
consort,5,0.005654
hurricane,5,0.005654
spy,5,0.005654
beam,5,0.005654
accession,5,0.005654
confederacy,5,0.005654
entendre,5,0.005654
forbear,5,0.005654
seduction,5,0.005654
gate,5,0.005654
averseness,5,0.005654
sleeve,5,0.005654
interim,5,0.005654
er,5,0.005654
comply,5,0.005654
squeamishness,5,0.005654
likelihood,5,0.005654
screen,5,0.005654
crew,5,0.005654
trespass,5,0.005654
fruition,5,0.005654
boding,5,0.005654
kempis,5,0.005654
scorn,5,0.005654
musty,5,0.005654
inclin,5,0.005654
breaking,5,0.005654
edifying,5,0.005654
meek,5,0.005654
partner,5,0.005654
traitress,5,0.005654
setup,5,0.005654
rancour,5,0.005654
soe,5,0.005654
balance,5,0.005654
needle,5,0.005654
booth,5,0.005654
wedn,5,0.005654
aggrandizement,5,0.005654
alre,5,0.005654
hickma,5,0.005654
seest,4,0.004523
exertion,4,0.004523
juvenal,4,0.004523
dying,4,0.004523
hast,4,0.004523
your,4,0.004523
jupiter,4,0.004523
conviction,4,0.004523
petulance,4,0.004523
wrath,4,0.004523
croud,4,0.004523
ye,4,0.004523
iron,4,0.004523
fleet,4,0.004523
spurrier,4,0.004523
indigence,4,0.004523
paul,4,0.004523
convocation,4,0.004523
david,4,0.004523
had,4,0.004523
duchess,4,0.004523
george,4,0.004523
colmar,4,0.004523
lucas,4,0.004523
ruddy,4,0.004523
damnation,4,0.004523
enterprizes,4,0.004523
enjoyment,4,0.004523
bard,4,0.004523
liquor,4,0.004523
gospel,4,0.004523
perfection,4,0.004523
rate,4,0.004523
sewer,4,0.004523
birthright,4,0.004523
dialect,4,0.004523
imagin,4,0.004523
oxford,4,0.004523
wall,4,0.004523
mention,4,0.004523
boldness,4,0.004523
commendation,4,0.004523
convulsion,4,0.004523
lancashire,4,0.004523
albans,4,0.004523
slur,4,0.004523
uncertainty,4,0.004523
accusation,4,0.004523
wickeder,4,0.004523
roll,4,0.004523
honest,4,0.004523
blaze,4,0.004523
knot,4,0.004523
savage,4,0.004523
unforgivingness,4,0.004523
dawn,4,0.004523
all,4,0.004523
thinking,4,0.004523
inch,4,0.004523
spot,4,0.004523
weather,4,0.004523
probation,4,0.004523
novelty,4,0.004523
mayest,4,0.004523
knight,4,0.004523
forbearance,4,0.004523
horror,4,0.004523
amputation,4,0.004523
stone,4,0.004523
feeling,4,0.004523
in,4,0.004523
engagement,4,0.004523
monster,4,0.004523
apple,4,0.004523
orange,4,0.004523
ginger,4,0.004523
matt,4,0.004523
antient,4,0.004523
fly,4,0.004523
quantity,4,0.004523
nick,4,0.004523
williams,4,0.004523
reptile,4,0.004523
urrounding,4,0.004523
knack,4,0.004523
sullenness,4,0.004523
colour,4,0.004523
oppression,4,0.004523
chaise,4,0.004523
soldier,4,0.004523
bailiff,4,0.004523
fencing,4,0.004523
partnership,4,0.004523
familiarity,4,0.004523
last,4,0.004523
bedfellow,4,0.004523
manager,4,0.004523
image,4,0.004523
bedchamber,4,0.004523
livery,4,0.004523
aug,4,0.004523
purchase,4,0.004523
acknowleging,4,0.004523
press,4,0.004523
idea,4,0.004523
variety,4,0.004523
sovereign,4,0.004523
slowness,4,0.004523
duel,4,0.004523
why,4,0.004523
preservation,4,0.004523
occurrence,4,0.004523
white,4,0.004523
solicitude,4,0.004523
grave,4,0.004523
clerk,4,0.004523
tormentor,4,0.004523
mixture,4,0.004523
war,4,0.004523
interval,4,0.004523
conveniencies,4,0.004523
rosebud,4,0.004523
chaplain,4,0.004523
sh,4,0.004523
wager,4,0.004523
taint,4,0.004523
relish,4,0.004523
solicitation,4,0.004523
courtship,4,0.004523
mourner,4,0.004523
cloud,4,0.004523
j,4,0.004523
trvels,4,0.004523
associate,4,0.004523
raillery,4,0.004523
union,4,0.004523
branch,4,0.004523
valuable,4,0.004523
prison,4,0.004523
vestal,4,0.004523
fuel,4,0.004523
march,4,0.004523
signal,4,0.004523
mate,4,0.004523
healing,4,0.004523
date,4,0.004523
cloth,4,0.004523
fastening,4,0.004523
adorer,4,0.004523
school,4,0.004523
monkey,4,0.004523
thorn,4,0.004523
underwood,4,0.004523
honesty,4,0.004523
julaps,4,0.004523
roman,4,0.004523
civilitis,4,0.004523
riper,4,0.004523
damp,4,0.004523
daring,4,0.004523
robe,4,0.004523
vicar,4,0.004523
consulting,4,0.004523
region,4,0.004523
plenty,4,0.004523
enquiry,4,0.004523
process,4,0.004523
nest,4,0.004523
maxim,4,0.004523
race,4,0.004523
posterity,4,0.004523
extract,4,0.004523
husbandry,4,0.004523
industry,4,0.004523
necklace,4,0.004523
16th,4,0.004523
september,4,0.004523
receipt,4,0.004523
conveniency,4,0.004523
meekness,4,0.004523
interrupter,4,0.004523
procur,4,0.004523
perkins,4,0.004523
ardour,4,0.004523
religious,4,0.004523
aristotle,4,0.004523
athenian,4,0.004523
cum,4,0.004523
tractant,4,0.004523
alii,4,0.004523
maligne,4,0.004523
ille,4,0.004523
irritat,4,0.004523
implet,4,0.004523
ut,4,0.004523
magus,4,0.004523
thebis,4,0.004523
modo,4,0.004523
ponit,4,0.004523
atheni,4,0.004523
pope,4,0.004523
savour,4,0.004523
weaning,4,0.004523
ugh,4,0.004523
sobb,4,0.004523
hasten,4,0.004523
sanctuary,4,0.004523
oppressor,4,0.004523
brink,4,0.004523
destruction,4,0.004523
specific,4,0.004523
assistant,4,0.004523
oclock,4,0.004523
ill,4,0.004523
nich,4,0.004523
powder,4,0.004523
pollard,4,0.004523
stept,4,0.004523
prate,4,0.004523
cat,4,0.004523
blindness,4,0.004523
scholar,4,0.004523
greek,4,0.004523
surprizes,4,0.004523
inquirist,4,0.004523
coa,4,0.004523
richmond,4,0.004523
resolveing,4,0.004523
wright,4,0.004523
estimation,4,0.004523
trembling,4,0.004523
stuff,4,0.004523
eat,4,0.004523
hanna,4,0.004523
entreaty,4,0.004523
precipitate,4,0.004523
province,4,0.004523
intervention,4,0.004523
natural,4,0.004523
precipitation,4,0.004523
novel,4,0.004523
reflecter,4,0.004523
fie,4,0.004523
bishop,4,0.004523
boccacio,4,0.004523
fist,4,0.004523
passiveness,4,0.004523
disobligations,4,0.004523
stedman,4,0.004523
milk,4,0.004523
blessedness,4,0.004523
recollecting,4,0.004523
sweat,4,0.004523
how,4,0.004523
nderstood,4,0.004523
green,4,0.004523
festivity,4,0.004523
gloominess,4,0.004523
shape,4,0.004523
ode,4,0.004523
poniard,4,0.004523
disreputation,4,0.004523
leering,4,0.004523
scrupulousness,4,0.004523
genealogy,4,0.004523
inoculation,4,0.004523
beaumont,4,0.004523
ingratitude,4,0.004523
inclosed,4,0.004523
deplores,4,0.004523
say,4,0.004523
unman,4,0.004523
workwoman,4,0.004523
judicature,4,0.004523
proceeds,4,0.004523
fold,4,0.004523
show,4,0.004523
excuser,4,0.004523
banker,4,0.004523
upwards,4,0.004523
fitter,4,0.004523
chief,4,0.004523
restitution,4,0.004523
chattel,4,0.004523
fight,4,0.004523
sealing,4,0.004523
sponge,4,0.004523
drum,4,0.004523
leith,4,0.004523
chearfulnesses,4,0.004523
repose,4,0.004523
lenity,3,0.003392
would,3,0.003392
coward,3,0.003392
lamb,3,0.003392
prescriber,3,0.003392
student,3,0.003392
shaft,3,0.003392
abandon,3,0.003392
heat,3,0.003392
efficacy,3,0.003392
graf,3,0.003392
bloom,3,0.003392
prognostic,3,0.003392
coyness,3,0.003392
left,3,0.003392
cloak,3,0.003392
pox,3,0.003392
cross,3,0.003392
deference,3,0.003392
tyranny,3,0.003392
remark,3,0.003392
fiend,3,0.003392
ha,3,0.003392
import,3,0.003392
conents,3,0.003392
stopt,3,0.003392
farewel,3,0.003392
lamentables,3,0.003392
heath,3,0.003392
constancy,3,0.003392
summons,3,0.003392
sensibility,3,0.003392
fund,3,0.003392
benson,3,0.003392
parliament,3,0.003392
affluence,3,0.003392
wainscot,3,0.003392
song,3,0.003392
margaret,3,0.003392
pantry,3,0.003392
bedlam,3,0.003392
lure,3,0.003392
bull,3,0.003392
pedant,3,0.003392
subscription,3,0.003392
hero,3,0.003392
dogma,3,0.003392
four,3,0.003392
observer,3,0.003392
critic,3,0.003392
mayst,3,0.003392
steward,3,0.003392
tabby,3,0.003392
rr,3,0.003392
falshoods,3,0.003392
forgery,3,0.003392
numberless,3,0.003392
perjury,3,0.003392
allegory,3,0.003392
such,3,0.003392
do,3,0.003392
betsey,3,0.003392
venerables,3,0.003392
hinge,3,0.003392
pacquet,3,0.003392
softening,3,0.003392
brevity,3,0.003392
agony,3,0.003392
barker,3,0.003392
bugbear,3,0.003392
disloyalty,3,0.003392
wink,3,0.003392
transport,3,0.003392
auditor,3,0.003392
blank,3,0.003392
thunderbolt,3,0.003392
drag,3,0.003392
government,3,0.003392
mare,3,0.003392
insomuch,3,0.003392
executioner,3,0.003392
access,3,0.003392
dishabille,3,0.003392
cohabitation,3,0.003392
captive,3,0.003392
exultation,3,0.003392
reluctance,3,0.003392
misbehaviour,3,0.003392
thigh,3,0.003392
hip,3,0.003392
jargon,3,0.003392
stream,3,0.003392
shallowness,3,0.003392
delirium,3,0.003392
dreg,3,0.003392
stew,3,0.003392
brothel,3,0.003392
atonement,3,0.003392
equal,3,0.003392
burden,3,0.003392
agitation,3,0.003392
catalan,3,0.003392
charg,3,0.003392
dance,3,0.003392
ingrateful,3,0.003392
member,3,0.003392
elegance,3,0.003392
toss,3,0.003392
acquiescence,3,0.003392
incapacity,3,0.003392
memoranda,3,0.003392
chearfulness,3,0.003392
trooper,3,0.003392
indiscretion,3,0.003392
ice,3,0.003392
equality,3,0.003392
thomas,3,0.003392
cypher,3,0.003392
try,3,0.003392
peevishness,3,0.003392
grove,3,0.003392
cement,3,0.003392
howehowe,3,0.003392
elevation,3,0.003392
meanest,3,0.003392
abasement,3,0.003392
aspiration,3,0.003392
paramour,3,0.003392
murderer,3,0.003392
gallows,3,0.003392
lubber,3,0.003392
goose,3,0.003392
hight,3,0.003392
cash,3,0.003392
both,3,0.003392
duration,3,0.003392
sinner,3,0.003392
cord,3,0.003392
pip,3,0.003392
roup,3,0.003392
cloaking,3,0.003392
coat,3,0.003392
portion,3,0.003392
sleep,3,0.003392
parting,3,0.003392
vultur,3,0.003392
flirt,3,0.003392
sweet,3,0.003392
violator,3,0.003392
perdition,3,0.003392
attitude,3,0.003392
orator,3,0.003392
equity,3,0.003392
dagger,3,0.003392
accuser,3,0.003392
paw,3,0.003392
spark,3,0.003392
physic,3,0.003392
great,3,0.003392
stockens,3,0.003392
poultry,3,0.003392
passive,3,0.003392
covetous,3,0.003392
fountain,3,0.003392
shewn,3,0.003392
remissness,3,0.003392
making,3,0.003392
littleness,3,0.003392
entertainment,3,0.003392
oblig,3,0.003392
traduction,3,0.003392
riser,3,0.003392
representation,3,0.003392
chimney,3,0.003392
bettertons,3,0.003392
conception,3,0.003392
obliger,3,0.003392
ides,3,0.003392
horace,3,0.003392
mole,3,0.003392
intimate,3,0.003392
composition,3,0.003392
breaker,3,0.003392
eagle,3,0.003392
their,3,0.003392
stamping,3,0.003392
tearing,3,0.003392
jemmy,3,0.003392
intercession,3,0.003392
inventory,3,0.003392
intreaty,3,0.003392
agility,3,0.003392
mighty,3,0.003392
bryars,3,0.003392
hereafter,3,0.003392
asseveration,3,0.003392
complexion,3,0.003392
latin,3,0.003392
imperfection,3,0.003392
bid,3,0.003392
advance,3,0.003392
unbolt,3,0.003392
potion,3,0.003392
slipt,3,0.003392
gang,3,0.003392
preaching,3,0.003392
muscovite,3,0.003392
splendor,3,0.003392
judith,3,0.003392
collection,3,0.003392
reform,3,0.003392
descendant,3,0.003392
declar,3,0.003392
waver,3,0.003392
existence,3,0.003392
rustling,3,0.003392
faith,3,0.003392
corruption,3,0.003392
deluder,3,0.003392
plague,3,0.003392
undertaker,3,0.003392
oughtest,3,0.003392
ward,3,0.003392
drink,3,0.003392
grimace,3,0.003392
inconvenience,3,0.003392
discomfort,3,0.003392
avowal,3,0.003392
sauciness,3,0.003392
basis,3,0.003392
exsacknesse,3,0.003392
headstrongness,3,0.003392
tenure,3,0.003392
tendency,3,0.003392
pin,3,0.003392
serenity,3,0.003392
besought,3,0.003392
severest,3,0.003392
forwardness,3,0.003392
peerage,3,0.003392
standing,3,0.003392
bottle,3,0.003392
thief,3,0.003392
complacency,3,0.003392
nevertheless,3,0.003392
symptom,3,0.003392
modern,3,0.003392
incident,3,0.003392
shift,3,0.003392
threatnings,3,0.003392
gradation,3,0.003392
kiss,3,0.003392
inference,3,0.003392
double,3,0.003392
herse,3,0.003392
receptacle,3,0.003392
institution,3,0.003392
land,3,0.003392
libertinism,3,0.003392
wood,3,0.003392
mask,3,0.003392
scarlet,3,0.003392
board,3,0.003392
inferior,3,0.003392
ally,3,0.003392
mowbr,3,0.003392
listening,3,0.003392
calm,3,0.003392
tranquillity,3,0.003392
velvet,3,0.003392
mary,3,0.003392
impostor,3,0.003392
dangler,3,0.003392
morrison,3,0.003392
suspension,3,0.003392
censoriousness,3,0.003392
trifler,3,0.003392
wire,3,0.003392
mishap,3,0.003392
peculiarity,3,0.003392
pillow,3,0.003392
tradition,3,0.003392
moderation,3,0.003392
duelling,3,0.003392
conclusion,3,0.003392
pulse,3,0.003392
intricacy,3,0.003392
gainer,3,0.003392
benevolence,3,0.003392
citizen,3,0.003392
oon,3,0.003392
violetta,3,0.003392
cleanthe,3,0.003392
clelia,3,0.003392
confidante,3,0.003392
poignancy,3,0.003392
extenuation,3,0.003392
oxfordshire,3,0.003392
steadfastness,3,0.003392
unlikelihood,3,0.003392
knotty,3,0.003392
mortgagee,3,0.003392
irreverence,3,0.003392
surmise,3,0.003392
quake,3,0.003392
exemption,3,0.003392
mankind,3,0.003392
wild,3,0.003392
element,3,0.003392
rout,3,0.003392
purchace,3,0.003392
cue,3,0.003392
petticoat,3,0.003392
beggar,3,0.003392
approach,3,0.003392
owl,3,0.003392
exulting,3,0.003392
demise,3,0.003392
foresight,3,0.003392
ladiship,3,0.003392
riot,3,0.003392
dictate,3,0.003392
mantle,3,0.003392
barbarity,3,0.003392
anderson,3,0.003392
falshood,3,0.003392
mariamne,3,0.003392
finch,3,0.003392
watchfulness,3,0.003392
couldest,3,0.003392
eater,3,0.003392
prank,3,0.003392
recess,3,0.003392
altamont,3,0.003392
complains,3,0.003392
expedition,3,0.003392
scrutiny,3,0.003392
unfit,3,0.003392
hieroglyphic,3,0.003392
hare,3,0.003392
scare,3,0.003392
caprice,3,0.003392
despis,3,0.003392
gadding,3,0.003392
historian,3,0.003392
ambassador,3,0.003392
deceitfulness,3,0.003392
cecil,3,0.003392
contriving,3,0.003392
grain,3,0.003392
barbara,3,0.003392
swimming,3,0.003392
sprightly,3,0.003392
property,3,0.003392
immodest,3,0.003392
revocation,3,0.003392
duce,2,0.002261
practise,2,0.002261
palliation,2,0.002261
spanish,2,0.002261
wolf,2,0.002261
devotion,2,0.002261
sportiveness,2,0.002261
proposest,2,0.002261
deer,2,0.002261
frought,2,0.002261
conversion,2,0.002261
injur,2,0.002261
enormity,2,0.002261
miscreant,2,0.002261
opiate,2,0.002261
rival,2,0.002261
cloudiness,2,0.002261
beech,2,0.002261
uncourtliness,2,0.002261
froth,2,0.002261
wrotest,2,0.002261
excursion,2,0.002261
aukwardness,2,0.002261
wor,2,0.002261
consistency,2,0.002261
executrix,2,0.002261
pocock,2,0.002261
dread,2,0.002261
equanimity,2,0.002261
resistless,2,0.002261
artillery,2,0.002261
termagant,2,0.002261
think,2,0.002261
distaste,2,0.002261
chocolate,2,0.002261
strife,2,0.002261
redeemer,2,0.002261
blossom,2,0.002261
borough,2,0.002261
ballast,2,0.002261
bag,2,0.002261
equipp,2,0.002261
attraction,2,0.002261
sermon,2,0.002261
harriot,2,0.002261
dowse,2,0.002261
posture,2,0.002261
remembring,2,0.002261
gypsey,2,0.002261
glow,2,0.002261
warehouse,2,0.002261
every,2,0.002261
frankness,2,0.002261
prosperity,2,0.002261
northamptonshire,2,0.002261
dido,2,0.002261
aeneas,2,0.002261
reign,2,0.002261
reparation,2,0.002261
cassock,2,0.002261
pomp,2,0.002261
dissertation,2,0.002261
imprisonment,2,0.002261
detainest,2,0.002261
sash,2,0.002261
supplication,2,0.002261
dew,2,0.002261
philosophy,2,0.002261
descent,2,0.002261
nipt,2,0.002261
him,2,0.002261
twelvemonth,2,0.002261
bitterness,2,0.002261
them,2,0.002261
check,2,0.002261
blenheim,2,0.002261
begg,2,0.002261
better,2,0.002261
milliner,2,0.002261
aggravation,2,0.002261
supposal,2,0.002261
hiccough,2,0.002261
lump,2,0.002261
nod,2,0.002261
metaphor,2,0.002261
ft,2,0.002261
seemest,2,0.002261
stall,2,0.002261
eloquence,2,0.002261
disputant,2,0.002261
erself,2,0.002261
commerce,2,0.002261
turning,2,0.002261
cure,2,0.002261
elect,2,0.002261
search,2,0.002261
spice,2,0.002261
clergy,2,0.002261
plunge,2,0.002261
steerage,2,0.002261
meal,2,0.002261
abundance,2,0.002261
fretten,2,0.002261
heedlessness,2,0.002261
venice,2,0.002261
tures,2,0.002261
ennoble,2,0.002261
ancestry,2,0.002261
instigator,2,0.002261
cup,2,0.002261
slop,2,0.002261
fracture,2,0.002261
extraction,2,0.002261
surface,2,0.002261
river,2,0.002261
accomplishment,2,0.002261
inspection,2,0.002261
valetudinarian,2,0.002261
pril,2,0.002261
prior,2,0.002261
auditorship,2,0.002261
harley,2,0.002261
leaden,2,0.002261
interception,2,0.002261
addition,2,0.002261
scarificators,2,0.002261
anxiety,2,0.002261
vigour,2,0.002261
unmanly,2,0.002261
unwillingness,2,0.002261
spira,2,0.002261
drexelius,2,0.002261
affability,2,0.002261
unhesitating,2,0.002261
oeconomy,2,0.002261
facility,2,0.002261
referr,2,0.002261
grudge,2,0.002261
disunion,2,0.002261
spendthrift,2,0.002261
waiter,2,0.002261
whelp,2,0.002261
inferiority,2,0.002261
knollys,2,0.002261
threat,2,0.002261
multitude,2,0.002261
marquise,2,0.002261
purse,2,0.002261
equivalent,2,0.002261
prime,2,0.002261
attainment,2,0.002261
adviser,2,0.002261
procedure,2,0.002261
keyhole,2,0.002261
impeachment,2,0.002261
offering,2,0.002261
out,2,0.002261
since,2,0.002261
vessel,2,0.002261
assassin,2,0.002261
riddance,2,0.002261
larkin,2,0.002261
cravat,2,0.002261
bustle,2,0.002261
sheepishness,2,0.002261
lyon,2,0.002261
thumb,2,0.002261
whimsy,2,0.002261
exactness,2,0.002261
successor,2,0.002261
dose,2,0.002261
oint,2,0.002261
perturbation,2,0.002261
waistcoat,2,0.002261
heiress,2,0.002261
coldness,2,0.002261
tyranness,2,0.002261
goshawk,2,0.002261
opera,2,0.002261
agreement,2,0.002261
tenor,2,0.002261
affluent,2,0.002261
unforgiveness,2,0.002261
greatness,2,0.002261
jonathan,2,0.002261
morality,2,0.002261
interposition,2,0.002261
climate,2,0.002261
hoard,2,0.002261
threescore,2,0.002261
pus,2,0.002261
roguery,2,0.002261
rotherhith,2,0.002261
dock,2,0.002261
chatham,2,0.002261
portsmouth,2,0.002261
gouty,2,0.002261
lye,2,0.002261
puppy,2,0.002261
bee,2,0.002261
imposture,2,0.002261
apostasy,2,0.002261
scoff,2,0.002261
salary,2,0.002261
edgeware,2,0.002261
watford,2,0.002261
carpet,2,0.002261
forwarder,2,0.002261
sketch,2,0.002261
yawn,2,0.002261
phaeton,2,0.002261
array,2,0.002261
regular,2,0.002261
breed,2,0.002261
current,2,0.002261
accidental,2,0.002261
julius,2,0.002261
cae,2,0.002261
ar,2,0.002261
contemp,2,0.002261
y,2,0.002261
politics,2,0.002261
bod,2,0.002261
reality,2,0.002261
tat,2,0.002261
owner,2,0.002261
game,2,0.002261
stroak,2,0.002261
wig,2,0.002261
modestest,2,0.002261
so,2,0.002261
peruke,2,0.002261
insatiate,2,0.002261
bias,2,0.002261
accumulator,2,0.002261
garner,2,0.002261
nuptial,2,0.002261
foil,2,0.002261
inconveniency,2,0.002261
hart,2,0.002261
might,2,0.002261
disclaim,2,0.002261
halfhour,2,0.002261
watch,2,0.002261
cockloft,2,0.002261
frost,2,0.002261
competition,2,0.002261
nag,2,0.002261
irreconcileableness,2,0.002261
valet,2,0.002261
la,2,0.002261
aggressor,2,0.002261
engag,2,0.002261
towel,2,0.002261
epsom,2,0.002261
monitress,2,0.002261
comfortings,2,0.002261
glance,2,0.002261
saith,2,0.002261
ating,2,0.002261
fling,2,0.002261
examminations,2,0.002261
camel,2,0.002261
swallowers,2,0.002261
holy,2,0.002261
writ,2,0.002261
fop,2,0.002261
philip,2,0.002261
ii,2,0.002261
frontier,2,0.002261
niobe,2,0.002261
vitals,2,0.002261
bitterer,2,0.002261
espousal,2,0.002261
shoe,2,0.002261
overspread,2,0.002261
should,2,0.002261
movement,2,0.002261
ejectments,2,0.002261
kitchen,2,0.002261
doubling,2,0.002261
scale,2,0.002261
martindale,2,0.002261
administrator,2,0.002261
reprimand,2,0.002261
palace,2,0.002261
high,2,0.002261
holborn,2,0.002261
booby,2,0.002261
plotter,2,0.002261
farthing,2,0.002261
suspence,2,0.002261
learning,2,0.002261
rebellion,2,0.002261
suc,2,0.002261
contriver,2,0.002261
challeng,2,0.002261
detection,2,0.002261
briberess,2,0.002261
farce,2,0.002261
theirs,2,0.002261
oons,2,0.002261
impiety,2,0.002261
trim,2,0.002261
marrying,2,0.002261
inviter,2,0.002261
revolution,2,0.002261
needlework,2,0.002261
locket,2,0.002261
vlue,2,0.002261
compilement,2,0.002261
worthier,2,0.002261
expences,2,0.002261
deserv,2,0.002261
rite,2,0.002261
moon,2,0.002261
clutch,2,0.002261
visage,2,0.002261
pagan,2,0.002261
knightsbridge,2,0.002261
signing,2,0.002261
ja,2,0.002261
imitation,2,0.002261
courtest,2,0.002261
guarantee,2,0.002261
bark,2,0.002261
doggesses,2,0.002261
tail,2,0.002261
shouldest,2,0.002261
tradesman,2,0.002261
gathering,2,0.002261
behav,2,0.002261
akes,2,0.002261
needful,2,0.002261
grate,2,0.002261
transcript,2,0.002261
hysteric,2,0.002261
ending,2,0.002261
prize,2,0.002261
augustan,2,0.002261
enrage,2,0.002261
actor,2,0.002261
ulysses,2,0.002261
phaedra,2,0.002261
hippolytus,2,0.002261
poetics,2,0.002261
idem,2,0.002261
delayer,2,0.002261
loop,2,0.002261
calmness,2,0.002261
undressing,2,0.002261
harasses,2,0.002261
burning,2,0.002261
adoration,2,0.002261
flood,2,0.002261
sute,2,0.002261
clutter,2,0.002261
grocer,2,0.002261
faintings,2,0.002261
simpleton,2,0.002261
smithmrs,2,0.002261
jump,2,0.002261
grin,2,0.002261
needest,2,0.002261
joint,2,0.002261
stool,2,0.002261
gum,2,0.002261
beginner,2,0.002261
portugal,2,0.002261
jeopardy,2,0.002261
chearful,2,0.002261
cossack,2,0.002261
pultowa,2,0.002261
harlot,2,0.002261
naughty,2,0.002261
contrition,2,0.002261
heel,2,0.002261
shrug,2,0.002261
inviolate,2,0.002261
sacrilege,2,0.002261
repartee,2,0.002261
saint,2,0.002261
peccadillo,2,0.002261
bowling,2,0.002261
gree,2,0.002261
ellhill,2,0.002261
vagary,2,0.002261
oar,2,0.002261
misreporters,2,0.002261
pint,2,0.002261
xc,2,0.002261
longs,2,0.002261
statuary,2,0.002261
juno,2,0.002261
exceptionable,2,0.002261
flash,2,0.002261
grandpapa,2,0.002261
ungen,2,0.002261
lung,2,0.002261
railery,2,0.002261
madman,2,0.002261
communicativeness,2,0.002261
cunning,2,0.002261
dinnering,2,0.002261
mself,2,0.002261
gilding,2,0.002261
sternness,2,0.002261
disaster,2,0.002261
sorrowing,2,0.002261
young,2,0.002261
reverie,2,0.002261
cease,2,0.002261
alban,2,0.002261
silver,2,0.002261
surmize,2,0.002261
hither,2,0.002261
observ,2,0.002261
presumptuous,2,0.002261
umbrage,2,0.002261
full,2,0.002261
scrape,2,0.002261
cannot,2,0.002261
retrieve,2,0.002261
liveliness,2,0.002261
tincture,2,0.002261
communion,2,0.002261
dimness,2,0.002261
recoil,2,0.002261
syren,2,0.002261
complection,2,0.002261
ho,2,0.002261
atkins,2,0.002261
sport,2,0.002261
hunger,2,0.002261
tenderest,2,0.002261
essay,2,0.002261
rubicon,2,0.002261
edict,2,0.002261
robbery,2,0.002261
hearsay,2,0.002261
belly,2,0.002261
courtyard,2,0.002261
catalogue,2,0.002261
annabella,2,0.002261
esquire,2,0.002261
weed,2,0.002261
arnestness,2,0.002261
om,2,0.002261
pierglasses,2,0.002261
heightenings,2,0.002261
bury,2,0.002261
oblivion,2,0.002261
unchearful,2,0.002261
solidity,2,0.002261
shewing,2,0.002261
willers,2,0.002261
palating,2,0.002261
podagra,2,0.002261
foxhunter,2,0.002261
vermin,2,0.002261
food,2,0.002261
uniformity,2,0.002261
unpair,2,0.002261
true,2,0.002261
rectitude,2,0.002261
partiality,2,0.002261
dealing,2,0.002261
palliating,2,0.002261
lookout,2,0.002261
vehicle,2,0.002261
veracity,2,0.002261
awakening,2,0.002261
deviation,2,0.002261
nobleman,2,0.002261
persuadableness,2,0.002261
university,2,0.002261
conquer,2,0.002261
ell,2,0.002261
ad,2,0.002261
patrick,2,0.002261
mdonald,2,0.002261
graciousness,2,0.002261
relenting,2,0.002261
complaint,2,0.002261
vision,2,0.002261
prodigy,2,0.002261
covetousness,2,0.002261
hempen,2,0.002261
gasp,2,0.002261
blest,2,0.002261
theme,2,0.002261
perfect,2,0.002261
mullins,2,0.002261
herd,2,0.002261
susceptibility,2,0.002261
em,2,0.002261
reprobation,2,0.002261
contraction,2,0.002261
prey,2,0.002261
disagreeableness,2,0.002261
engagedst,2,0.002261
correction,2,0.002261
extension,2,0.002261
who,2,0.002261
oftenest,2,0.002261
unobserv,2,0.002261
genealogist,2,0.002261
rigor,2,0.002261
market,2,0.002261
surmizes,2,0.002261
confederate,2,0.002261
simper,2,0.002261
weathercock,2,0.002261
wantonness,2,0.002261
vex,2,0.002261
selfdefence,2,0.002261
assertion,2,0.002261
throne,2,0.002261
lancaster,2,0.002261
store,2,0.002261
daemon,2,0.002261
abhor,2,0.002261
season,2,0.002261
distraction,2,0.002261
refreshment,2,0.002261
decanter,2,0.002261
tavern,2,0.002261
mood,2,0.002261
brawl,2,0.002261
leap,2,0.002261
margin,2,0.002261
index,2,0.002261
concede,2,0.002261
perpetration,2,0.002261
permit,2,0.002261
tremble,2,0.002261
livest,2,0.002261
nemy,2,0.002261
hudibras,2,0.002261
lark,2,0.002261
rejection,2,0.002261
intreats,2,0.002261
bond,2,0.002261
claw,2,0.002261
cleaver,2,0.002261
gridiron,2,0.002261
acton,2,0.002261
hamersmith,2,0.002261
shriek,2,0.002261
dare,2,0.002261
puzzle,2,0.002261
un,2,0.002261
exchange,2,0.002261
kindred,2,0.002261
shillins,2,0.002261
logins,2,0.002261
fyste,2,0.002261
shee,2,0.002261
reservedness,2,0.002261
howeanna,2,0.002261
besides,2,0.002261
coldwater,2,0.002261
damper,2,0.002261
illustration,2,0.002261
monopoly,2,0.002261
discharg,2,0.002261
proficiency,2,0.002261
ceiling,2,0.002261
refuser,2,0.002261
toil,2,0.002261
victory,2,0.002261
running,2,0.002261
serpent,2,0.002261
globe,2,0.002261
public,2,0.002261
mule,2,0.002261
spaniard,2,0.002261
cut,2,0.002261
condescend,2,0.002261
disapproves,2,0.002261
obliquity,2,0.002261
outside,2,0.002261
prosecuting,2,0.002261
soninlaw,2,0.002261
terence,2,0.002261
imbecility,2,0.002261
lothario,2,0.002261
canon,2,0.002261
noviciate,2,0.002261
nupti,2,0.002261
suspect,2,0.002261
quiet,2,0.002261
feather,2,0.002261
front,2,0.002261
damn,2,0.002261
orths,2,0.002261
dissimulation,2,0.002261
compromise,2,0.002261
primm,2,0.002261
unaccountablenesses,2,0.002261
listener,2,0.002261
demerit,2,0.002261
pause,2,0.002261
fulness,2,0.002261
close,2,0.002261
contract,2,0.002261
fairing,2,0.002261
mien,2,0.002261
sip,2,0.002261
nicety,2,0.002261
amiens,2,0.002261
whoever,2,0.002261
housekeeping,2,0.002261
cott,2,0.002261
enmity,2,0.002261
resuge,2,0.002261
drug,2,0.002261
welby,2,0.002261
reproacher,2,0.002261
sick,2,0.002261
felon,2,0.002261
monitor,2,0.002261
gladness,2,0.002261
leghorn,2,0.002261
descrtion,2,0.002261
placidness,2,0.002261
comma,2,0.002261
counsel,2,0.002261
benignity,2,0.002261
knoweth,2,0.002261
advancer,2,0.002261
bigness,2,0.002261
nerve,2,0.002261
fibre,2,0.002261
aid,2,0.002261
ailment,2,0.002261
albemarle,2,0.002261
gaudier,2,0.002261
trapping,2,0.002261
adventur,2,0.002261
molester,2,0.002261
rust,2,0.002261
ala,2,0.002261
plaintiveness,2,0.002261
inquirer,2,0.002261
miscellany,1,0.001131
confound,1,0.001131
clumsiness,1,0.001131
profit,1,0.001131
criminal,1,0.001131
down,1,0.001131
spectre,1,0.001131
come,1,0.001131
hercules,1,0.001131
vapour,1,0.001131
dreamer,1,0.001131
skeleton,1,0.001131
sensation,1,0.001131
outsettings,1,0.001131
unbutton,1,0.001131
nap,1,0.001131
warming,1,0.001131
courser,1,0.001131
slighter,1,0.001131
unawares,1,0.001131
converse,1,0.001131
endowment,1,0.001131
opinio,1,0.001131
bout,1,0.001131
retort,1,0.001131
reference,1,0.001131
forsooth,1,0.001131
bushel,1,0.001131
subterfuge,1,0.001131
unsisterliness,1,0.001131
sliding,1,0.001131
logic,1,0.001131
alienation,1,0.001131
siding,1,0.001131
bluster,1,0.001131
reconciliatory,1,0.001131
re,1,0.001131
insensible,1,0.001131
sorrowings,1,0.001131
gloom,1,0.001131
capitulation,1,0.001131
hardness,1,0.001131
october,1,0.001131
duc,1,0.001131
preparative,1,0.001131
diver,1,0.001131
incumbrance,1,0.001131
find,1,0.001131
burial,1,0.001131
inmate,1,0.001131
ino,1,0.001131
smack,1,0.001131
tower,1,0.001131
norwood,1,0.001131
trap,1,0.001131
devoir,1,0.001131
phalaris,1,0.001131
artist,1,0.001131
wouldest,1,0.001131
cub,1,0.001131
usedst,1,0.001131
adulation,1,0.001131
leaf,1,0.001131
moth,1,0.001131
canker,1,0.001131
worm,1,0.001131
damask,1,0.001131
rose,1,0.001131
naming,1,0.001131
hodges,1,0.001131
virgil,1,0.001131
succession,1,0.001131
allusion,1,0.001131
collegian,1,0.001131
rote,1,0.001131
penury,1,0.001131
antique,1,0.001131
cow,1,0.001131
flesh,1,0.001131
outcry,1,0.001131
belsord,1,0.001131
arraignment,1,0.001131
assay,1,0.001131
uproar,1,0.001131
tub,1,0.001131
whale,1,0.001131
quagmire,1,0.001131
assitance,1,0.001131
rhetorician,1,0.001131
insulter,1,0.001131
unpersuadableness,1,0.001131
pant,1,0.001131
advertise,1,0.001131
brook,1,0.001131
frugality,1,0.001131
gratifying,1,0.001131
jesting,1,0.001131
strictness,1,0.001131
ince,1,0.001131
hackney,1,0.001131
dowager,1,0.001131
vienna,1,0.001131
city,1,0.001131
baron,1,0.001131
windisgratz,1,0.001131
favorita,1,0.001131
approves,1,0.001131
tree,1,0.001131
shews,1,0.001131
womb,1,0.001131
relater,1,0.001131
accomplice,1,0.001131
second,1,0.001131
whe,1,0.001131
empson,1,0.001131
gesture,1,0.001131
aught,1,0.001131
surpris,1,0.001131
subordination,1,0.001131
guiltless,1,0.001131
casement,1,0.001131
companionship,1,0.001131
woollen,1,0.001131
draper,1,0.001131
receiv,1,0.001131
going,1,0.001131
coming,1,0.001131
volubility,1,0.001131
increase,1,0.001131
tempter,1,0.001131
shadow,1,0.001131
mantuan,1,0.001131
chastity,1,0.001131
rinaldo,1,0.001131
shun,1,0.001131
compeer,1,0.001131
sffragans,1,0.001131
carter,1,0.001131
effluvium,1,0.001131
carcass,1,0.001131
science,1,0.001131
hr,1,0.001131
bubbling,1,0.001131
pebble,1,0.001131
shod,1,0.001131
carelssnes,1,0.001131
intemperance,1,0.001131
lead,1,0.001131
discountenance,1,0.001131
howler,1,0.001131
censurer,1,0.001131
unedifying,1,0.001131
rising,1,0.001131
reverend,1,0.001131
appropriation,1,0.001131
holiday,1,0.001131
east,1,0.001131
preface,1,0.001131
sable,1,0.001131
watching,1,0.001131
arduousness,1,0.001131
handmaid,1,0.001131
waller,1,0.001131
litter,1,0.001131
precipice,1,0.001131
gallantry,1,0.001131
medition,1,0.001131
trace,1,0.001131
liki,1,0.001131
renunciation,1,0.001131
chal,1,0.001131
teller,1,0.001131
cook,1,0.001131
chastisement,1,0.001131
sisterinlaw,1,0.001131
venus,1,0.001131
waist,1,0.001131
yea,1,0.001131
begets,1,0.001131
function,1,0.001131
madrid,1,0.001131
frenc,1,0.001131
guide,1,0.001131
valour,1,0.001131
uncontroulable,1,0.001131
cashier,1,0.001131
custody,1,0.001131
doat,1,0.001131
dupe,1,0.001131
divorce,1,0.001131
ignominy,1,0.001131
expensiveness,1,0.001131
dozenth,1,0.001131
lieutenant,1,0.001131
ensign,1,0.001131
yoke,1,0.001131
acquisition,1,0.001131
stabb,1,0.001131
qualifier,1,0.001131
finding,1,0.001131
intimating,1,0.001131
bashfulness,1,0.001131
solemnization,1,0.001131
seriousness,1,0.001131
cushion,1,0.001131
corruptors,1,0.001131
sprightliness,1,0.001131
battle,1,0.001131
hunch,1,0.001131
baboon,1,0.001131
bulk,1,0.001131
sore,1,0.001131
opponent,1,0.001131
keeperess,1,0.001131
whip,1,0.001131
brood,1,0.001131
interdict,1,0.001131
chalk,1,0.001131
diggs,1,0.001131
rencounter,1,0.001131
benefactress,1,0.001131
abstinence,1,0.001131
attorney,1,0.001131
jelly,1,0.001131
repast,1,0.001131
slighting,1,0.001131
ivory,1,0.001131
coral,1,0.001131
harmony,1,0.001131
raillying,1,0.001131
uisition,1,0.001131
misdeed,1,0.001131
cocker,1,0.001131
sloane,1,0.001131
blackmoor,1,0.001131
singer,1,0.001131
israel,1,0.001131
oil,1,0.001131
destin,1,0.001131
reformer,1,0.001131
imitator,1,0.001131
desperation,1,0.001131
ape,1,0.001131
hemm,1,0.001131
partition,1,0.001131
butchery,1,0.001131
depredation,1,0.001131
arch,1,0.001131
treasure,1,0.001131
lucretia,1,0.001131
miser,1,0.001131
biddy,1,0.001131
wapping,1,0.001131
parenthesis,1,0.001131
crier,1,0.001131
fansy,1,0.001131
meat,1,0.001131
pleasanter,1,0.001131
ipecacuanha,1,0.001131
idleness,1,0.001131
turk,1,0.001131
persian,1,0.001131
mogholl,1,0.001131
seraglio,1,0.001131
eastern,1,0.001131
burst,1,0.001131
drovest,1,0.001131
chace,1,0.001131
stump,1,0.001131
host,1,0.001131
palpitation,1,0.001131
cattle,1,0.001131
neatness,1,0.001131
glotes,1,0.001131
melilot,1,0.001131
comrade,1,0.001131
palliates,1,0.001131
wrestler,1,0.001131
continent,1,0.001131
dissipation,1,0.001131
postscript,1,0.001131
solicitous,1,0.001131
penitentials,1,0.001131
flatterer,1,0.001131
carelesness,1,0.001131
reprisal,1,0.001131
tuum,1,0.001131
saddler,1,0.001131
touch,1,0.001131
packet,1,0.001131
setting,1,0.001131
al,1,0.001131
casket,1,0.001131
fluenter,1,0.001131
outsetting,1,0.001131
eithe,1,0.001131
bridge,1,0.001131
donation,1,0.001131
patsey,1,0.001131
miserablest,1,0.001131
contrive,1,0.001131
legislature,1,0.001131
monger,1,0.001131
tack,1,0.001131
mending,1,0.001131
neckcloth,1,0.001131
bib,1,0.001131
starch,1,0.001131
aegr,1,0.001131
nunc,1,0.001131
proce,1,0.001131
ovid,1,0.001131
sky,1,0.001131
ribband,1,0.001131
hah,1,0.001131
rear,1,0.001131
abate,1,0.001131
fatherinlaw,1,0.001131
explicitness,1,0.001131
apprehensiveness,1,0.001131
blameable,1,0.001131
obligingly,1,0.001131
bullet,1,0.001131
de,1,0.001131
brixen,1,0.001131
efore,1,0.001131
chafing,1,0.001131
boar,1,0.001131
bay,1,0.001131
chop,1,0.001131
rescue,1,0.001131
congress,1,0.001131
invocation,1,0.001131
stress,1,0.001131
square,1,0.001131
chagrin,1,0.001131
extreme,1,0.001131
fragment,1,0.001131
mowbay,1,0.001131
teaster,1,0.001131
devill,1,0.001131
exercise,1,0.001131
mass,1,0.001131
hey,1,0.001131
confin,1,0.001131
beau,1,0.001131
brocade,1,0.001131
coy,1,0.001131
basilisk,1,0.001131
reversion,1,0.001131
vainglory,1,0.001131
countryman,1,0.001131
consternation,1,0.001131
dorastus,1,0.001131
fauia,1,0.001131
vallens,1,0.001131
unbar,1,0.001131
elocution,1,0.001131
assemblage,1,0.001131
couldst,1,0.001131
sobbing,1,0.001131
audit,1,0.001131
lumbering,1,0.001131
blunderer,1,0.001131
unusualness,1,0.001131
tatter,1,0.001131
humorousness,1,0.001131
digression,1,0.001131
casuistry,1,0.001131
tideings,1,0.001131
stab,1,0.001131
brutus,1,0.001131
express,1,0.001131
openness,1,0.001131
sway,1,0.001131
pestilence,1,0.001131
famine,1,0.001131
brussels,1,0.001131
slly,1,0.001131
anglic,1,0.001131
resumeing,1,0.001131
thoughtlesness,1,0.001131
perversness,1,0.001131
idle,1,0.001131
whi,1,0.001131
narcissus,1,0.001131
georgic,1,0.001131
vocative,1,0.001131
contingency,1,0.001131
perpetuity,1,0.001131
following,1,0.001131
giles,1,0.001131
county,1,0.001131
middlesex,1,0.001131
rector,1,0.001131
curate,1,0.001131
publication,1,0.001131
bane,1,0.001131
consanguinity,1,0.001131
affinity,1,0.001131
impediment,1,0.001131
rachel,1,0.001131
clark,1,0.001131
bawl,1,0.001131
quaking,1,0.001131
throbless,1,0.001131
mouse,1,0.001131
emphasis,1,0.001131
inversion,1,0.001131
penknife,1,0.001131
pensylvania,1,0.001131
june,1,0.001131
cowley,1,0.001131
melancholy,1,0.001131
apparents,1,0.001131
snack,1,0.001131
conjuration,1,0.001131
sorcery,1,0.001131
witchcraft,1,0.001131
pityless,1,0.001131
anon,1,0.001131
rover,1,0.001131
gothamite,1,0.001131
rant,1,0.001131
teaze,1,0.001131
reed,1,0.001131
pur,1,0.001131
ieus,1,0.001131
varletesses,1,0.001131
pale,1,0.001131
gust,1,0.001131
proposition,1,0.001131
generation,1,0.001131
gloriest,1,0.001131
likest,1,0.001131
chicaning,1,0.001131
chicaneriers,1,0.001131
practicers,1,0.001131
testator,1,0.001131
covent,1,0.001131
testament,1,0.001131
dad,1,0.001131
wriing,1,0.001131
continuance,1,0.001131
appeaance,1,0.001131
guines,1,0.001131
perquisite,1,0.001131
coddard,1,0.001131
vandyke,1,0.001131
plight,1,0.001131
independency,1,0.001131
comforter,1,0.001131
forgive,1,0.001131
paddock,1,0.001131
sot,1,0.001131
sheath,1,0.001131
amaze,1,0.001131
prescience,1,0.001131
snatch,1,0.001131
repenters,1,0.001131
mortality,1,0.001131
bliss,1,0.001131
manacling,1,0.001131
hale,1,0.001131
ariosto,1,0.001131
gaiety,1,0.001131
bavaria,1,0.001131
tyrol,1,0.001131
enlargement,1,0.001131
tomorrow,1,0.001131
ife,1,0.001131
necessary,1,0.001131
coin,1,0.001131
conjurer,1,0.001131
dough,1,0.001131
majesty,1,0.001131
amiss,1,0.001131
employ,1,0.001131
furnish,1,0.001131
sarvise,1,0.001131
upp,1,0.001131
inne,1,0.001131
ambishion,1,0.001131
sarvinge,1,0.001131
conshence,1,0.001131
indede,1,0.001131
plane,1,0.001131
turnes,1,0.001131
mought,1,0.001131
mayhap,1,0.001131
lanlady,1,0.001131
honer,1,0.001131
parden,1,0.001131
volatility,1,0.001131
banister,1,0.001131
constable,1,0.001131
bein,1,0.001131
kerchief,1,0.001131
dram,1,0.001131
volunteer,1,0.001131
polygamy,1,0.001131
syria,1,0.001131
gall,1,0.001131
particualr,1,0.001131
gin,1,0.001131
endearment,1,0.001131
attempter,1,0.001131
homer,1,0.001131
champion,1,0.001131
heaving,1,0.001131
ingrossments,1,0.001131
malory,1,0.001131
cheshunt,1,0.001131
swell,1,0.001131
cavalcade,1,0.001131
hunter,1,0.001131
hateth,1,0.001131
hath,1,0.001131
censurers,1,0.001131
stedfast,1,0.001131
hopeing,1,0.001131
chiding,1,0.001131
eclipser,1,0.001131
smartness,1,0.001131
brilliancy,1,0.001131
stupidity,1,0.001131
pertness,1,0.001131
conjecture,1,0.001131
chearfully,1,0.001131
guess,1,0.001131
dover,1,0.001131
fallacy,1,0.001131
suggestion,1,0.001131
shroud,1,0.001131
edgware,1,0.001131
ignorance,1,0.001131
godmother,1,0.001131
comeliness,1,0.001131
suiter,1,0.001131
blighting,1,0.001131
debauchee,1,0.001131
discontent,1,0.001131
rod,1,0.001131
cough,1,0.001131
music,1,0.001131
breeding,1,0.001131
insincerity,1,0.001131
maturest,1,0.001131
demeanour,1,0.001131
assenting,1,0.001131
sneer,1,0.001131
debasement,1,0.001131
testatrix,1,0.001131
apron,1,0.001131
spiritless,1,0.001131
purposing,1,0.001131
advatage,1,0.001131
pill,1,0.001131
won,1,0.001131
unbidden,1,0.001131
escutcheon,1,0.001131
billow,1,0.001131
cascade,1,0.001131
dashings,1,0.001131
trifling,1,0.001131
obstruction,1,0.001131
luck,1,0.001131
dismission,1,0.001131
alighting,1,0.001131
hazel,1,0.001131
gracefulness,1,0.001131
maturity,1,0.001131
little,1,0.001131
dross,1,0.001131
definition,1,0.001131
oftener,1,0.001131
paragon,1,0.001131
phrensy,1,0.001131
amount,1,0.001131
worse,1,0.001131
sensible,1,0.001131
sincerer,1,0.001131
wherewith,1,0.001131
know,1,0.001131
fetter,1,0.001131
mode,1,0.001131
surpriz,1,0.001131
oee,1,0.001131
spread,1,0.001131
devilson,1,0.001131
englishman,1,0.001131
bluntness,1,0.001131
intruder,1,0.001131
nettle,1,0.001131
capitulating,1,0.001131
europe,1,0.001131
numbness,1,0.001131
misty,1,0.001131
distemper,1,0.001131
moderator,1,0.001131
newness,1,0.001131
depend,1,0.001131
dreading,1,0.001131
dropp,1,0.001131
retir,1,0.001131
mistiness,1,0.001131
rainbow,1,0.001131
porter,1,0.001131
knowledge,1,0.001131
sear,1,0.001131
wretc,1,0.001131
housewife,1,0.001131
penalty,1,0.001131
worthy,1,0.001131
spain,1,0.001131
soother,1,0.001131
for,1,0.001131
toying,1,0.001131
isicle,1,0.001131
inflexibility,1,0.001131
richness,1,0.001131
midst,1,0.001131
fetch,1,0.001131
fal,1,0.001131
lal,1,0.001131
batchelor,1,0.001131
cockle,1,0.001131
shell,1,0.001131
robinson,1,0.001131
grotto,1,0.001131
first,1,0.001131
retch,1,0.001131
ave,1,0.001131
wisher,1,0.001131
solicitor,1,0.001131
stile,1,0.001131
detractor,1,0.001131
tomlison,1,0.001131
nphew,1,0.001131
apartmen,1,0.001131
complaisance,1,0.001131
accounting,1,0.001131
treachery,1,0.001131
malt,1,0.001131
hi,1,0.001131
incoherence,1,0.001131
blistering,1,0.001131
simile,1,0.001131
cage,1,0.001131
correspondest,1,0.001131
sirrah,1,0.001131
scoundrel,1,0.001131
clanking,1,0.001131
fry,1,0.001131
persecutor,1,0.001131
planter,1,0.001131
fa,1,0.001131
sollicitous,1,0.001131
righthand,1,0.001131
bedew,1,0.001131
unfelt,1,0.001131
sleeper,1,0.001131
bedford,1,0.001131
manifold,1,0.001131
obscurity,1,0.001131
narrowness,1,0.001131
acknowlegements,1,0.001131
flock,1,0.001131
peculiars,1,0.001131
bruise,1,0.001131
versailles,1,0.001131
dunghil,1,0.001131
egress,1,0.001131
regress,1,0.001131
loneliness,1,0.001131
rellance,1,0.001131
foe,1,0.001131
reimbursement,1,0.001131
siccofant,1,0.001131
emblazon,1,0.001131
interruption,1,0.001131
rejoicing,1,0.001131
expiration,1,0.001131
pathos,1,0.001131
selfconfidence,1,0.001131
lecture,1,0.001131
withdrawing,1,0.001131
discharge,1,0.001131
vamp,1,0.001131
keeping,1,0.001131
tremor,1,0.001131
suppos,1,0.001131
unworthiness,1,0.001131
resolv,1,0.001131
occacasion,1,0.001131
port,1,0.001131
guesser,1,0.001131
soil,1,0.001131
ratcliffe,1,0.001131
megrim,1,0.001131
cavil,1,0.001131
dowry,1,0.001131
adroitness,1,0.001131
loggerhead,1,0.001131
prettily,1,0.001131
epistle,1,0.001131
fuller,1,0.001131
allinson,1,0.001131
pew,1,0.001131
twinkler,1,0.001131
distortion,1,0.001131
treat,1,0.001131
rivalry,1,0.001131
discipline,1,0.001131
ndulgence,1,0.001131
hunting,1,0.001131
relapse,1,0.001131
patriot,1,0.001131
byron,1,0.001131
ascendant,1,0.001131
ow,1,0.001131
mple,1,0.001131
worship,1,0.001131
rincipal,1,0.001131
kerb,1,0.001131
bridle,1,0.001131
napkin,1,0.001131
hoop,1,0.001131
circumference,1,0.001131
firm,1,0.001131
admonition,1,0.001131
offspring,1,0.001131
harshness,1,0.001131
safeguard,1,0.001131
hawk,1,0.001131
kite,1,0.001131
superciliousness,1,0.001131
write,1,0.001131
expostulatory,1,0.001131
evasion,1,0.001131
curvings,1,0.001131
sat,1,0.001131
menial,1,0.001131
animal,1,0.001131
original,1,0.001131
precedent,1,0.001131
complimenters,1,0.001131
scipio,1,0.001131
variance,1,0.001131
indulg,1,0.001131
dastardiz,1,0.001131
riving,1,0.001131
withdraw,1,0.001131
ook,1,0.001131
frowarder,1,0.001131
chasm,1,0.001131
misconstruction,1,0.001131
imposition,1,0.001131
dealer,1,0.001131
waltham,1,0.001131
refutation,1,0.001131
mistrust,1,0.001131
statue,1,0.001131
resverie,1,0.001131
rebuff,1,0.001131
drift,1,0.001131
mummy,1,0.001131
tittle,1,0.001131
small,1,0.001131
explanation,1,0.001131
preacher,1,0.001131
laetitia,1,0.001131
disobligation,1,0.001131
competitor,1,0.001131
urgency,1,0.001131
resort,1,0.001131
objectible,1,0.001131
insuperable,1,0.001131
duke,1,0.001131
tit,1,0.001131
fleer,1,0.001131
dislikings,1,0.001131
precedence,1,0.001131
stud,1,0.001131
besom,1,0.001131
gender,1,0.001131
initial,1,0.001131
aforehand,1,0.001131
looke,1,0.001131
sellow,1,0.001131
dragon,1,0.001131
infernal,1,0.001131
habitation,1,0.001131
connexion,1,0.001131
sherry,1,0.001131
sagacity,1,0.001131
doe,1,0.001131
park,1,0.001131
stumble,1,0.001131
harbour,1,0.001131
abett,1,0.001131
promisory,1,0.001131
obliging,1,0.001131
tart,1,0.001131
fix,1,0.001131
passedst,1,0.001131
juggler,1,0.001131
sleight,1,0.001131
persevereance,1,0.001131
reversiona,1,0.001131
shine,1,0.001131
rail,1,0.001131
spleen,1,0.001131
gratify,1,0.001131
shower,1,0.001131
haggard,1,0.001131
apocrypha,1,0.001131
impudence,1,0.001131
payment,1,0.001131
forborn,1,0.001131
lowness,1,0.001131
calling,1,0.001131
simplicity,1,0.001131
calmer,1,0.001131
bolt,1,0.001131
latch,1,0.001131
inside,1,0.001131
goer,1,0.001131
hood,1,0.001131
journeywoman,1,0.001131
tapping,1,0.001131
carbonade,1,0.001131
slice,1,0.001131
pepper,1,0.001131
easy,1,0.001131
madness,1,0.001131
fram,1,0.001131
bespoke,1,0.001131
tress,1,0.001131
morsel,1,0.001131
jaw,1,0.001131
tiresias,1,0.001131
horseman,1,0.001131
license,1,0.001131
prostration,1,0.001131
despairedst,1,0.001131
socrates,1,0.001131
treason,1,0.001131
campion,1,0.001131
peremptoriness,1,0.001131
magistracy,1,0.001131
card,1,0.001131
allegiance,1,0.001131
halcyon,1,0.001131
eel,1,0.001131
congratulation,1,0.001131
repugnance,1,0.001131
bonnet,1,0.001131
teazer,1,0.001131
premeditation,1,0.001131
fierceness,1,0.001131
behoves,1,0.001131
plantation,1,0.001131
default,1,0.001131
invoker,1,0.001131
immortality,1,0.001131
beforend,1,0.001131
trix,1,0.001131
hereaway,1,0.001131
shuld,1,0.001131
prems,1,0.001131
cuurse,1,0.001131
gaoleress,1,0.001131
despights,1,0.001131
fatality,1,0.001131
foolishness,1,0.001131
craving,1,0.001131
mordens,1,0.001131
infidel,1,0.001131
exhortation,1,0.001131
kensington,1,0.001131
noon,1,0.001131
aesop,1,0.001131
wilfulness,1,0.001131
malignity,1,0.001131
venom,1,0.001131
dorca,1,0.001131
pet,1,0.001131
move,1,0.001131
climb,1,0.001131
paint,1,0.001131
immoveable,1,0.001131
antiquity,1,0.001131
blackwall,1,0.001131
strait,1,0.001131
adventure,1,0.001131
ty,1,0.001131
die,1,0.001131
boat,1,0.001131
decay,1,0.001131
babe,1,0.001131
intermeddling,1,0.001131
opposer,1,0.001131
fac,1,0.001131
officious,1,0.001131
requester,1,0.001131
balancing,1,0.001131
distressful,1,0.001131
shudder,1,0.001131
uld,1,0.001131
divine,1,0.001131
peruse,1,0.001131
antecedent,1,0.001131
clue,1,0.001131
approval,1,0.001131
herod,1,0.001131
proctor,1,0.001131
prudery,1,0.001131
sheep,1,0.001131
cloathing,1,0.001131
rib,1,0.001131
effusion,1,0.001131
monsieur,1,0.001131
filmer,1,0.001131
husbandman,1,0.001131
bustlings,1,0.001131
shelburne,1,0.001131
viler,1,0.001131
unconcernedness,1,0.001131
ocean,1,0.001131
heroism,1,0.001131
machinery,1,0.001131
countermarch,1,0.001131
implacables,1,0.001131
promiser,1,0.001131
loyalty,1,0.001131
epitome,1,0.001131
roar,1,0.001131
briar,1,0.001131
unobjectible,1,0.001131
parentage,1,0.001131
pursuer,1,0.001131
jury,1,0.001131
deemster,1,0.001131
rope,1,0.001131
averrment,1,0.001131
nobility,1,0.001131
himself,1,0.001131
persuasion,1,0.001131
tommy,1,0.001131
scribe,1,0.001131
amanuensis,1,0.001131
amiableness,1,0.001131
yield,1,0.001131
blockhead,1,0.001131
cuckold,1,0.001131
essence,1,0.001131
quarreller,1,0.001131
mendest,1,0.001131
on,1,0.001131
renew,1,0.001131
isle,1,0.001131
wight,1,0.001131
decorum,1,0.001131
preferr,1,0.001131
comeing,1,0.001131
pedigree,1,0.001131
engine,1,0.001131
deposite,1,0.001131
rub,1,0.001131
preserv,1,0.001131
princess,1,0.001131
roomatise,1,0.001131
streight,1,0.001131
impudent,1,0.001131
fervency,1,0.001131
tooth,1,0.001131
complication,1,0.001131
sixtus,1,0.001131
vth,1,0.001131
but,1,0.001131
womanhood,1,0.001131
unhand,1,0.001131
clench,1,0.001131
casuist,1,0.001131
sceptic,1,0.001131
conscious,1,0.001131
thinkest,1,0.001131
boarder,1,0.001131
pater,1,0.001131
fetherstone,1,0.001131
metaphysicians,1,0.001131
feat,1,0.001131
moralist,1,0.001131
nine,1,0.001131
samplar,1,0.001131
isaac,1,0.001131
painter,1,0.001131
lineament,1,0.001131
likeness,1,0.001131
fascination,1,0.001131
circe,1,0.001131
observest,1,0.001131
bonfire,1,0.001131
lustring,1,0.001131
counterscarp,1,0.001131
sobriety,1,0.001131
regularity,1,0.001131
indiscreetest,1,0.001131
howard,1,0.001131
bower,1,0.001131
implacable,1,0.001131
recreant,1,0.001131
varletess,1,0.001131
welter,1,0.001131
iffp,1,0.001131
hartshorn,1,0.001131
can,1,0.001131
volume,1,0.001131
ancle,1,0.001131
amour,1,0.001131
dependency,1,0.001131
eating,1,0.001131
drinking,1,0.001131
repeat,1,0.001131
bye,1,0.001131
operation,1,0.001131
paroxysm,1,0.001131
glare,1,0.001131
director,1,0.001131
reprieve,1,0.001131
warrant,1,0.001131
norfolk,1,0.001131
cramm,1,0.001131
vas,1,0.001131
prelude,1,0.001131
ceremonious,1,0.001131
disregard,1,0.001131
ace,1,0.001131
lxix,1,0.001131
incense,1,0.001131
soothings,1,0.001131
prescription,1,0.001131
coffee,1,0.001131
cv,1,0.001131
sculptor,1,0.001131
butterfly,1,0.001131
dame,1,0.001131
lining,1,0.001131
loan,1,0.001131
bridling,1,0.001131
charmingly,1,0.001131
leer,1,0.001131
twenty,1,0.001131
gentry,1,0.001131
governor,1,0.001131
settee,1,0.001131
deprivation,1,0.001131
impute,1,0.001131
tax,1,0.001131
feint,1,0.001131
slipper,1,0.001131
ravisher,1,0.001131
blundering,1,0.001131
revival,1,0.001131
hd,1,0.001131
nomination,1,0.001131
best,1,0.001131
marry,1,0.001131
houshold,1,0.001131
benefice,1,0.001131
incumbent,1,0.001131
classic,1,0.001131
imploy,1,0.001131
did,1,0.001131
whets,1,0.001131
importunity,1,0.001131
