name,num
lady,1207
Mr Lovelace,734
brother,618
Miss Howe,497
thou,477
Dorcas,445
creature,389
Lord,374
mamma,373
letter,340
sister,338
uncle,335
mother,327
friend,319
Mr Hickman,308
Mrs Smith,300
Harlowe,298
friends,296
father,283
fellow,278
Lovelace,275
Mr Solmes,274
women,266
cousin,261
Colonel,259
family,259
person,248
Madam,248
Mrs Lovick,237
M,229
people,229
Betty,210
aunt,199
God,192
heart,186
body,176
widow,176
Morden,176
Captain,176
wife,172
Jack,161
gentleman,155
men,154
Mr Belford,152
world,149
servant,146
Lady Lady,143
wretch,140
one,134
O,133
Lady Betty,126
papa,126
Tomlinson,125
thing,118
Clarissa,116
Joseph,116
devil,115
Miss Rawlins,114
house,113
Mrs Norton,110
Mrs Moore,109
Thou,106
Antony,105
Miss Harlowe,104
mind,102
parents,102
daughter,101
character,99
Hannah,98
girl,96
relations,96
husband,96
child,93
Belford,93
letters,88
Sally,87
sex,86
nothing,86
hand,82
charmer,81
uncles,80
wilt,79
doctor,78
ladies,78
messenger,77
pride,76
Mrs Sinclair,74
art,74
persons,73
Hervey,72
Lordship,71
Brand,70
things,70
time,69
others,68
Mr John,65
Mrs Fretchville,64
servants,64
soul,63
eyes,62
niece,61
villain,60
James,60
creatures,59
grandfather,59
Don,57
Solmes,57
don,56
love,56
altho,56
Ladies,56
spirit,55
word,55
honour,55
Smith,55
Sir Sir,54
life,54
gentlemen,53
Howe,52
occasion,52
Montague,52
Hickman,51
Charlotte,51
Miss Clarissa,50
virtue,50
Mrs Fortescue,47
case,47
John,47
favour,47
company,46
Dolly,46
eye,45
name,44
son,43
fellows,43
Sex,43
Mowbray,41
Dear,41
angel,41
Mr Harlowe,40
People,40
children,40
Clary,40
part,40
none,40
day,40
Mother,40
Rowland,40
hands,39
spirits,39
master,39
My,39
resolution,39
power,39
Polly,39
cousins,39
Lady Sarah,38
subject,38
sense,37
something,36
grief,36
Belton,36
Tourville,36
Heaven,36
fortune,36
dog,36
opinion,35
T,35
merit,35
way,35
Sister,35
gentlewoman,35
head,34
Robert,34
Mr Morden,33
wench,33
prudence,33
step,33
Leman,33
wretches,32
temper,32
means,32
Tho,32
account,31
estate,31
air,31
Miss Montague,30
condition,30
mistress,30
spouse,30
Pritchard,29
rest,29
nephew,29
sisters,29
death,29
town,29
Esq,29
Doctor Doctor,28
passions,28
night,28
passion,28
marriage,28
point,28
Love,28
Mrs Townsend,27
duty,27
justice,27
hearts,27
kind,27
parson,27
violence,27
CLARISSA,27
Bevis,27
Altho,27
HARLOWE,27
hers,27
Mr James,26
Mrs Harlowe,26
Mrs Hickman,26
cloaths,26
opportunity,26
cause,26
dear,26
Bella,26
I,26
mine,26
His,26
flattery,26
Mrs Bevis,25
nobody,25
Nothing,25
Almighty,25
health,25
presence,25
Will,25
purpose,25
Biddulph,25
Mrs Greme,24
will,24
conversation,24
contents,24
words,24
Women,24
nymphs,24
devils,24
enemies,24
situation,24
Mabell,24
yours,23
friendship,23
Nancy,23
concern,23
pen,23
behaviour,23
morrow,23
conscience,23
wouldst,23
views,23
hour,23
Sinclair,23
Barnes,23
argument,23
sake,22
place,22
reflections,22
interest,22
answer,22
circumstances,22
treatment,22
agent,22
maid,22
Dr Lewin,21
Dr Lewen,21
girls,21
contrivance,21
nature,21
offer,21
Her,21
nieces,21
coachman,21
Nay,21
door,21
Dearest,21
Mr TOURVILLE,20
reason,20
She,20
years,20
folks,20
somebody,20
Collins,20
manner,20
methinks,20
half,20
state,20
kinsman,20
Shorey,20
Col,20
rascal,20
apothecary,20
kinswoman,20
Sir Mr,19
Mrs Howe,19
Ladyship Ladyship,19
Mr Goddard,19
example,19
education,19
Tom,19
times,19
business,19
thro,19
settlements,19
design,19
delicacy,19
aunts,19
ones,19
joy,19
Executor,19
H,19
Miss Miss,18
Mr Mennell,18
Mrs Rowland,18
bearer,18
Norton,18
revenge,18
Poor,18
event,18
view,18
appearance,18
alliance,18
This,18
canst,18
niceness,18
Caesar,18
surgeons,18
souls,18
creditors,18
conduct,18
Tragedy,18
Chevalier,18
beauty,17
consent,17
tender,17
methods,17
affairs,17
knowlege,17
Peer,17
hopes,17
Nobody,17
moment,17
room,17
minds,17
earth,17
qualities,17
Libertine,17
Mr JAMES,16
evils,16
thyself,16
sickness,16
voice,16
hours,16
parts,16
proposal,16
The,16
ceremony,16
Widow,16
motion,16
modesty,16
Law,16
families,16
reconciliation,16
pair,16
Son,16
Lawrance,16
advantage,16
Anna,16
lodgings,16
Summers,16
Man,16
Robin,16
mightst,16
turn,16
Miss Hervey,15
Mr Melvill,15
action,15
pleasure,15
Dost,15
deal,15
experience,15
lover,15
visit,15
resentments,15
Rogers,15
face,15
generosity,15
force,15
Martin,15
Loveace,15
sight,15
side,15
Harlowes,15
loss,15
story,15
Brother,15
Father,15
Arabella,15
distresses,15
figure,15
garden,15
choice,15
wert,15
vengeance,14
motives,14
morning,14
poet,14
talents,14
lines,14
effects,14
light,14
captain,14
correspondence,14
money,14
goodness,14
cast,14
right,14
bosom,14
Pray,14
intelligence,14
country,14
actions,14
innocents,14
fire,14
remorse,14
sun,14
return,14
Thomasine,14
fault,14
libertine,14
hint,14
hope,14
Mrs Lovelace,13
Dr H,13
Miss Partington,13
nurse,13
Shakespeare,13
enemy,13
address,13
horse,13
act,13
sort,13
class,13
goddess,13
news,13
order,13
inclination,13
distance,13
libertines,13
terror,13
wives,13
composure,13
pains,13
Patty,13
Harry,13
look,13
minister,13
Singleton,13
commands,13
end,13
freedom,13
apartments,13
triumph,13
Tis,13
church,13
Squire,13
Mrs Betty,12
Sir Harry,12
Mr MOWBRAY,12
Miss Sorlings,12
manners,12
proof,12
rashness,12
Nor,12
expedient,12
England,12
arts,12
liberty,12
None,12
resentment,12
error,12
principles,12
compliance,12
meeting,12
scheme,12
judgment,12
widows,12
mischief,12
advice,12
wit,12
tale,12
study,12
trial,12
Well,12
messengers,12
connivance,12
mayest,12
dozen,12
dignity,12
maids,12
Wilson,12
displeasure,12
lips,12
folly,12
praises,12
reasons,12
May,12
Surgeon,12
Honner,12
Writers,12
disgrace,12
Devil,12
Remembrest,12
Sir lady,11
Sir Miss,11
Miss Horton,11
Mrs NORTON,11
tho,11
poets,11
youth,11
villainies,11
grace,11
line,11
measures,11
request,11
piece,11
pardon,11
object,11
arms,11
Doleman,11
street,11
handkerchief,11
living,11
tears,11
happiness,11
guilt,11
relation,11
Queen,11
Horton,11
apartment,11
endeavours,11
trials,11
heaven,11
clergyman,11
sufferer,11
endeavour,11
reverence,11
Whose,11
evil,11
varlet,11
reputation,11
authority,11
mothers,11
boy,11
physician,11
Our,11
hypocrite,11
persecutions,11
plotting,11
lot,11
doctors,11
proselytes,11
Lady Mrs,10
Mr Antony,10
Mr Wyerley,10
Miss Lardner,10
work,10
direction,10
arm,10
Men,10
knowest,10
Thy,10
Place,10
visits,10
determin,10
dress,10
instance,10
disposition,10
mayst,10
curse,10
feet,10
delight,10
readier,10
want,10
trust,10
thoughts,10
interview,10
care,10
Satan,10
companions,10
excellence,10
beast,10
informant,10
secret,10
rakes,10
Parents,10
apprehensions,10
William,10
D,10
vanity,10
reflection,10
indignation,10
Ambrose,10
consequence,10
affair,10
hereupon,10
Art,10
tenants,10
credulity,10
Katharine,10
absence,10
shame,10
errors,10
Johnny,10
Sir friend,9
Mrs Sorlings,9
Sir brother,9
Miss Lloyd,9
Mr Hickma,9
Rowe,9
vice,9
Providence,9
weakness,9
contrivances,9
godmother,9
doors,9
motherinlaw,9
office,9
particulars,9
politeness,9
Nurse,9
service,9
Uncle,9
vixen,9
truth,9
distress,9
Leipsick,9
Luther,9
mightest,9
um,9
pr,9
mercy,9
Honour,9
liberties,9
stairs,9
daughters,9
bed,9
accidents,9
reformation,9
suit,9
gentleness,9
Yes,9
patience,9
bailiff,9
crime,9
low,9
Tony,9
Jenyns,9
misfortunes,9
proposals,9
difficulties,9
rogue,9
sufferings,9
offices,9
copy,9
disappointment,9
trouble,9
Hamstead,9
indulgence,9
report,9
vigilance,9
bribe,9
counsellor,9
thousands,9
Miss Clary,8
Miss Martin,8
Mrs Hervey,8
Mr BELFORD,8
Mr Hervey,8
pretence,8
disorder,8
Harman,8
regard,8
beauties,8
sword,8
occasions,8
MOWBRAY,8
mourning,8
maiden,8
superiors,8
preference,8
discretion,8
credit,8
danger,8
writing,8
post,8
humility,8
degree,8
tyrant,8
calamities,8
sentiments,8
names,8
acquaintance,8
Spirits,8
complaisance,8
guinea,8
vehemence,8
strangers,8
thought,8
age,8
Cousin,8
adversary,8
commission,8
yo,8
promise,8
pangs,8
chariot,8
share,8
chair,8
Uncles,8
tongue,8
housekeeper,8
plea,8
punishment,8
saucy,8
fortunes,8
consideration,8
purity,8
author,8
Methinks,8
contempt,8
countenance,8
memory,8
attempt,8
admiration,8
veneration,8
Wil,8
officers,8
usage,8
respect,8
court,8
communication,8
weight,8
conference,8
anger,8
opportunities,8
physicians,8
shouldst,8
coach,8
success,8
books,8
while,8
college,8
excellencies,8
calamity,8
Goody,8
earnestness,8
protection,8
illness,8
offence,8
flight,8
prohibition,8
Athenians,8
medicine,8
Hereupon,8
Beelzebub,8
Kitty,8
grandson,8
Sir Mrs,7
Sir George,7
Miss Arabella,7
Mr BELTON,7
drowning,7
well,7
terms,7
project,7
Boreas,7
envy,7
condescension,7
Rake,7
base,7
arguments,7
dejection,7
present,7
assurance,7
pert,7
presents,7
MR,7
fingers,7
felicity,7
joys,7
houses,7
Colmar,7
difficulty,7
Margaret,7
maker,7
offender,7
stranger,7
forbear,7
novice,7
notice,7
heads,7
slave,7
round,7
threatenings,7
Simon,7
glory,7
elders,7
freedoms,7
bears,7
management,7
window,7
chamber,7
humanity,7
matters,7
Wife,7
A,7
husbands,7
wonder,7
rake,7
sailor,7
genius,7
faculty,7
doubt,7
worth,7
notions,7
home,7
Williams,7
destiny,7
MY,7
messages,7
madam,7
Fortune,7
besought,7
crimes,7
conveyance,7
aversion,7
wedlock,7
chairmen,7
breathing,7
courage,7
DORCAS,7
boys,7
remembrance,7
morals,7
value,7
command,7
fugitive,7
Wednesday,7
Canst,7
charity,7
Papa,7
encouragement,7
Tour,7
stories,7
Old,7
Joel,7
Thursday,7
mediation,7
Bible,7
Josephus,7
Self,7
advocate,7
Bell,7
corpse,7
principle,7
entrance,7
inclosed,7
authors,7
Bess,7
sakes,7
Lady person,6
Sir Madam,6
Miss Patty,6
Sir stage,6
Sir O,6
Doctor Mrs,6
Mr Symmes,6
Sir Oliver,6
Miss Biddulph,6
Sir uncle,6
Lady Mr,6
Miss Charlotte,6
Miss R,6
guineas,6
key,6
Didst,6
mortals,6
Sadleir,6
question,6
lesson,6
subjects,6
scenes,6
blessings,6
silence,6
purposes,6
airs,6
Lovelaces,6
b,6
message,6
blessing,6
vows,6
week,6
aspect,6
Moore,6
asham,6
issue,6
reporter,6
matter,6
nay,6
motions,6
Peggy,6
betters,6
change,6
habit,6
exclamations,6
motive,6
LOVELACE,6
comfort,6
faults,6
excuse,6
principals,6
distinction,6
quality,6
measure,6
compliment,6
necessity,6
papers,6
wickedness,6
descendents,6
decency,6
Something,6
orders,6
prince,6
approbation,6
attendance,6
gout,6
impatience,6
accident,6
affectation,6
Grimes,6
parlour,6
Counsellor,6
ardour,6
warmth,6
resignation,6
confidence,6
ardor,6
considerations,6
seat,6
description,6
constitution,6
intrigue,6
ingenuity,6
fathers,6
obstinacy,6
Inn,6
skill,6
grandmother,6
assiduities,6
labour,6
obedience,6
prayers,6
surprize,6
rebel,6
footman,6
fit,6
fear,6
general,6
judge,6
accent,6
UNCLES,6
year,6
trvels,6
prosecution,6
application,6
use,6
contradiction,6
top,6
reader,6
difference,6
Begone,6
What,6
baseness,6
affections,6
recovery,6
London,6
ladyship,6
qualifications,6
tenant,6
apprehension,6
oughtest,6
Letters,6
parent,6
Conversations,6
methought,6
simpleton,6
traders,6
reserve,6
tea,6
Good,6
fat,6
elder,6
dish,6
indisposition,6
Barton,6
observation,6
inclin,6
Capt,6
set,6
bear,6
Impertinent,6
Beauty,6
thump,6
WIFE,6
Calista,6
Dryden Alexander,5
Lady Miss,5
Sir creature,5
Sir sister,5
Sir Joseph,5
Miss HOWE,5
Mr Doleman,5
Sir gentleman,5
seest,5
unforgiveness,5
wishes,5
tutor,5
breast,5
wrongs,5
bravery,5
closet,5
pocket,5
injuries,5
hadst,5
pleasures,5
god,5
misfortune,5
superiority,5
bounty,5
levity,5
sweetness,5
cruelty,5
invitation,5
intimacy,5
pleas,5
Sisters,5
merits,5
faithful,5
reception,5
compliments,5
expression,5
smile,5
Courts,5
Mennell,5
varlets,5
Religion,5
Thoughts,5
fate,5
Time,5
pretensions,5
Feast,5
test,5
solemnity,5
windows,5
invective,5
expostulations,5
accounts,5
Parsons,5
questions,5
Ay,5
SIR,5
peoples,5
worthiness,5
peace,5
intention,5
prospects,5
foundation,5
mantua,5
scandal,5
inn,5
attempts,5
suspense,5
powers,5
station,5
writer,5
favours,5
humour,5
hostler,5
provocations,5
hints,5
surgeon,5
Carter,5
chin,5
dishonour,5
Leeson,5
months,5
paper,5
praise,5
Rich,5
landlady,5
Hertfordshire,5
indiscretion,5
curiosity,5
penitent,5
rank,5
obligations,5
virtues,5
recollection,5
satisfaction,5
h,5
course,5
chambers,5
Lincoln,5
Jenny,5
Fynnett,5
peer,5
slaves,5
patient,5
POOR,5
didst,5
afflictions,5
imputation,5
barbarity,5
ruffles,5
future,5
miser,5
phrase,5
party,5
goody,5
silks,5
finger,5
fall,5
past,5
texts,5
impertinence,5
shew,5
scruple,5
presumption,5
suits,5
Letter,5
Methought,5
book,5
pity,5
bachelors,5
respects,5
gentlewomen,5
intimates,5
unworthy,5
scene,5
dragon,5
gratitude,5
method,5
independence,5
affliction,5
imagination,5
mischiefs,5
Oh,5
Sorlings,5
learning,5
vilest,5
consequences,5
quarrel,5
characters,5
appointment,5
fears,5
repentance,5
Sunday,5
nation,5
malediction,5
monarchs,5
princes,5
fain,5
refusal,5
malady,5
villainy,5
diligence,5
malice,5
strain,5
effect,5
draughts,5
lovers,5
passiveness,5
resolv,5
defence,5
partners,5
vermin,5
Sixtus,5
Vth,5
figures,5
Lady THE,4
Sir mother,4
St Paul,4
Lady Ladies,4
Doctor Mr,4
Sir quickness,4
Mr Hartley,4
Mr Belton,4
Story Letters,4
Story progress,4
Sir Captain,4
Lady somebody,4
Lady Hartley,4
Mr Brand,4
traveller,4
usedst,4
livers,4
terrors,4
Metcalfe,4
Your,4
faces,4
anniversary,4
disguises,4
bud,4
Jupiter,4
arrest,4
acts,4
jealousy,4
intimation,4
perseverance,4
sons,4
taste,4
tear,4
assurances,4
Italy,4
distraction,4
obligation,4
No,4
sobb,4
days,4
trustees,4
fortress,4
continuance,4
tradesman,4
interests,4
grandeur,4
piety,4
seducer,4
brothers,4
punctilio,4
influence,4
Cloaths,4
controul,4
expectation,4
pockets,4
hast,4
anybody,4
text,4
gang,4
disparagement,4
circumstance,4
height,4
wolf,4
Bear,4
witness,4
tenderness,4
title,4
nuptials,4
notion,4
Servants,4
consolation,4
birth,4
inducements,4
lessons,4
seemest,4
keeper,4
censure,4
answers,4
whole,4
thunderbolt,4
lane,4
wisdom,4
impertinent,4
leave,4
penitence,4
neighbourhood,4
earnest,4
oracle,4
Rinaldo,4
hater,4
stratagems,4
points,4
evening,4
oaths,4
English,4
feature,4
society,4
conquest,4
liveliness,4
imaginations,4
ease,4
suspicion,4
Expostulation,4
habitation,4
charg,4
nights,4
afternoon,4
projects,4
bill,4
sacrifice,4
Piety,4
everyone,4
customers,4
fish,4
chearfulness,4
contempts,4
compassion,4
duce,4
fools,4
form,4
complaint,4
protector,4
griefs,4
dependence,4
vivacity,4
intreaties,4
escape,4
reading,4
restraint,4
hearing,4
consciousness,4
hinges,4
tyranness,4
features,4
pounds,4
allegory,4
meaning,4
affluent,4
delights,4
quire,4
everybody,4
spark,4
journey,4
jewel,4
strength,4
wrestler,4
yesterday,4
language,4
fool,4
reasonings,4
article,4
esteem,4
employment,4
woe,4
valuables,4
speech,4
Florence,4
scorn,4
masters,4
services,4
fair,4
dogs,4
Implacables,4
devices,4
sparrow,4
breaker,4
understanding,4
valet,4
Brixen,4
La,4
fever,4
fame,4
Their,4
Jemmy,4
yard,4
emblems,4
sheriffs,4
brood,4
serpents,4
injurer,4
hold,4
intellects,4
HOWE,4
provision,4
suppliant,4
foot,4
preparation,4
Roman,4
expence,4
resolutions,4
Bishop,4
parish,4
NORTON,4
inquiry,4
Horace,4
Cowley,4
Czar,4
MAMMA,4
length,4
vil,4
stinginess,4
preparations,4
frame,4
Greme,4
gouty,4
denial,4
Child,4
THOU,4
perfections,4
fee,4
Justice,4
Criticism,4
Commiseration,4
Tragedies,4
Actor,4
Manager,4
Tamerlane,4
weaknesses,4
Writer,4
History,4
Christian,4
Volumes,4
Novel,4
Romance,4
Author,4
arrival,4
heroes,4
advantages,4
censurers,4
goods,4
travers,4
pollard,4
anguish,4
liking,4
MRS,4
forgiveness,4
P,4
virgin,4
confusion,4
Hall,4
misunderstanding,4
affection,4
noises,4
herse,4
us,4
lights,4
Neither,4
voyage,4
colonies,4
novices,4
Fire,4
calumny,4
Morrison,4
besough,4
sides,4
Monday,4
licence,4
GOD,4
plots,4
Byron,4
Mullins,4
Wyerley,4
herd,4
Divine,4
punisher,4
gown,4
month,4
blood,4
ship,4
Townsend,4
fondness,4
mankind,4
oath,4
outrage,4
livery,4
instigations,4
womens,4
contriver,4
professions,4
couldest,4
property,4
Terence,4
narrative,4
innocence,4
renew,4
Novices,4
grandmothers,4
vol,4
paragon,4
dance,4
REMORSELESS,4
GANG,4
gifts,4
Mr Pocock,3
Lady stars,3
Mrs Hodges,3
Lady Lord,3
Miss aunt,3
Mrs Larkin,3
Doctor life,3
Miss Mr,3
Lady things,3
Mrs Mrs,3
Lady daughter,3
Miss letter,3
Mr Smith,3
Sir Josias,3
Sir Colonel,3
Dr S,3
Dr Perkins,3
Doctor person,3
Sir master,3
Mrs Leeson,3
Sir mamma,3
Mr Mowbray,3
Mr Tourville,3
lenity,3
divinity,3
classes,3
virago,3
Seest,3
coward,3
THE,3
tyrants,3
antipathy,3
Juvenal,3
wine,3
miscreants,3
collection,3
bride,3
imitation,3
Hast,3
breaches,3
haughtiness,3
fervor,3
paragraph,3
kingdom,3
whining,3
plate,3
croud,3
repetition,3
sallies,3
debts,3
crown,3
rate,3
Rawlins,3
box,3
attention,3
Rachel,3
Clark,3
copies,3
wish,3
stream,3
em,3
approach,3
ends,3
blossom,3
matrimony,3
Earl,3
Grace,3
Solomon,3
repository,3
countess,3
strings,3
stars,3
clown,3
opposition,3
fates,3
Power,3
trembling,3
zeal,3
moth,3
S,3
Aeneas,3
Scots,3
Rakes,3
dangers,3
diseases,3
desire,3
prisoner,3
Adieu,3
Curiosity,3
Such,3
lewdness,3
mouth,3
vow,3
roots,3
sins,3
brink,3
grave,3
survivors,3
Ear,3
Barker,3
neighbours,3
dream,3
prospect,3
readiness,3
enterprize,3
shews,3
lodging,3
turns,3
Friend,3
fund,3
principal,3
space,3
stage,3
contrition,3
m,3
liver,3
lip,3
expectations,3
colours,3
rage,3
curses,3
probability,3
muscles,3
muscle,3
groans,3
In,3
Education,3
period,3
places,3
charms,3
nails,3
applause,3
Catalans,3
Leaden,3
insensibility,3
reward,3
lawyer,3
jest,3
enough,3
perusal,3
temptation,3
acquiescence,3
regards,3
fowl,3
venison,3
confinement,3
And,3
safety,3
uneasiness,3
multitude,3
Ajax,3
marquis,3
marquise,3
ice,3
vapourishness,3
cypher,3
Suppose,3
wand,3
trunks,3
linen,3
civilities,3
progress,3
meanest,3
Youth,3
requests,3
murderer,3
defect,3
Niece,3
Terrors,3
Sarmatians,3
device,3
menace,3
packet,3
darling,3
inventions,3
Pr,3
charges,3
compulsion,3
promises,3
batchelor,3
instruction,3
welfare,3
support,3
immoralities,3
compliances,3
insults,3
appetite,3
silver,3
lace,3
stopp,3
Return,3
knees,3
orators,3
play,3
claim,3
damn,3
cheek,3
sign,3
errand,3
landlord,3
garret,3
winter,3
intelligencer,3
charge,3
train,3
struggle,3
numbers,3
acknowlegement,3
hate,3
history,3
rogues,3
forwardness,3
Sh,3
fortnight,3
admirers,3
Fate,3
Tuesday,3
shock,3
taint,3
Island,3
sound,3
splendor,3
exception,3
Partington,3
J,3
BELFORD,3
prepossession,3
plagues,3
plot,3
boundaries,3
branches,3
MAN,3
edge,3
stamp,3
island,3
arrogance,3
acquisitions,3
match,3
preachment,3
moles,3
despair,3
Second,3
inexperience,3
snare,3
persecution,3
patterns,3
knife,3
De,3
la,3
cottage,3
inveteracy,3
pavement,3
Angel,3
supposition,3
convenience,3
Fear,3
sincerity,3
material,3
rascals,3
All,3
thorns,3
vein,3
prescriptions,3
remainder,3
ANNA,3
insolence,3
instances,3
angels,3
standing,3
desires,3
demand,3
fright,3
result,3
Peter,3
marrying,3
Covent,3
sh,3
restrictions,3
Brookland,3
implacableness,3
estates,3
moiety,3
mention,3
behav,3
meekness,3
bell,3
countermand,3
amendment,3
intellect,3
cases,3
passages,3
colonel,3
injury,3
MOTIVES,3
changes,3
drink,3
doggesses,3
dispatch,3
abasement,3
fancy,3
tidings,3
Barnet,3
cloth,3
Age,3
remorses,3
Virtue,3
Modesty,3
Pride,3
Homer,3
shoulder,3
exceptions,3
veteran,3
abilities,3
dreams,3
fainting,3
scholar,3
How,3
reply,3
farmer,3
designs,3
ours,3
thinking,3
MERCURY,3
moderns,3
correction,3
Hanna,3
plates,3
inscription,3
receptacle,3
kindness,3
warning,3
mark,3
contentions,3
bank,3
stile,3
delays,3
correspond,3
deed,3
Velvet,3
injunctions,3
artillery,3
violences,3
virulence,3
spite,3
steward,3
MONTAGUE,3
substance,3
kindred,3
abhorrence,3
bird,3
victory,3
sin,3
Spy,3
Clergyman,3
fore,3
rejection,3
Turks,3
chairman,3
ceiling,3
ad,3
Eulogy,3
musty,3
Covetous,3
testimony,3
stock,3
invention,3
mortgagee,3
stratagem,3
perpetration,3
workings,3
persevereance,3
Yet,3
workwoman,3
owl,3
schemes,3
discovery,3
awes,3
suspects,3
lions,3
sleeve,3
listeners,3
governesses,3
trick,3
machine,3
cully,3
Sprightly,3
scurvy,3
houshold,3
Did,3
Mr Alston,2
Lady A,2
Lady thou,2
Ladyship answer,2
Sir Lord,2
Ladyship lady,2
Lady world,2
Sir Methinks,2
Mss Clarissa,2
Lady My,2
Sir means,2
Drexelius Practice,2
Miss warmth,2
Miss nothing,2
Mr Tomlinson,2
Mrs Thomas,2
Sir kinsman,2
Lady spirits,2
Sir minds,2
Sir reverence,2
Sir article,2
Sir motives,2
Mr Fortescue,2
Lady heart,2
Mr Rowland,2
Sir God,2
Miss Bell,2
Lady letter,2
Miss D,2
Mr ANTONY,2
Lady nobody,2
Lady Joseph,2
Lady will,2
Lady Drayton,2
Drayton daughter,2
Sir vehemence,2
Sir letter,2
Mr Ackland,2
Mrs Judith,2
Mr Blford,2
Lady principles,2
Lady friends,2
Dr Hale,2
State Athenians,2
Mr Dryden,2
Dryden Criticism,2
Story Story,2
Story contrary,2
Sir heart,2
Doctor Madam,2
Doctor tenders,2
Doctor infirmities,2
Lady grocer,2
Sir Honour,2
Sir timorous,2
Sir traders,2
Miss breathing,2
Sirs letters,2
Dr Wright,2
Lady gentleman,2
Miss child,2
Ladyship angel,2
Ladyship niece,2
Stedman solicitor,2
Sir Generosity,2
Lady knowlege,2
Mrs HARLOWE,2
Mr SOLMES,2
Lady cast,2
Miss PATTY,2
Lady uncle,2
Sir thou,2
Mrs Sambre,2
Sir Don,2
Sir friends,2
Doctor Lewin,2
Lady door,2
Miss Campion,2
Lady shuld,2
Miss RawlinsI,2
Mrs Doleman,2
Lady Barbara,2
Lady Dear,2
library,2
parcel,2
Wouldst,2
censures,2
severity,2
prescriber,2
tastes,2
colleges,2
students,2
Indignation,2
contrary,2
prerogative,2
execution,2
remnant,2
worlds,2
deceiver,2
enormities,2
heat,2
dreamers,2
companion,2
retinue,2
Roscommon,2
throat,2
clock,2
Smuggler,2
Traveller,2
symptoms,2
burnings,2
tyranny,2
passage,2
agents,2
undertaking,2
excursion,2
diffidence,2
speakers,2
submission,2
prejudices,2
wor,2
walk,2
profligates,2
tricks,2
produce,2
stay,2
apparel,2
minutes,2
Fie,2
heath,2
re,2
guide,2
gloom,2
steadiness,2
sensibilities,2
Remorse,2
darkness,2
iron,2
cost,2
Pandora,2
Fund,2
articles,2
Character,2
information,2
dea,2
parliament,2
preparative,2
looks,2
faintness,2
departure,2
engagements,2
Fain,2
stopt,2
sting,2
sorrow,2
riding,2
sexes,2
inmate,2
Body,2
lawyers,2
Quality,2
Ty,2
duchesses,2
revellings,2
disgusts,2
song,2
hither,2
Margery,2
ruddy,2
correspondents,2
crow,2
quill,2
wind,2
Damn,2
ornaments,2
Every,2
Whoever,2
Fortunes,2
outcast,2
Life,2
proceedings,2
precautions,2
nd,2
succession,2
doctrines,2
Congreve,2
somebodies,2
Critic,2
writings,2
Bard,2
Revenge,2
calls,2
pedant,2
weariest,2
pain,2
penury,2
anatomists,2
surplice,2
emblem,2
halcyon,2
detainest,2
dining,2
supplications,2
menaces,2
Harden,2
outcries,2
countenances,2
hall,2
peerage,2
check,2
Frugality,2
visitors,2
communications,2
pacquet,2
surmizes,2
ince,2
HANNAH,2
dialoguings,2
nod,2
Eyes,2
ancestors,2
congregation,2
raillery,2
Pity,2
uncertainty,2
regret,2
eloquence,2
expostulation,2
Girl,2
bequests,2
Little,2
commerce,2
Honest,2
number,2
knot,2
unforgivingness,2
Know,2
confession,2
complexion,2
Perseverance,2
fretten,2
harmony,2
Couldst,2
impeccability,2
steps,2
Who,2
rapture,2
honours,2
temptations,2
paint,2
oil,2
powder,2
spectacle,2
sffragans,2
French,2
Surgeons,2
Tomkins,2
declaration,2
Minister,2
lives,2
importunity,2
Albemarle,2
repulse,2
impressions,2
petitioner,2
oftener,2
breach,2
neighbour,2
writers,2
custom,2
monster,2
disguise,2
robbing,2
trifle,2
Matt,2
teeth,2
Excess,2
excess,2
spider,2
interception,2
makers,2
anxieties,2
lord,2
gallantry,2
Others,2
importance,2
Spira,2
juster,2
Everybody,2
childhood,2
animosity,2
comer,2
village,2
colour,2
weathers,2
punctilios,2
decorums,2
incroacher,2
soldiers,2
forbearance,2
billet,2
remembrest,2
vigour,2
bloom,2
Frenc,2
glass,2
plan,2
laws,2
tie,2
race,2
benefit,2
Servant,2
indelicate,2
drawers,2
equipage,2
contraries,2
disgraces,2
contradictions,2
Hitherto,2
blockhead,2
quarter,2
violation,2
objections,2
Larkin,2
bow,2
pictures,2
Saturday,2
opponent,2
condescend,2
watchfulness,2
individual,2
Sleep,2
shot,2
attorney,2
roguery,2
compromise,2
vultur,2
daemons,2
discoveries,2
pursuit,2
Why,2
Things,2
season,2
Misfortune,2
tenor,2
preservation,2
sigh,2
ruin,2
solicitude,2
idea,2
latter,2
elevation,2
peruke,2
travel,2
FATE,2
clerk,2
accuser,2
puss,2
knight,2
proclamations,2
hurry,2
expedients,2
sighing,2
stockens,2
possession,2
surpriz,2
fly,2
imposture,2
sport,2
fop,2
boldness,2
nobleness,2
army,2
display,2
flatterer,2
Angels,2
excuses,2
allowances,2
partiality,2
fountain,2
currents,2
FATHER,2
oeconomist,2
solicitations,2
littleness,2
mourners,2
disapprobation,2
sensualist,2
favourite,2
exaltation,2
dislike,2
Chapel,2
Bridge,2
breakfast,2
Patsey,2
contrive,2
tempers,2
Estates,2
monger,2
table,2
middle,2
chimney,2
Con,2
diamond,2
ring,2
price,2
owner,2
vehicle,2
stroak,2
trifles,2
entertainment,2
augur,2
dispensation,2
White,2
need,2
Hah,2
laugh,2
governor,2
puppy,2
phrases,2
strokes,2
mate,2
chagrin,2
talk,2
frost,2
exhale,2
perjuries,2
snares,2
richness,2
nag,2
eagle,2
qualification,2
shower,2
domestics,2
wig,2
Damnation,2
Epsom,2
Scriptures,2
liftless,2
spiritless,2
comfortings,2
Relations,2
insult,2
cover,2
fix,2
Nineteen,2
infection,2
saith,2
Compulsion,2
reptile,2
kneeler,2
victor,2
fits,2
facts,2
Fair,2
Variety,2
speeches,2
differences,2
monkey,2
Elizabeth,2
Terror,2
values,2
fine,2
sanctions,2
fashions,2
Liberties,2
unbar,2
officious,2
villains,2
scratch,2
underwood,2
humorousness,2
Deeds,2
talks,2
transaction,2
stomach,2
June,2
belief,2
HER,2
quickness,2
suspence,2
tendency,2
Passion,2
darings,2
contention,2
cabinet,2
legacies,2
plaint,2
challeng,2
concert,2
horseback,2
Let,2
rave,2
farce,2
perdition,2
Derham,2
tribe,2
parting,2
intentions,2
follies,2
snail,2
felicities,2
capital,2
flights,2
provisoes,2
lameness,2
losses,2
representative,2
receipt,2
imagin,2
treaty,2
inducement,2
JOSEPH,2
assistance,2
voices,2
lock,2
authorities,2
emotion,2
resistance,2
date,2
Ariosto,2
nonsense,2
ife,2
heroicalness,2
shouldest,2
morn,2
parade,2
guests,2
alternative,2
Yours,2
stooping,2
avowals,2
tameness,2
Friday,2
chain,2
miles,2
akes,2
intimacies,2
Butt,2
conviction,2
forms,2
Do,2
Novelty,2
objection,2
potion,2
faculties,2
translator,2
Ending,2
Catastrophe,2
Notion,2
Poetical,2
Religious,2
Plan,2
Master,2
Reason,2
Reader,2
Doctrine,2
Modern,2
Rule,2
ristotle,2
Prizes,2
Fortitude,2
Romans,2
Augustan,2
Ac,2
forte,2
Enrage,2
Audience,2
starting,2
Moneses,2
Aspasia,2
Ulysses,2
Phaedra,2
Hippolytus,2
Readers,2
Antient,2
Compassion,2
B,2
End,2
Objects,2
Clytemnestra,2
Orestes,2
Aeschylus,2
Partners,2
Childhood,2
Charity,2
Humility,2
Spirit,2
Meekness,2
Resignation,2
HEAVEN,2
Length,2
works,2
Altercations,2
Family,2
abode,2
springs,2
quinsey,2
persuasions,2
miracle,2
harasses,2
Slough,2
proctor,2
draught,2
gratification,2
blemishes,2
fraternity,2
client,2
grocer,2
destruction,2
damsels,2
stept,2
astonishment,2
faintings,2
dyings,2
assistants,2
outside,2
needest,2
nich,2
fillers,2
joint,2
stool,2
bread,2
trade,2
Portugal,2
Cossacks,2
Pultowa,2
harlot,2
rankling,2
extracts,2
attributes,2
talent,2
repartee,2
smartness,2
SINCLAIR,2
protestations,2
inquirist,2
coa,2
waterman,2
watermen,2
superscription,2
misreporters,2
weeks,2
LORD,2
heels,2
Longs,2
doves,2
guardians,2
grandpapa,2
comeliness,2
courtship,2
winds,2
correspondencies,2
histories,2
cough,2
dresses,2
press,2
testatrix,2
Both,2
perfection,2
gradations,2
purposing,2
bent,2
laces,2
feuds,2
misrepresentations,2
FANCY,2
Young,2
Aunt,2
impulse,2
magnanimity,2
employments,2
adversity,2
star,2
glow,2
supper,2
whisper,2
dependencies,2
attemptedst,2
Devils,2
intervention,2
arrows,2
Devilson,2
finding,2
ear,2
abjectness,2
drawer,2
retir,2
weather,2
delirium,2
infirmity,2
edict,2
Lawyer,2
probation,2
possibility,2
fists,2
proofs,2
hussey,2
hat,2
ardors,2
pierglasses,2
incident,2
willers,2
risques,2
diversions,2
nobler,2
Indifference,2
GENEROSITY,2
Generosity,2
opinions,2
likelihood,2
unfelt,2
sleeper,2
Curse,2
Excuse,2
widen,2
bills,2
manifold,2
obscurity,2
narrowness,2
acknowlegements,2
materials,2
recapitulation,2
corner,2
fury,2
sacrifices,2
bodings,2
Nature,2
Calamity,2
loth,2
censorious,2
ARABELLA,2
recollections,2
Berkshire,2
LOVICK,2
persuadableness,2
physic,2
teaze,2
opening,2
moments,2
Fuller,2
Allinson,2
couch,2
rivalry,2
judges,2
East,2
India,2
traffick,2
voyages,2
Lovell,2
Bird,2
caution,2
policy,2
construction,2
defects,2
brooks,2
YOURS,2
push,2
offers,2
surname,2
Surprize,2
unkindness,2
dispraise,2
dealers,2
pins,2
senators,2
note,2
Waltham,2
reserves,2
wink,2
examination,2
wantonness,2
HONESTY,2
vex,2
sportiveness,2
call,2
outrages,2
delicacies,2
urgency,2
it,2
Lancaster,2
firm,2
millions,2
daemon,2
abhor,2
sisterhood,2
infernal,2
nymph,2
iss,2
infant,2
premeditation,2
ingrateful,2
livest,2
beams,2
fib,2
phrensy,2
advices,2
thee,2
officer,2
indifference,2
gentlewomens,2
impudence,2
coat,2
equipp,2
gridiron,2
cleaver,2
condemnation,2
Addison,2
storm,2
shriek,2
recourse,2
DEVIL,2
Begg,2
hound,2
asseverations,2
Un,2
defiances,2
duel,2
st,2
foresight,2
despights,2
extremity,2
Somebody,2
religion,2
Mordens,2
warnings,2
exhortations,2
hell,2
instructions,2
intermeddling,2
fact,2
requester,2
balancing,2
nomination,2
informants,2
Chevaliers,2
cares,2
victim,2
Twenty,2
Ah,2
briars,2
virulences,2
refuge,2
pursuers,2
Wert,2
good,2
making,2
stamping,2
preferment,2
lordship,2
unfit,2
overtures,2
failures,2
Policy,2
DIDST,2
universi,2
sheet,2
front,2
stroke,2
primm,2
womanhood,2
couple,2
hare,2
scare,2
Andrew,2
folds,2
kings,2
ambition,2
matron,2
Knight,2
toys,2
hobby,2
horses,2
gingerbread,2
observest,2
mien,2
aukward,2
conveniency,2
iniquity,2
Sip,2
kinds,2
Howes,2
machines,2
honesty,2
inconsiderates,2
Welby,2
abstractedness,2
franticly,2
altar,2
option,2
hills,2
bldering,2
descrtion,2
bishop,2
innkeeper,2
knoweth,2
Blunt,2
amusement,2
Hampstead,2
Ravishers,2
plications,2
narrations,2
Lady Letters,1
Lady creature,1
Miss HARLOWE,1
Lady side,1
Sir Would,1
Miss Betty,1
Sir Ladies,1
Miss weakness,1
Sir resentment,1
Lady Will,1
Misses Montague,1
Miss Montagues,1
Mr Lilburne,1
Sir departure,1
Sir faithful,1
Sir stopt,1
Miss CLARISSA,1
Mr William,1
Lady round,1
Miss God,1
Sir story,1
Steward office,1
Sir Jack,1
Lady S,1
Lady B,1
Lady His,1
Lady quagmire,1
Lady allegory,1
Lady besought,1
Lady devil,1
Lady extreme,1
Lady half,1
Sir Lady,1
Lady family,1
Lady prudence,1
Lady piety,1
Lady cousin,1
Sir Charlotte,1
Lady placability,1
Ladyship direction,1
Mr Walton,1
Ladyship principles,1
Mrs Williams,1
Lady wisdom,1
Steps world,1
Mrs Carter,1
Sir world,1
Mr Garon,1
Mr Tate,1
Lady groundwork,1
Lady taste,1
Lady one,1
Lady imposition,1
Lady Rest,1
Lady letters,1
Lady conversation,1
Lady Dr,1
Lady Lordship,1
Sir hour,1
Lady zone,1
Drew My,1
Lady mortify,1
Sirs lines,1
Mr Diggs,1
Sir times,1
Sir What,1
Sir aversion,1
St Albans,1
Mr Addison,1
Miss Your,1
Sir Clary,1
Mrs My,1
Doctors mamma,1
Sir Favour,1
Sir implacableness,1
Sir cousin,1
Lady O,1
Sir book,1
Sir None,1
Sir names,1
Sir vestals,1
Sir Presume,1
Sir sorrow,1
Lady relations,1
Lady Squire,1
Sir things,1
Mr Daniel,1
Sir nobody,1
Mrs Lorimer,1
Sir Clarissa,1
Sir expedient,1
Dr Brand,1
Mrs Lord,1
Mrs garden,1
Mrs mirth,1
Strand manner,1
Miss sister,1
Lady ladies,1
Lady purpose,1
Lady servant,1
Sir methinks,1
Sir GOD,1
Lady parents,1
Lady mamma,1
Lady excuse,1
Lady reflections,1
Lady presence,1
Lady degree,1
Lady complexion,1
Sir reason,1
Sir Brother,1
Sir time,1
Sir author,1
Sir villainies,1
Sir machinations,1
St Martin,1
Doctor devil,1
Sir Sally,1
Miss Anna,1
Mr Coddard,1
Miss Bella,1
Lady JOSEPH,1
Lady road,1
Lady service,1
Lady prey,1
Miss antipathy,1
Lady Joel,1
Miss Pray,1
Miss stairs,1
Miss Pert,1
Miss matters,1
Miss Mrs,1
Miss visits,1
Miss brother,1
Lady Honner,1
Sir pretence,1
Stupidity Lord,1
Miss Lady,1
Lady friend,1
Lady papa,1
Doctor world,1
Doctor Anna,1
Miss person,1
Lady mother,1
Lady steps,1
Lady merit,1
Miss mamma,1
Sir motions,1
Sir servantmaid,1
Sir Robert,1
Sir methods,1
Sir aunt,1
Sir face,1
Miss sex,1
Sir men,1
Lady Sir,1
Mr Love,1
Sir body,1
Mrs Walton,1
Sir father,1
Sir health,1
Lady generosity,1
Lady Ladyship,1
Ladyship character,1
Ladyship people,1
Ladyship women,1
Ladyship detractors,1
Mr coachman,1
Sir coach,1
Lady Madam,1
Mr niece,1
Lady people,1
Lady Bettythe,1
Lady Well,1
Sir uncles,1
Sir mind,1
Sir Thousands,1
Mr Lord,1
Mrs Knollys,1
Sir kinswoman,1
Sir Morden,1
Sir husband,1
Sir disgraces,1
Sir credulity,1
Lady Spy,1
Lady implement,1
Sir manifold,1
Sir servants,1
Lady honour,1
Sir relations,1
Sir enemies,1
Steadiness mind,1
Sir solemnity,1
Mr LOVELACE,1
Lady Law,1
Mr JOHN,1
Lady Sinclair,1
Miss Ladies,1
Sir resolv,1
Sir ALtho,1
Sir nothing,1
Lady maid,1
Lady month,1
Lady affection,1
Mr Mullins,1
Sir readier,1
Stream Athens,1
Sir Hickman,1
Mrs Moores,1
Sir Tomlinson,1
Sir Lovelace,1
Sir dog,1
Sir girl,1
Lady Bettycoming,1
Lady Robert,1
Lady vice,1
Lady judges,1
Lady Reader,1
Doctor one,1
Sir expiation,1
Sir conscience,1
Sir Almighty,1
Sir Duke,1
Sir situation,1
Sir one,1
Lady friendship,1
Lady sake,1
Lady Dorcas,1
Sir business,1
Sir don,1
Lady hour,1
Lady chairmen,1
Sir wretch,1
Lady wickeder,1
Sir Bard,1
Sir creditors,1
Lady indelicate,1
Stedman Stedman,1
Dropt Robbers,1
Dropt Dropt,1
Dropt service,1
Lady unawares,1
Lady Nothing,1
Mr T,1
Lady complainant,1
Lady scene,1
Lady fly,1
Sir apprehensions,1
Sir air,1
Sir family,1
Sir branches,1
Lady requests,1
Lady failings,1
Lady joy,1
Lady Ladiship,1
Lady iff,1
Miss How,1
Lady Colonel,1
Sir curse,1
Lady speeches,1
Lady Hannah,1
Lady terrors,1
Sir widow,1
Miss HoweMiss,1
HoweMiss Howe,1
Lady Tomlinson,1
Lady Captain,1
Sir destiny,1
Ladyship nephew,1
Ladyship Miss,1
Sir rascals,1
Doctor Apothecary,1
Sir occasion,1
Miss Playford,1
Sir tho,1
Sir Nay,1
Sir Clergy,1
Sir ladies,1
Sir title,1
Sir jealousy,1
Mrs M,1
Lady conscience,1
Sir Thou,1
Lady thing,1
Sir Old,1
Miss guardians,1
Miss Abraham,1
Doctor warrant,1
Mr THE,1
Lady resolution,1
Sir Twere,1
Sir innkeeper,1
Doctor The,1
Doctor benignity,1
Doctor faculty,1
Doctor friends,1
Sir care,1
Doctor soothings,1
Doctor door,1
Doctor Sex,1
Mr Spurrier,1
Ladyship steward,1
Ladyship person,1
Lady father,1
Sir people,1
Sir attempt,1
Mr incumbent,1
Mr English,1
Sir vanity,1
Sir Altho,1
miscellany,1
pop,1
guns,1
Duce,1
practise,1
Nick,1
exertion,1
addresses,1
exit,1
deer,1
shaft,1
repetitions,1
Tears,1
manhood,1
hill,1
harden,1
misery,1
abandon,1
dying,1
gratifications,1
injur,1
neglect,1
Christians,1
despondency,1
efficacy,1
attribute,1
drowsiness,1
contemplation,1
Echoes,1
leavings,1
BELTON,1
Prospect,1
Death,1
thinker,1
Proverb,1
perturbations,1
left,1
stuff,1
King,1
adroitness,1
beech,1
attack,1
flatterers,1
prosperity,1
kin,1
slighter,1
unawares,1
fiend,1
converse,1
doctrine,1
whic,1
Wood,1
Amen,1
references,1
forsooth,1
obligingness,1
examples,1
extravagancies,1
pieces,1
archness,1
Has,1
bushel,1
law,1
consistency,1
siding,1
bowels,1
branch,1
conferences,1
concessions,1
lowness,1
BETTY,1
inattention,1
reconciliatory,1
sedateness,1
repining,1
directress,1
smuggler,1
sorrowings,1
murder,1
frown,1
equanimity,1
capitulation,1
worship,1
equipages,1
COllins,1
thinks,1
passengers,1
ANTONY,1
TOMLINSON,1
officiousness,1
flatteries,1
humours,1
think,1
finds,1
sob,1
accents,1
Burial,1
Saint,1
serenity,1
Physicians,1
Yesterday,1
Duchess,1
dowager,1
Fifty,1
manors,1
Parliament,1
Convocation,1
Dst,1
David,1
Offer,1
dairy,1
wenches,1
Fellow,1
desir,1
hap,1
offerest,1
notes,1
Rosebud,1
Credits,1
Debits,1
balance,1
Gypsey,1
Apes,1
cork,1
shuttlecock,1
ships,1
crews,1
warehouse,1
Alexander,1
prostration,1
adulations,1
couldst,1
Frankness,1
Rank,1
Soul,1
bugbear,1
unfold,1
naming,1
bard,1
vagabond,1
Maiden,1
reigns,1
liquors,1
Carthage,1
Dido,1
dogma,1
Eckius,1
Protestant,1
Saxon,1
aukwardness,1
Enthusiasts,1
gospel,1
howling,1
inspirer,1
Respectful,1
absurdities,1
sewer,1
antiquity,1
criticism,1
collegian,1
brethren,1
Job,1
pomp,1
dissertation,1
Books,1
imprisonment,1
Dowagers,1
antiques,1
monkies,1
flesh,1
comments,1
Belsord,1
list,1
R,1
Westminster,1
Yo,1
Him,1
Indeed,1
hardships,1
placability,1
constraint,1
Venerables,1
Tabbies,1
plants,1
monarque,1
diest,1
consentest,1
knock,1
venerables,1
comforts,1
frugality,1
batchelors,1
softening,1
situations,1
Regard,1
MEMORY,1
challenge,1
gratifying,1
Horsepond,1
Blue,1
Boar,1
whitener,1
blackener,1
informations,1
uncharitableness,1
descent,1
wall,1
assents,1
treatise,1
metamorphoses,1
peep,1
Lincolns,1
fields,1
tenter,1
hooks,1
rack,1
torture,1
dearest,1
regularity,1
benefits,1
Laugh,1
bottle,1
Rose,1
Knightsbridge,1
flaying,1
style,1
theory,1
fts,1
auditor,1
path,1
undriven,1
receiver,1
events,1
womb,1
particularity,1
directions,1
recommendation,1
Grove,1
Example,1
Mistress,1
Poors,1
reproach,1
exits,1
accomplices,1
reproaches,1
second,1
turning,1
Lexington,1
Speaker,1
Archibald,1
Hutcheson,1
Writing,1
House,1
Commons,1
Money,1
Queens,1
Kings,1
whe,1
antagonist,1
elect,1
Empson,1
aught,1
savage,1
dawn,1
Insomuch,1
clergy,1
surpris,1
scar,1
Ere,1
soothings,1
intimations,1
casement,1
inches,1
companionship,1
boat,1
meals,1
sate,1
instant,1
Seesaw,1
implication,1
novelty,1
bruit,1
tempter,1
failure,1
Shun,1
argumentation,1
misbehaviour,1
compeers,1
partner,1
dishabille,1
stays,1
seams,1
blowz,1
skins,1
hair,1
divers,1
lead,1
comb,1
jet,1
brindle,1
slops,1
effluvia,1
carcasses,1
stench,1
gaols,1
mortification,1
cartilages,1
bones,1
science,1
operation,1
bubbling,1
ravings,1
carelssnes,1
i,1
lise,1
Parson,1
intemperance,1
miry,1
delusion,1
Libertines,1
revolution,1
habits,1
promoters,1
debt,1
task,1
censurer,1
commandment,1
acquirements,1
supererogatories,1
sheets,1
being,1
additions,1
birds,1
Zanies,1
apothecaries,1
watchings,1
attendances,1
arduousness,1
misapprehensions,1
jeweller,1
handmaid,1
Waller,1
litter,1
glare,1
jointure,1
stake,1
conquerors,1
armies,1
subduers,1
nations,1
member,1
accomplishments,1
frank,1
openheart,1
guest,1
Threateners,1
remedy,1
chal,1
chance,1
teller,1
innkeepers,1
troopers,1
trooper,1
mile,1
believ,1
inferiority,1
solicitous,1
These,1
Troilus,1
Cressida,1
yea,1
oer,1
function,1
Madrid,1
prude,1
visiter,1
valour,1
highwayman,1
trustee,1
doat,1
dupes,1
customs,1
matrimonialists,1
affluence,1
equivalent,1
equality,1
aims,1
pursuits,1
courses,1
fencing,1
Hackney,1
stealth,1
reputations,1
drum,1
trumpet,1
fife,1
tabret,1
chubby,1
whelps,1
mahogany,1
Marriage,1
High,1
inconveniency,1
heavy,1
midnight,1
reparation,1
begone,1
nose,1
qualifier,1
offering,1
unapprehensive,1
aspiration,1
pursuance,1
Preamble,1
duplicate,1
banker,1
might,1
bashfulness,1
rule,1
supposal,1
levies,1
dealings,1
Court,1
goose,1
loiter,1
Cravat,1
cushion,1
Prince,1
Baronet,1
corruptors,1
battles,1
hunch,1
dispositions,1
baboons,1
adjurations,1
ord,1
cords,1
sore,1
Change,1
war,1
reduction,1
infidelity,1
coin,1
Novogrod,1
Russia,1
city,1
antient,1
Sarmatia,1
hens,1
poultry,1
rencounter,1
perturbation,1
unskilfulness,1
wound,1
topic,1
amusements,1
slighting,1
adages,1
deity,1
bosoms,1
hundred,1
dialogue,1
Eye,1
healthier,1
increase,1
mo,1
ey,1
exotics,1
proverb,1
cocker,1
JUSTICE,1
greatness,1
Sweet,1
Singer,1
Israel,1
ro,1
nobleman,1
vindication,1
destin,1
reformer,1
imitator,1
pitch,1
desperation,1
shirt,1
waistcoat,1
ape,1
hemm,1
partition,1
foe,1
sentence,1
One,1
mirth,1
gaiety,1
Wilt,1
indictment,1
butcheries,1
depredations,1
thief,1
Rape,1
Biddy,1
Hadst,1
chivalry,1
tawdriness,1
operations,1
injoin,1
mixture,1
bone,1
Politeness,1
vessel,1
choicest,1
fansy,1
sovereigns,1
Eastern,1
Monarchs,1
Kit,1
tap,1
Castle,1
fugitives,1
familiars,1
SCENE,1
Heath,1
residence,1
park,1
pities,1
legs,1
stump,1
host,1
gravity,1
lodger,1
coxcomb,1
debate,1
walks,1
chaplain,1
passive,1
Osgood,1
laying,1
convers,1
buz,1
glotes,1
adversaries,1
breakers,1
blot,1
escutcheon,1
governors,1
covetous,1
epispastics,1
comrades,1
necessities,1
help,1
apostasy,1
scoff,1
Farley,1
allowance,1
Sickness,1
medium,1
proselyte,1
shop,1
beau,1
hesitations,1
sketch,1
Phaeton,1
Yorkshire,1
toasts,1
pedantry,1
Souls,1
Reformation,1
dinner,1
Saucy,1
weddings,1
encourag,1
ELDER,1
SISTER,1
presses,1
personalities,1
stripe,1
saddler,1
takers,1
recrimination,1
al,1
discourse,1
piercing,1
glance,1
excusable,1
seekest,1
fin,1
bod,1
eac,1
entertainments,1
associates,1
alliances,1
Midsummer,1
Day,1
donations,1
riser,1
Union,1
Legislature,1
tat,1
Thus,1
teazing,1
Oons,1
tacks,1
rents,1
tops,1
worm,1
guggle,1
Confound,1
significance,1
payment,1
Pardon,1
Cot,1
liquor,1
fires,1
averr,1
So,1
uglier,1
grudges,1
Jew,1
citizen,1
Bettertons,1
ffers,1
image,1
launch,1
bias,1
foil,1
secrets,1
meridian,1
That,1
de,1
Foe,1
dissenter,1
Aegr,1
Nunc,1
proce,1
Ovid,1
Hart,1
lily,1
snow,1
sky,1
ribband,1
agitations,1
whoreson,1
repine,1
emperor,1
rear,1
Cromwell,1
circumspection,1
POWER,1
rogueries,1
apprehensiveness,1
blameable,1
sanction,1
avow,1
first,1
steel,1
obligingly,1
bullet,1
rain,1
hesitation,1
apology,1
efore,1
volley,1
forehead,1
fist,1
takest,1
cash,1
keys,1
Faintness,1
congress,1
Excellence,1
counsel,1
remembrances,1
Thine,1
waiter,1
streets,1
y,1
recoil,1
glasses,1
Applications,1
ating,1
intervals,1
senses,1
comparisons,1
Where,1
Mowbay,1
challenges,1
nicest,1
Wh,1
camel,1
swallowers,1
Holy,1
Writ,1
confin,1
intreaty,1
fashion,1
deeds,1
adieu,1
Coy,1
France,1
reversions,1
chapel,1
appeals,1
lamentations,1
vainglory,1
vices,1
removal,1
Niobe,1
vine,1
painting,1
poetry,1
undrest,1
Dorastus,1
Fauia,1
vallens,1
alarm,1
tresses,1
propriety,1
assemblage,1
demonstration,1
struggles,1
sobbings,1
dealing,1
Lovick,1
College,1
sufficiency,1
bryars,1
road,1
ascendency,1
digression,1
exercise,1
chearful,1
practice,1
crisis,1
underwritten,1
tideings,1
reprimand,1
innocent,1
pestilence,1
famine,1
blushes,1
Slly,1
tha,1
Downeton,1
Obstinacy,1
Cold,1
Bath,1
toilette,1
Georgic,1
vocatives,1
malevolence,1
parentage,1
shewn,1
imperfections,1
barbarian,1
severities,1
following,1
engag,1
unacquaintedness,1
ways,1
Christ,1
Fields,1
Batchelor,1
Spinster,1
greeting,1
premises,1
ministers,1
Loth,1
bribery,1
corruption,1
toad,1
Rave,1
bawl,1
incitements,1
LAW,1
plenty,1
Villainy,1
floor,1
process,1
product,1
Slipt,1
termagant,1
trims,1
transcriber,1
captive,1
Gothamite,1
prancer,1
rant,1
Sweden,1
reed,1
varletesses,1
gusts,1
horns,1
degrees,1
Now,1
likest,1
chace,1
chicaning,1
chicaneriers,1
practicers,1
hone,1
start,1
testator,1
cavils,1
sketches,1
Garden,1
dad,1
wriing,1
appeaance,1
heir,1
perquisites,1
compilement,1
testators,1
nds,1
limitations,1
helps,1
worthier,1
series,1
thread,1
expectancy,1
incumbrance,1
rent,1
affronts,1
independency,1
Nunnery,1
Mens,1
stones,1
reliance,1
sots,1
incidents,1
Besides,1
stead,1
Next,1
WEDNESDAY,1
artifice,1
Fainting,1
imposers,1
snatches,1
fatigue,1
repenters,1
favourer,1
aspirer,1
shooting,1
gathering,1
jar,1
Thence,1
tristful,1
visage,1
appetites,1
Farewel,1
farewel,1
bids,1
Pagans,1
flame,1
troubles,1
undertaker,1
inexpressibly,1
candlestick,1
Great,1
tails,1
majesty,1
transition,1
Sun,1
employ,1
Sept,1
oclock,1
HITHER,1
submissions,1
willingness,1
willinger,1
deviation,1
championess,1
stindgie,1
conshence,1
indede,1
grate,1
lanlady,1
LEMAN,1
particular,1
unmindful,1
crest,1
headstrongness,1
unopen,1
inconvenience,1
tenure,1
rustling,1
hysterics,1
constable,1
bein,1
Th,1
New,1
Husband,1
Proverbs,1
polygamy,1
king,1
Syria,1
veterum,1
bitterness,1
particualr,1
forgivenness,1
transgressions,1
Matrimony,1
adorer,1
While,1
gullet,1
endearments,1
presumest,1
designest,1
heavings,1
Ingrossments,1
Malory,1
swell,1
cavalcade,1
hazards,1
countries,1
hath,1
spots,1
frowardness,1
vault,1
stedfast,1
hopeing,1
bounds,1
forethought,1
chiding,1
naughty,1
sayst,1
Levite,1
decline,1
disappointments,1
mighty,1
stomachfulness,1
Encouragement,1
Approbation,1
Brilliancy,1
pertness,1
ray,1
conjecture,1
Could,1
preacher,1
saint,1
paths,1
judgments,1
guess,1
standish,1
bit,1
mistake,1
resolveing,1
chickens,1
Fabulist,1
thieves,1
flashes,1
lightning,1
inspection,1
blighting,1
Ungen,1
club,1
straw,1
aim,1
curiosities,1
token,1
heiress,1
absurdity,1
irregularities,1
inside,1
Maturest,1
elbow,1
VANITY,1
spiritedness,1
cordial,1
performance,1
First,1
familiarity,1
emulative,1
dupe,1
Rivalry,1
attachment,1
Confidence,1
conversations,1
mself,1
pill,1
inference,1
won,1
disagreeableness,1
unbidden,1
disgust,1
Mdam,1
prohibitions,1
sternness,1
Rising,1
sorrowing,1
Double,1
escutcheons,1
Herse,1
Tolling,1
symbol,1
Lid,1
wounds,1
petulance,1
Lancet,1
weapon,1
billows,1
flower,1
high,1
solicitudes,1
Bantams,1
Pheasants,1
Cascade,1
dashings,1
trifling,1
obstruction,1
Herbert,1
thunder,1
dismission,1
Familiarity,1
ignoble,1
moveing,1
professors,1
healing,1
travellers,1
sullener,1
close,1
declar,1
plantations,1
elms,1
limes,1
Lucretia,1
easiness,1
maturity,1
jests,1
mens,1
dross,1
definition,1
blush,1
purities,1
awe,1
disasters,1
anything,1
Full,1
scrapes,1
cannot,1
Creatures,1
knows,1
shapes,1
Disease,1
symptom,1
invasion,1
oee,1
bottom,1
dagger,1
Chief,1
Justices,1
warrants,1
sharpness,1
See,1
Single,1
Garb,1
tions,1
parties,1
Scripture,1
minute,1
Exit,1
Englishmen,1
bluntness,1
inclinations,1
inferiors,1
novels,1
Laws,1
Morality,1
affront,1
tone,1
Come,1
ce,1
untruth,1
Bob,1
capitulating,1
interrogatories,1
Dame,1
Shelbourne,1
Meditations,1
misty,1
disorders,1
Emperor,1
Moat,1
un,1
transcripts,1
Book,1
gates,1
oats,1
oxen,1
qualifiers,1
reflecter,1
recoils,1
Syren,1
me,1
Rise,1
mistinesses,1
rainbow,1
porter,1
Unhappier,1
prison,1
Worthy,1
Delicacy,1
Intrigue,1
conception,1
Isicle,1
impostors,1
Animosities,1
Reversions,1
noone,1
fal,1
lal,1
Triton,1
access,1
retches,1
ave,1
genteelness,1
delay,1
wrath,1
coffinlid,1
lethargy,1
heightenings,1
sightliness,1
hopelesness,1
disagreement,1
tremor,1
preconcert,1
divine,1
solidity,1
specious,1
Tomlison,1
nphew,1
seeme,1
Heart,1
Ask,1
breath,1
ado,1
Saw,1
wildish,1
incoherence,1
blisterings,1
overcharging,1
woes,1
simile,1
overspread,1
bruises,1
correspondest,1
wantest,1
foxhunter,1
idiot,1
ermine,1
tinsel,1
gold,1
atchievements,1
Confraternity,1
accusers,1
stations,1
scoundrels,1
fry,1
perverseness,1
persecutors,1
self,1
unpair,1
conceit,1
concurrence,1
Fretchville,1
ventur,1
tormentor,1
Planter,1
conniv,1
sollicitous,1
commentators,1
misconception,1
province,1
vileness,1
congealment,1
righthand,1
bedew,1
heartedness,1
explicitness,1
dislikes,1
Resigning,1
audience,1
Bar,1
Wisdom,1
peculiars,1
crew,1
burning,1
rin,1
Latin,1
Classics,1
wicker,1
Unsuspicious,1
lamb,1
heaves,1
winding,1
Reflection,1
loneliness,1
foes,1
disturbance,1
Oxford,1
emblazon,1
morality,1
observations,1
flutter,1
parchments,1
apron,1
hardship,1
designer,1
ivy,1
summer,1
Put,1
Success,1
intrepidity,1
tail,1
wings,1
neck,1
lecture,1
ALMIGHTY,1
diviner,1
descriptions,1
readers,1
Title,1
estrangements,1
catastrophes,1
vamp,1
Calls,1
objects,1
Nobleman,1
Seat,1
MORDEN,1
If,1
beginnings,1
blustering,1
suppos,1
acknowleg,1
unworthiness,1
cunning,1
scence,1
revilings,1
oilette,1
university,1
attendant,1
endowments,1
Alas,1
plague,1
constitutions,1
weeds,1
soil,1
weed,1
sum,1
Ratcliffe,1
Cherubims,1
Seraphims,1
intricacies,1
consummation,1
nderstood,1
everence,1
cavil,1
Puzzle,1
recollecting,1
sinner,1
conditions,1
sadness,1
pew,1
Preacher,1
disdain,1
twinklers,1
prodigy,1
prodigies,1
recommenders,1
spleen,1
hero,1
heroine,1
prepossessions,1
Fortescue,1
gift,1
bundle,1
instrument,1
whooting,1
Minerva,1
Woodhouse,1
WISDOM,1
Night,1
Thro,1
Shades,1
Eve,1
Shews,1
deceive,1
Lunar,1
Ray,1
Form,1
Rules,1
Bloom,1
Empire,1
Ilyssus,1
Confess,1
Senses,1
Breath,1
Names,1
Flight,1
Mists,1
Error,1
Gloom,1
Symmes,1
Poisons,1
poniards,1
ties,1
relationship,1
ascendant,1
ow,1
ould,1
er,1
pardons,1
traitor,1
hoop,1
casualty,1
admonitions,1
misconduct,1
disreputation,1
reverend,1
denier,1
superciliousness,1
attainments,1
inconveniencies,1
conveniencies,1
regrets,1
expostulatory,1
deferr,1
Sat,1
sawcy,1
leisure,1
original,1
complimenters,1
Scipio,1
Sweets,1
spring,1
cold,1
sullenness,1
dastardiz,1
female,1
riving,1
pleasantry,1
falshoods,1
Mercy,1
frowarder,1
misconstruction,1
Inconveniencies,1
brayings,1
da,1
dam,1
fidelity,1
lion,1
chicken,1
rooms,1
subscriptions,1
South,1
Sea,1
cookmaid,1
peny,1
Prospects,1
eggs,1
untruths,1
graces,1
back,1
attitude,1
Cl,1
resverie,1
glories,1
Lovel,1
observers,1
rebuff,1
Contrition,1
sagacity,1
wealth,1
unconcern,1
compunction,1
poverty,1
Appeals,1
individuals,1
damp,1
venture,1
milch,1
cows,1
criminal,1
APOTHECARIES,1
quantities,1
cry,1
233,1
disobligation,1
prop,1
competitors,1
arbitrariness,1
impression,1
censoriousness,1
Royal,1
spies,1
Perdition,1
emotions,1
usurper,1
uniform,1
prognostics,1
humblest,1
pheasants,1
bantams,1
dareing,1
confederacy,1
Affairs,1
mercies,1
flutterer,1
apprehends,1
deplores,1
doughty,1
Tudor,1
Heiress,1
throne,1
descendant,1
Line,1
insolents,1
obligers,1
initials,1
Thee,1
mill,1
fans,1
booty,1
altars,1
level,1
hecatomb,1
Carberry,1
Fury,1
Holborn,1
Bars,1
temples,1
hunting,1
Enemy,1
unman,1
Bailiff,1
cattle,1
acquisition,1
demerits,1
machination,1
inch,1
Alston,1
visiters,1
streights,1
tart,1
returns,1
desperateness,1
disposal,1
cohabitation,1
Io,1
Hudibras,1
lookers,1
GENTLEMAN,1
crush,1
rebellions,1
Lark,1
Imprudent,1
machinations,1
vir,1
heirship,1
summons,1
reversiona,1
Intreats,1
satirist,1
elements,1
haggard,1
bond,1
shillings,1
forborn,1
sash,1
rapes,1
alterations,1
sleeves,1
robings,1
facings,1
coachmen,1
porters,1
Bailey,1
BEING,1
beings,1
score,1
madness,1
beggar,1
union,1
mortality,1
fram,1
suspension,1
bespoke,1
permission,1
attendants,1
dares,1
and,1
Sarah,1
package,1
Besought,1
dews,1
amaze,1
Beldam,1
capacity,1
dint,1
morsel,1
reach,1
froth,1
jaws,1
Bashful,1
comparison,1
Tiresias,1
questioner,1
horsemen,1
sleep,1
LIVES,1
despairedst,1
SOCRATES,1
ingratitude,1
demise,1
recesses,1
stop,1
interior,1
pattern,1
ingross,1
tasks,1
besure,1
antipathies,1
magistracy,1
condescensions,1
alertness,1
Richard,1
Thomas,1
Esquires,1
General,1
allegiance,1
eel,1
Sandoun,1
county,1
Esquire,1
Magdalen,1
Priscilla,1
spinster,1
ra,1
teazer,1
oblig,1
trifler,1
visitor,1
theirs,1
public,1
Occasions,1
litigation,1
Acts,1
Administration,1
default,1
convulsions,1
Honnored,1
Sur,1
Petur,1
Partrick,1
beforend,1
trix,1
howe,1
tethe,1
shee,1
cuurse,1
bravo,1
pragmatical,1
fusty,1
prerogatives,1
duration,1
oppositions,1
Protector,1
negligence,1
remissness,1
declarations,1
Athens,1
Whichsoever,1
responses,1
kiss,1
shrug,1
craving,1
buds,1
mishap,1
Kensington,1
noon,1
Aesop,1
malignity,1
Dorca,1
pet,1
reasoning,1
Prythee,1
mystery,1
sovereignty,1
RICHES,1
paints,1
selfishness,1
provocation,1
discharg,1
deliberation,1
Persons,1
proficiency,1
animal,1
creation,1
abuse,1
Blackwall,1
faith,1
ty,1
empress,1
intercessions,1
mantle,1
flash,1
Die,1
Anderson,1
stings,1
halves,1
wills,1
secresy,1
hurricane,1
narratives,1
giddiness,1
Reputation,1
causes,1
show,1
excuser,1
distressful,1
uld,1
prayer,1
Fiat,1
positiveness,1
impostor,1
clue,1
run,1
Herod,1
aid,1
Monsieur,1
Margate,1
G,1
whiles,1
confessor,1
voiture,1
Sufferer,1
convulsion,1
Austrian,1
posse,1
Knollys,1
bustlings,1
needles,1
Shelburne,1
serpent,1
viler,1
unconcernedness,1
consolations,1
flow,1
rectitude,1
aggressor,1
machinery,1
prize,1
skin,1
Rage,1
promiser,1
Hannibal,1
eater,1
Uxbrige,1
Twelve,1
Wine,1
Doubt,1
burst,1
exclamation,1
Condescend,1
cross,1
meanings,1
kinswomen,1
needle,1
midst,1
perjury,1
potions,1
forgery,1
subornation,1
jury,1
pathetics,1
constructions,1
Needleworks,1
concession,1
Prejudice,1
amends,1
hole,1
TOURVILLE,1
Tommy,1
aids,1
ornament,1
scribe,1
amanuensis,1
softness,1
Altamont,1
cuckold,1
soldier,1
Essence,1
quarreller,1
basely,1
triumphs,1
meditation,1
Canon,1
daintiness,1
On,1
duties,1
Improperly,1
magazine,1
memoranda,1
deposite,1
friendships,1
assumptions,1
obsequious,1
beginning,1
heroines,1
Whereas,1
quarrels,1
reconciliations,1
considerateness,1
roomatise,1
remark,1
recriminating,1
streight,1
privacy,1
flutters,1
Impudent,1
effrontery,1
fervency,1
depression,1
Montalto,1
gaped,1
Pontificate,1
likeness,1
Unhand,1
darest,1
smiles,1
casuist,1
Sceptics,1
Wisp,1
moralizer,1
say,1
hushand,1
thinkest,1
guard,1
nicety,1
feat,1
July,1
deluder,1
stillness,1
pleasanter,1
training,1
unexceptionable,1
convinc,1
moralist,1
sorce,1
brains,1
painter,1
security,1
laudanum,1
Kennet,1
historian,1
ambassador,1
indiscreetest,1
generality,1
disease,1
riot,1
sponge,1
Implacable,1
upwards,1
recreant,1
wouldest,1
Iffp,1
Questions,1
Whither,1
inequalities,1
Sacrilege,1
hem,1
Weakness,1
basis,1
ancle,1
slip,1
Amiens,1
ink,1
guaranties,1
resuge,1
whose,1
undutifulness,1
proceedest,1
chicane,1
MAY,1
Wedn,1
Nic,1
Play,1
drummer,1
disloyalty,1
gleams,1
Pen,1
dines,1
sups,1
infancy,1
contracts,1
lengthening,1
disobedience,1
paroxysms,1
director,1
justification,1
assumption,1
decision,1
Patterns,1
reprieve,1
gladness,1
sensibility,1
inconveniences,1
rush,1
Conscience,1
Norfolk,1
lodgers,1
imprecation,1
mob,1
irreconcileableness,1
rout,1
noise,1
outcry,1
seriousness,1
employers,1
hurt,1
contriving,1
hunt,1
punishers,1
representation,1
invectives,1
volume,1
incense,1
imputations,1
Prosperity,1
JOHN,1
watch,1
pertly,1
purchaser,1
images,1
sculptor,1
dame,1
flank,1
Cupid,1
topp,1
nerve,1
fibre,1
ox,1
Liveries,1
Johanetta,1
Susan,1
Charmingly,1
school,1
blows,1
wreck,1
composition,1
Impute,1
indiscretions,1
talons,1
prevention,1
blundering,1
deaths,1
revivals,1
askest,1
smoke,1
Hd,1
inquiries,1
puzzle,1
interposition,1
falshood,1
spoiler,1
behalf,1
Everyone,1
University,1
destroyer,1
determination,1
imploy,1
