letter,howe
letter,continuation
letter,subject
letter,letter
letter,xxxviii
xl,howe
xl,continuation
xl,subject
xl,letter
xl,xxxviii
miss,howe
miss,continuation
miss,subject
miss,letter
miss,xxxviii
clarissa,howe
clarissa,continuation
clarissa,subject
clarissa,letter
clarissa,xxxviii
harlowe,howe
harlowe,continuation
harlowe,subject
harlowe,letter
harlowe,xxxviii
thought,thought
stillness,mind
hour,mind
credit,tenderness
credit,lovelace
credit,nature
credit,calamity
credit,others
lovelace,return
lovelace,spirit
lovelace,lovelace
quality,quality
friend,friend
sister,circumstance
sister,hope
sister,sister
squanderer,sister
squanderer,conduct
pride,sister
pride,conduct
sister,sister
sister,error
thing,mind
company,company
sense,sense
deal,deal
treatment,treatment
wife,wife
deal,wife
treatment,wife
wife,wife
wife,promise
wife,obedience
wife,wife
husband,husband
husband,husband
husband,love
husband,husband
pleasanter,wife
pleasanter,choice
wife,wife
men,obedience
men,part
men,vow
men,wife
men,policy
men,choice
men,wife
men,wife
men,part
men,contract
wife,choice
wife,instance
choice,instance
choice,choice
choice,head
choice,choice
choice,judge
wife,wife
gentleness,protection
sex,protection
manner,protection
training,protection
education,protection
manner,protection
training,protection
education,protection
approbation,approbation
men,men
character,character
character,prisoner
character,chamber
character,visit
character,friend
character,friend
character,management
character,servant
character,permission
cousin,permission
montague,permission
lady,permission
character,character
cousin,cousin
montague,montague
lady,lady
favour,deal
favour,weight
relation,deal
relation,weight
unexceptionable,deal
unexceptionable,weight
rencounter,rencounter
art,art
ambition,ambition
brother,brother
side,side
family,return
brother,character
brother,brother
passion,passion
husband,husband
aunt,expectation
aunt,quality
aunt,husband
aunt,pride
aunt,virtue
aunt,husband
aunt,excellency
aunt,precept
aunt,doctrine
aunt,reward
aunt,punishment
aunt,husband
aunt,husband
aunt,one
aunt,probability
aunt,taint
aunt,principle
aunt,manner
aunt,posterity
aunt,thing
aunt,importance
aunt,thing
uncle,expectation
uncle,quality
uncle,husband
uncle,pride
uncle,virtue
uncle,husband
uncle,excellency
uncle,precept
uncle,doctrine
uncle,reward
uncle,punishment
uncle,husband
uncle,husband
uncle,one
uncle,probability
uncle,taint
uncle,principle
uncle,manner
uncle,posterity
uncle,thing
uncle,importance
uncle,thing
husband,expectation
husband,quality
husband,husband
husband,pride
husband,virtue
husband,husband
husband,excellency
husband,precept
husband,doctrine
husband,reward
husband,punishment
husband,husband
husband,husband
husband,one
husband,probability
husband,taint
husband,principle
husband,manner
husband,posterity
husband,thing
husband,importance
husband,thing
husband,influence
husband,husband
relation,influence
relation,husband
aunt,influence
aunt,husband
uncle,influence
uncle,husband
husband,influence
husband,husband
expectation,influence
expectation,husband
husband,husband
husband,one
attempt,attempt
acknowledgment,objection
acknowledgment,praise
acknowledgment,ingenuousness
acknowledgment,proof
acknowledgment,discussion
acknowledgment,evil
proof,proof
thing,thing
enemy,enemy
discretion,corporal
discretion,faculty
head,turn
head,head
heart,heart
divine,miracle
divine,miracle
grace,miracle
grace,miracle
divine,heart
grace,heart
parent,parent
parent,child
parent,inclination
parent,child
parent,inclination
parent,child
parent,child
child,child
child,parent
child,character
child,examination
lovelace,lovelace
lovelace,friend
lovelace,lovelace
lovelace,politeness
lovelace,ability
lovelace,lovelace
humility,humility
shorey,shorey
lovelace,lovelace
enemy,enemy
don,lovelace
don,observation
don,moralist
don,lovelace
moralist,observation
moralist,lovelace
lovelace,lovelace
lovelace,obloquy
revenge,lovelace
revenge,guilt
nobody,sword
nobody,sponge
enemy,fault
adversary,sword
adversary,adversary
adversary,sword
adversary,sword
one,error
error,error
prudence,word
prudence,liking
prudence,rally
persecution,advantage
persecution,interview
labour,advantage
labour,interview
situation,situation
mind,mind
impression,impression
notion,notion
delicacy,delicacy
sex,sex
matter,matter
distress,distress
friend,friend
subject,subject
instance,instance
situation,mind
situation,impression
situation,notion
situation,delicacy
situation,sex
situation,matter
situation,distress
situation,friend
situation,subject
situation,instance
liking,mind
liking,impression
liking,notion
liking,delicacy
liking,sex
liking,matter
liking,distress
liking,friend
liking,subject
liking,instance
liking,mind
liking,impression
liking,notion
liking,delicacy
liking,sex
liking,matter
liking,distress
liking,friend
liking,subject
liking,instance
opinion,mind
opinion,impression
opinion,notion
opinion,delicacy
opinion,sex
opinion,matter
opinion,distress
opinion,friend
opinion,subject
opinion,instance
impression,notion
impression,delicacy
impression,sex
impression,matter
sex,delicacy
impression,distress
notion,distress
delicacy,distress
sex,distress
matter,distress
mind,mind
impression,impression
notion,notion
delicacy,delicacy
sex,sex
matter,matter
distress,distress
word,word
mouth,mouth
manner,manner
word,word
mouth,mouth
character,character
friend,air
friend,subject
distress,air
distress,subject
friend,subject
distress,subject
methinks,methinks
force,sex
figure,sex
person,sex
friend,deal
friend,prejudice
friend,favour
opinion,opinion
world,world
world,world
contempt,character
matron,matron
matron,matron
one,one
case,case
character,veneration
character,place
character,admiration
character,want
character,veneration
prudence,veneration
prudence,place
prudence,admiration
prudence,want
prudence,veneration
experience,veneration
experience,place
experience,admiration
experience,want
experience,veneration
one,genius
one,subject
person,person
lovelace,judgment
lovelace,art
lovelace,way
lovelace,lovelace
lovelace,lovelace
lovelace,lovelace
lovelace,person
lovelace,lovelace
lovelace,part
lovelace,lovelace
lovelace,dress
methinks,command
methinks,miss
methinks,howe
sentence,command
sentence,miss
sentence,howe
style,command
style,miss
style,howe
imagination,command
imagination,miss
imagination,howe
spirit,command
spirit,miss
spirit,howe
betty,betty
barnes,barnes
betty,expression
betty,creature
betty,solmes
betty,betty
betty,barnes
betty,girl
betty,labour
betty,betty
betty,barnes
barnes,expression
barnes,creature
barnes,solmes
barnes,betty
barnes,barnes
barnes,girl
barnes,labour
barnes,betty
barnes,barnes
betty,principle
barnes,principle
oliver,world
observation,world
husband,love
husband,week
knight,knight
knight,wife
fondness,wife
misogynist,misogynist
oliver,howe
letter,howe
xli,howe
miss,howe
clarissa,howe
harlowe,howe
none,none
persecution,persecution
letter,letter
child,happiness
father,comply
father,father
father,expectation
father,disobligations
father,oblivion
father,disobligations
pattern,letter
silk,letter
settlement,settlement
father,suit
father,suit
father,father
father,expense
father,father
solmes,set
solmes,jewel
solmes,solmes
objection,weight
spirit,weight
you,fortune
you,family
you,solmes
people,fortune
people,family
people,solmes
people,fortune
people,family
people,solmes
term,fortune
term,family
term,solmes
thing,fortune
thing,family
thing,solmes
fortune,you
fortune,people
fortune,people
fortune,term
fortune,thing
fortune,dislike
family,you
family,people
family,people
family,term
family,thing
family,dislike
solmes,you
solmes,people
solmes,people
solmes,term
solmes,thing
solmes,dislike
provision,you
provision,people
provision,people
provision,term
provision,thing
provision,dislike
people,people
you,dislike
people,dislike
people,dislike
term,dislike
thing,dislike
draught,draught
settlement,settlement
aunt,aunt
girl,girl
alteration,perusal
alteration,them
girl,perusal
girl,them
day,perusal
day,them
sightlines,alliance
person,alliance
alliance,alliance
person,consideration
parent,daughter
parent,clarissa
parent,disparagement
parent,arabella
parent,clarissa
parent,address
parent,clarissa
parent,clarissa
clarissa,disparagement
clarissa,arabella
clarissa,clarissa
clarissa,address
clarissa,clarissa
clarissa,clarissa
disparagement,disparagement
arabella,arabella
clarissa,clarissa
disparagement,address
disparagement,clarissa
arabella,address
arabella,clarissa
clarissa,address
clarissa,clarissa
hopelessness,hopelessness
compliance,compliance
application,application
father,father
don,father
don,thing
don,uncheerful
don,compliance
father,thing
father,uncheerful
father,compliance
letter,letter
ceremony,title
ceremony,vow
view,affection
view,wife
wife,affection
wife,wife
wife,affection
wife,wife
person,affection
person,wife
wife,eye
wife,others
richness,disgust
pattern,disgust
wife,one
wife,self
wife,wife
wife,solmes
betty,betty
betty,betty
nothing,son
nothing,violence
mother,mother
betty,betty
son,son
violence,violence
maid,answer
betty,line
betty,father
betty,line
betty,father
mother,mother
uncle,ceremony
uncle,uncle
uncle,chapel
antony,ceremony
antony,uncle
antony,chapel
brother,ceremony
brother,uncle
brother,chapel
sister,ceremony
sister,uncle
sister,chapel
norton,ceremony
norton,uncle
norton,chapel
ceremony,ceremony
solmes,solmes
father,father
father,father
father,father
betty,message
betty,father
betty,creature
betty,father
betty,mother
message,father
message,creature
message,father
message,mother
father,creature
father,father
father,mother
father,father
friend,friend
father,father
miss,betty
miss,answer
miss,miss
miss,miss
reserve,reserve
brother,brother
mother,word
mother,brother
lord,lord
sex,sex
sex,sex
mother,mother
mother,power
mother,child
wench,wench
betty,answer
wench,answer
wench,answer
father,mother
father,wench
wench,father
wench,father
wench,wrath
wench,solmes
wench,brother
wench,sister
wench,father
wench,contrary
father,father
solmes,solmes
mother,trial
brother,brother
sister,sister
brother,brother
brother,sister
brother,management
sister,brother
sister,sister
sister,management
girl,girl
girl,girl
cousin,cousin
dolly,dolly
hervey,hervey
cousin,solmes
cousin,solmes
dolly,solmes
dolly,solmes
hervey,solmes
hervey,solmes
letter,howe
letter,dialogue
letter,bout
xlii,howe
xlii,dialogue
xlii,bout
miss,howe
miss,dialogue
miss,bout
clarissa,howe
clarissa,dialogue
clarissa,bout
harlowe,howe
harlowe,dialogue
harlowe,bout
letter,brother
letter,sister
xlii,brother
xlii,sister
miss,brother
miss,sister
clarissa,brother
clarissa,sister
harlowe,brother
harlowe,sister
howe,brother
howe,sister
dialogue,brother
dialogue,sister
bout,brother
bout,sister
miss,solmes
miss,miss
miss,intention
miss,part
solmes,father
rest,father
pi,pi
word,word
clarissa,clarissa
harlowe,harlowe
parent,parent
order,order
arm,arm
parent,parent
parent,arm
norton,norton
lovelace,norton
account,norton
norton,norton
norton,spirit
norton,championess
norton,norton
norton,break
norton,child
norton,norton
parent,daughter
parent,obstinacy
parent,contrary
parent,break
parent,child
authority,daughter
authority,obstinacy
authority,contrary
authority,break
authority,child
daughter,subject
daughter,nature
solmes,merit
sister,sister
sister,servant
servant,sister
servant,servant
daughter,daughter
somebody,daughter
somebody,arm
profligate,daughter
profligate,arm
england,daughter
england,arm
claim,daughter
claim,arm
daughter,daughter
daughter,arm
blood,daughter
blood,arm
brother,daughter
brother,arm
somebody,claim
somebody,daughter
somebody,blood
somebody,brother
profligate,claim
profligate,daughter
profligate,blood
profligate,brother
england,claim
england,daughter
england,blood
england,brother
somebody,somebody
family,family
sister,sister
brother,brother
murderer,murderer
brother,brother
murderer,murderer
brother,lovelace
brother,my
brother,brother
brother,life
brother,life
brother,brother
brother,power
aggressor,aggressor
aggressor,somebody
bella,bella
god,patience
amen,bella
amen,retort
bella,bella
bella,bella
bella,body
bella,lovelace
bella,part
bella,brother
bella,body
bella,lovelace
bella,part
bella,brother
body,lovelace
body,part
body,brother
bella,view
bella,bella
thing,sister
bella,bella
bella,head
bella,end
bella,visit
bella,bella
friend,friend
friend,patience
bella,bella
whining,father
whining,mother
trick,father
trick,mother
bella,dependence
bella,father
bella,mother
bella,body
person,creature
person,matter
person,bella
person,passion
address,address
nobody,nobody
brother,brother
brother,body
brother,attention
reference,reference
miss,miss
clary,clary
opinion,opinion
forsooth,forsooth
bella,bella
bella,breath
grandfather,effect
grandfather,obligingness
grandfather,part
grandfather,grandfather
grandfather,estate
grandfather,heir
grandfather,grandfather
grandfather,son
grandfather,grandchild
grandfather,grandchild
daughter,family
daughter,picture
daughter,daughter
daughter,son
picture,family
picture,picture
family,family
family,picture
picture,family
picture,picture
example,family
example,picture
child,child
fal,fal
lal,lal
taste,taste
grandfather,brother
grandfather,family
grandfather,grandfather
grandfather,share
grandfather,father
grandfather,favour
grandfather,doubt
brother,family
grandfather,share
grandfather,father
grandfather,favour
estate,estate
grandfather,grandfather
brother,estate
bella,manner
envy,manner
possession,manner
manner,manner
art,art
brother,favour
brother,import
nobody,face
father,father
extravagancy,thing
extravagancy,father
bella,thing
bella,father
father,thing
father,father
father,thing
archness,lovelace
sister,sister
sister,sister
sister,sister
sister,county
sister,popularity
sister,sister
tear,cheek
supper,supper
time,time
conversation,conversation
friend,friend
eye,eye
round,round
friend,friend
eye,eye
board,board
bella,bella
bella,grief
bella,turning
bella,bella
bella,thing
bella,compliance
bella,bella
condescension,condescension
body,body
brother,brother
brother,brother
brother,one
brother,florence
brother,cousin
brother,morden
brother,brother
brother,italy
brother,stay
brother,italy
brother,brother
brother,one
brother,florence
brother,cousin
brother,morden
brother,brother
brother,italy
brother,stay
brother,italy
brother,stay
brother,italy
italy,stay
italy,italy
sister,brother
law,law
law,thing
bella,bella
sister,sister
bella,proposal
bella,proposal
don,unsisterliness
don,bella
unsisterliness,unsisterliness
bella,bella
people,people
people,heart
people,thing
people,body
people,people
people,eye
people,child
people,father
people,authority
people,parent
people,child
people,square
people,engagement
people,father
people,solmes
body,people
body,eye
body,child
body,father
body,authority
body,parent
body,child
body,square
body,engagement
body,father
body,solmes
rake,world
rake,end
rake,way
rake,reconciliation
rake,term
rake,messenger
rake,papa
rake,proposal
rake,end
papa,papa
proposal,end
aunt,aunt
hervey,hervey
uncle,uncle
harlowe,harlowe
betty,betty
betty,bed
betty,betty
betty,letter
betty,letter
betty,betty
fairy,fairy
fairy,hand
fairy,lover
fairy,betty
fairy,haste
fairy,notice
fairy,insolence
lover,lover
betty,betty
brother,nothing
brother,brother
brother,kindness
brother,point
father,proposal
mother,proposal
friend,proposal
morrow,proposal
morning,proposal
trouble,forwardness
forwardness,forwardness
quarrel,consideration
thing,thing
bravo,bravo
behaviour,behaviour
church,church
indication,indication
power,power
parent,parent
uncle,uncle
father,father
father,consequence
father,consequence
father,father
father,thing
father,interest
father,brother
father,difference
father,father
brother,interest
brother,difference
article,proposal
brother,proposal
letter,proposal
brother,proposal
scotland,proposal
brother,scotland
brother,scotland
judge,judge
fancy,bench
imagination,chariot
imagination,solmes
brother,sister
sister,sister
sister,report
bella,speech
report,sister
sister,report
instrument,behaviour
solmes,solmes
nancy,prolixity
papa,clary
issue,acknowledgement
issue,confession
issue,prudence
bella,air
bella,insult
accent,accent
clary,clary
clary,clary
reflection,reflection
creature,creature
hand,hand
thing,word
thing,lovyer
thing,thing
thing,tender
thing,heart
mamma,mamma
mamma,mamma
friend,friend
usage,usage
refusal,sex
brother,brother
sister,sister
brother,brother
sister,sister
servant,servant
setting,setting
clary,clary
thing,thing
sister,sister
bella,bella
child,child
slave,slave
setting,setting
clary,clary
father,father
mother,mother
brother,brother
brother,authority
sister,family
birth,birth
birth,fortune
fortune,birth
fortune,fortune
part,part
birth,birth
fortune,fortune
finger,finger
one,creature
papa,papa
letter,letter
papa,papa
letter,letter
uncle,uncle
antony,antony
house,house
chapel,chapel
hole,letter
hole,hannah
wall,letter
wall,hannah
letter,letter
letter,hannah
hannah,letter
hannah,hannah
hannah,intelligence
hannah,family
letter,howe
letter,wenesday
letter,morning
xliv,howe
xliv,wenesday
xliv,morning
miss,howe
miss,wenesday
miss,morning
clarissa,howe
clarissa,wenesday
clarissa,morning
harlowe,howe
harlowe,wenesday
harlowe,morning
miss,chamber
hervey,chamber
miss,miss
hervey,hervey
miss,distance
miss,miss
miss,hervey
hervey,distance
hervey,miss
hervey,hervey
miss,miss
hervey,hervey
miss,miss
miss,hervey
hervey,miss
hervey,hervey
miss,miss
miss,hervey
miss,sweetness
miss,temper
miss,manner
miss,point
miss,father
miss,friend
hervey,miss
hervey,hervey
hervey,sweetness
hervey,temper
hervey,manner
hervey,point
hervey,father
hervey,friend
mother,resolution
miss,resolution
hervey,resolution
solmes,proposal
fain,hervey
fain,fain
hervey,hervey
bell,tune
miss,duty
miss,term
miss,miss
miss,hervey
miss,circumstance
miss,case
miss,sister
hervey,duty
hervey,term
hervey,miss
hervey,hervey
hervey,circumstance
hervey,case
hervey,sister
miss,miss
hervey,hervey
argument,sister
side,sister
argument,face
side,face
sister,face
sister,sister
sister,sister
sister,sister
sister,sister
sister,sister
sister,part
sister,sister
sister,solmes
sister,lovelace
sister,friend
sister,sister
sister,wyerley
sister,solmes
sister,lovelace
sister,friend
sister,sister
sister,wyerley
sister,wyerley
ay,sister
ay,wyerley
clary,sister
clary,wyerley
nay,commission
nay,thing
nay,thing
nay,father
nay,mother
nay,lovelace
nay,hope
nay,question
madam,don
madam,question
madam,end
madam,brother
madam,scheme
madam,me
madam,hope
madam,end
madam,suffering
madam,disgrace
question,end
sister,estate
sister,hand
sister,grove
sister,independence
sister,sister
sister,sister
sister,perverseness
sister,sister
sister,sister
sister,perverseness
mamma,herd
norton,herd
oracle,herd
gate,herd
father,grandfather
living,grandfather
estate,grandfather
grandfather,grandfather
estate,grandfather
grandfather,grandfather
grandfather,change
grandfather,grandfather
grandfather,favourite
father,enough
father,management
father,law
father,tear
father,grandfather
miss,miss
hervey,hervey
madam,miss
madam,hervey
miss,miss
miss,hervey
miss,envy
miss,authority
miss,estate
hervey,miss
hervey,hervey
hervey,envy
hervey,authority
hervey,estate
father,consequence
father,father
father,door
father,father
father,indigence
father,door
father,father
father,father
husband,husband
husband,respect
husband,niece
husband,husband
husband,husband
husband,husband
husband,defiance
husband,husband
husband,husband
husband,family
husband,family
husband,husband
husband,family
body,insult
sister,something
sister,vehemence
sister,voice
sister,sister
sister,pray
sister,madam
sister,lovelace
sister,lovelace
sister,family
sister,lovelace
phrase,wonder
oat,wonder
ox,wonder
qualifier,wonder
marriage,wonder
wife,wonder
discretion,wonder
lovelace,lovelace
freedom,effect
clary,clary
clary,pound
clary,heart
clary,moment
dolly,mother
part,mother
understanding,mother
dolly,mother
part,mother
understanding,mother
mother,mother
contradiction,mother
will,mother
point,mother
material,mother
mother,mother
mother,consent
miss,mother
miss,inclination
hervey,mother
hervey,inclination
father,mother
father,inclination
mother,mother
mother,inclination
miss,mother
miss,inclination
hervey,mother
hervey,inclination
father,mother
father,inclination
mother,mother
mother,inclination
mother,rake
mother,time
mother,time
mother,consent
mother,pardon
mother,madam
mother,miss
mother,hervey
mother,consent
time,consent
time,pardon
time,madam
time,miss
time,hervey
time,consent
madam,madam
miss,consent
hervey,consent
madam,confinement
madam,usage
sort,inclination
intimation,inclination
bella,bella
bella,ground
bella,opposition
bella,doubt
bella,conduct
miss,hesitation
hervey,hesitation
miss,confusion
miss,family
miss,lovelace
hervey,confusion
hervey,family
hervey,lovelace
creature,miss
creature,hervey
creature,miss
creature,hervey
miss,miss
miss,hervey
hervey,miss
hervey,hervey
father,father
mother,mother
father,sister
madam,madam
madam,sister
madam,case
madam,miss
madam,hervey
madam,father
madam,mother
madam,tear
madam,effect
madam,mother
madam,heart
madam,mother
madam,favourite
madam,advantage
madam,mother
madam,mother
madam,mother
madam,tenderness
madam,madam
madam,reason
madam,mother
madam,mother
madam,presence
mother,mother
mother,favourite
mother,advantage
mother,mother
mother,mother
mother,mother
mother,tenderness
mother,madam
mother,reason
mother,mother
mother,mother
mother,presence
mother,mother
mother,mother
mother,tenderness
mother,madam
mother,reason
mother,mother
mother,mother
mother,presence
mother,mother
mother,tenderness
mother,madam
mother,reason
mother,mother
mother,mother
mother,presence
mother,mother
letter,howe
letter,sunday
letter,morning
xxii,howe
xxii,sunday
xxii,morning
miss,howe
miss,sunday
miss,morning
clarissa,howe
clarissa,sunday
clarissa,morning
harlowe,howe
harlowe,sunday
harlowe,morning
hannah,place
hannah,garden
hannah,wall
hannah,letter
hannah,lovelace
hannah,night
hannah,lord
hannah,m
lord,wall
lord,letter
m,wall
m,letter
letter,letter
lovelace,lovelace
night,night
lord,lord
m,m
solmes,solmes
solmes,solmes
brother,brother
brother,meaning
brother,creature
brother,one
brother,brother
brother,sister
brother,solmes
brother,wife
brother,pattern
brother,mother
brother,brother
pattern,mother
pattern,brother
thing,brother
brother,sister
brother,thing
brother,aggravation
brother,insult
brother,brother
brother,brother
brother,manner
brother,occasion
brother,brother
brother,violence
sister,thing
sister,brother
sister,manner
sister,occasion
sister,brother
sister,violence
brother,thing
brother,brother
brother,manner
brother,occasion
brother,brother
brother,violence
brother,relation
brother,inducement
brother,solmes
brother,brother
brother,relation
brother,inducement
brother,solmes
brother,brother
relation,solmes
relation,brother
inducement,solmes
inducement,brother
solmes,solmes
solmes,solmes
solmes,solmes
solmes,solmes
solmes,solmes
solmes,solmes
solmes,hope
solmes,favour
father,solmes
uncle,solmes
solmes,measure
solmes,order
solmes,reconciliation
solmes,solmes
solmes,solmes
solmes,meeting
solmes,night
solmes,father
solmes,garden
solmes,solmes
solmes,meeting
solmes,solmes
solmes,meeting
friend,protection
solmes,boldness
solmes,lord
solmes,name
solmes,asylum
solmes,solmes
solmes,behalf
way,supposal
way,offer
sex,supposal
sex,offer
way,way
sex,sex
assent,assent
heart,correspondence
solmes,solmes
address,address
whose,yours
advice,yours
hannah,hannah
hannah,something
shorey,shorey
shorey,shorey
shorey,brother
shorey,favour
shorey,shorey
shorey,shorey
billet,messenger
billet,request
answer,answer
dejection,excuse
dejection,score
dejection,indisposition
spirit,excuse
spirit,score
spirit,indisposition
civility,compliment
civility,acquaintance
girl,stress
girl,girl
girl,parent
neighbour,neighbour
miss,miss
miss,brother
miss,brother
miss,snare
howe,brother
howe,brother
howe,snare
miss,brother
miss,snare
howe,brother
howe,snare
brother,brother
brother,snare
letter,howe
xxiii,howe
miss,howe
clarissa,howe
harlowe,howe
god,god
papa,hannah
papa,house
papa,mischief
papa,hannah
papa,creature
papa,word
papa,hannah
papa,stead
mamma,hannah
mamma,house
mamma,mischief
mamma,hannah
mamma,creature
mamma,word
mamma,hannah
mamma,stead
hannah,mischief
wage,wage
impertinent,impertinent
impertinent,request
creature,creature
impertinent,fidelity
impertinent,love
impertinent,fidelity
impertinent,love
impertinent,mischief
impertinent,impertinent
impertinent,mischief
impertinent,question
impertinent,integrity
impertinent,service
impertinent,impertinent
mistress,mistress
impertinent,impertinent
creature,creature
merit,merit
creature,creature
betty,shorey
hannah,opportunity
hannah,hannah
hannah,letter
hannah,hannah
hannah,hannah
hannah,hannah
hannah,my
hannah,hannah
hannah,pocket
hannah,miss
hannah,harlowe
hannah,pocket
hannah,hannah
hannah,finger
hannah,hannah
hannah,hannah
hannah,hannah
hannah,my
hannah,hannah
hannah,pocket
hannah,miss
hannah,harlowe
hannah,pocket
my,pocket
hannah,pocket
pocket,pocket
hannah,hannah
hannah,finger
hannah,hannah
hannah,account
hannah,number
hannah,pheasant
hannah,bantam
hannah,family
method,heart
method,end
method,author
method,disgrace
heart,end
heart,author
heart,disgrace
way,end
way,author
way,disgrace
betty,fleer
betty,shorey
hannah,hannah
wench,wench
wench,mistress
wench,lover
wench,wench
wench,degree
wench,merit
wench,wench
letter,howe
xxiv,howe
miss,howe
clarissa,howe
harlowe,howe
brother,brother
brother,point
father,father
father,father
creature,pain
threatenings,threatenings
fellow,fellow
obstinacy,obstinacy
hand,mother
mother,mother
mother,step
mother,compliance
mother,duty
compliance,compliance
duty,duty
people,punishment
people,permission
people,house
people,one
people,people
people,pain
people,necessity
people,people
people,sight
people,sight
one,house
one,people
one,pain
one,necessity
one,people
one,sight
one,sight
people,sight
betty,point
betty,betty
betty,barnes
betty,duty
betty,betty
betty,barnes
barnes,point
barnes,betty
barnes,barnes
barnes,duty
barnes,betty
barnes,barnes
letter,howe
xxv,howe
miss,howe
clarissa,howe
harlowe,howe
morden,cousin
cousin,cousin
morden,morden
mother,mother
mother,conference
mother,mother
report,conference
report,mother
mother,conference
mother,mother
brother,mother
view,mother
mother,mother
mother,brother
mother,view
mother,mother
mother,mother
mother,account
mother,mother
mother,account
mother,mother
mother,daughter
mother,husband
mother,person
mother,family
betty,order
betty,betty
betty,betty
betty,betty
lord,betty
question,question
betty,betty
betty,garden
betty,father
betty,mother
betty,uncle
sister,sister
mirth,mirth
sister,sister
way,way
insult,insult
sister,sister
way,way
insult,insult
mother,letter
mother,mother
mother,hand
madam,madam
lord,uncle
m,uncle
madam,service
prohibition,service
hannah,service
madam,scruple
madam,answer
prohibition,scruple
prohibition,answer
hannah,scruple
hannah,answer
service,scruple
service,answer
madam,answer
prohibition,answer
hannah,answer
scruple,answer
madam,my
madam,hannah
prohibition,my
prohibition,hannah
hannah,my
hannah,hannah
service,my
service,hannah
scruple,my
scruple,hannah
scruple,my
scruple,hannah
hannah,my
hannah,hannah
madam,scruple
madam,hannah
prohibition,scruple
prohibition,hannah
hannah,scruple
hannah,hannah
my,scruple
my,hannah
hannah,scruple
hannah,hannah
madam,hannah
madam,visit
prohibition,hannah
prohibition,visit
hannah,hannah
hannah,visit
madam,madam
prohibition,prohibition
hannah,hannah
who,who
madam,madam
honour,honour
prudence,prudence
forbear,forbear
madam,obligation
favour,favour
mother,letter
nobody,letter
clarissa,blame
clarissa,punishment
clarissa,yours
hannah,correspondencies
hannah,hannah
hannah,duty
hannah,hannah
hannah,duty
hannah,hannah
hannah,party
family,rod
honour,clarissa
prudence,clarissa
letter,letter
prudence,prudence
mother,mother
letter,letter
letter,mother
prudence,mother
shew,shew
father,patience
uncle,patience
shew,shew
sister,correspondence
sister,brother
correspondence,brother
father,father
father,sanction
father,brother
father,dislike
father,uncle
father,body
father,matter
father,brother
father,dislike
father,uncle
father,body
obstinacy,power
obstinacy,thing
father,father
aunt,aunt
aunt,aunt
marriage,child
marriage,marriage
parent,child
parent,marriage
nothing,likelihood
nothing,father
nothing,favour
unattempted,likelihood
unattempted,father
unattempted,favour
nothing,father
nothing,favour
unattempted,father
unattempted,favour
papa,papa
papa,child
aversion,aversion
power,power
taunting,handle
taunting,word
revilings,handle
revilings,word
brother,child
brother,brother
brother,instigation
brother,father
instigation,child
instigation,brother
instigation,instigation
instigation,father
betty,betty
barnes,barnes
brother,content
instigation,content
disobedience,disobedience
reflection,resentment
brother,resentment
honour,resentment
mother,letter
mother,brother
letter,howe
letter,thursday
letter,morn
xxvi,howe
xxvi,thursday
xxvi,morn
miss,howe
miss,thursday
miss,morn
clarissa,howe
clarissa,thursday
clarissa,morn
harlowe,howe
harlowe,thursday
harlowe,morn
lovelace,thing
lovelace,family
lovelace,lovelace
lovelace,lovelace
lovelace,lovelace
lovelace,lovelace
lovelace,lovelace
lovelace,lovelace
lovelace,merit
lovelace,expense
lovelace,lovelace
lovelace,merit
lovelace,expense
lovelace,favour
lovelace,foot
lovelace,lovelace
lovelace,consideration
lovelace,lovelace
lovelace,consideration
lovelace,lovelace
lovelace,treatment
lovelace,family
lovelace,hope
lovelace,lovelace
lovelace,despair
lovelace,lovelace
lovelace,lovelace
despair,lovelace
lovelace,lovelace
lovelace,lovelace
lovelace,lovelace
lovelace,remedy
relation,lovelace
relation,remedy
lady,lovelace
lady,remedy
lovelace,honour
lovelace,law
lovelace,abuse
lovelace,people
lovelace,sword
people,sword
shorey,answer
shorey,letter
shorey,shorey
shorey,letter
miss,miss
patty,patty
montague,montague
knolly,knolly
person,friend
person,favour
person,one
lady,character
lady,lady
lady,family
family,character
family,lady
family,family
lady,lady
lady,family
family,lady
family,family
lady,lady
family,family
fortescue,knowledge
fortescue,lord
fortescue,m
mean,knowledge
mean,lord
mean,m
hickman,knowledge
hickman,lord
hickman,m
alliance,alliance
alliance,effect
lady,effect
family,effect
lord,lovelace
lord,letter
resolution,world
one,content
one,world
content,world
wyerley,choice
wyerley,world
wyerley,line
wyerley,world
wyerley,subject
gentleman,choice
gentleman,world
gentleman,line
gentleman,world
gentleman,subject
friend,friend
letter,world
letter,place
letter,place
world,world
solicitous,solicitous
commentator,beauty
commentator,author
commentator,author
commentator,stranger
commentator,author
commentator,strain
commentator,gratitude
commentator,favour
commentator,consideration
commentator,author
commentator,insomuch
commentator,necessity
commentator,goodness
commentator,opinion
author,strain
author,gratitude
author,favour
author,consideration
author,author
author,insomuch
author,necessity
author,goodness
author,opinion
sportsman,sportsman
half,arm
nature,author
nature,favour
nature,friend
nature,inveteracy
nature,betwixt
nature,brother
nature,author
nature,author
nature,aggressor
nature,catastrophe
author,design
author,conduct
author,shyness
others,favour
author,author
creature,creature
author,author
creature,author
letter,clarissa
letter,harlowe
miss,clarissa
miss,harlowe
howe,clarissa
howe,harlowe
will,will
will,will
will,distinction
will,will
will,will
will,will
will,distinction
will,will
will,will
will,will
will,will
will,will
grandfather,family
grandfather,spirit
grandfather,grandfather
grandfather,power
grandfather,defect
grandfather,family
morden,cousin
morden,morden
morden,morden
brother,brother
brother,brother
brother,sister
brother,brother
brother,sister
brother,sister
brother,brother
brother,servant
brother,gate
brother,company
sister,brother
sister,sister
sister,brother
sister,sister
sister,sister
sister,brother
sister,servant
sister,gate
sister,company
brother,brother
brother,sister
brother,sister
brother,brother
brother,servant
brother,gate
brother,company
sister,brother
sister,sister
sister,sister
sister,brother
sister,servant
sister,gate
sister,company
sister,sister
none,none
twinkler,twinkler
sun,sun
family,family
none,none
twinkler,twinkler
sun,admiration
family,admiration
none,admiration
twinkler,admiration
sun,love
family,love
none,love
twinkler,love
admiration,love
none,none
eye,eye
such,opportunity
such,sun
such,family
such,none
such,twinkler
such,level
sun,opportunity
sun,sun
sun,family
sun,none
sun,twinkler
sun,level
family,opportunity
family,sun
family,family
family,none
family,twinkler
family,level
none,opportunity
none,sun
none,family
none,none
none,twinkler
none,level
twinkler,opportunity
twinkler,sun
twinkler,family
twinkler,none
twinkler,twinkler
twinkler,level
opportunity,opportunity
none,sun
twinkler,sun
lovelace,wretch
lovelace,company
lovelace,body
lovelace,laugh
solmes,solmes
solmes,tone
muscle,tone
solmes,solmes
solmes,solmes
solmes,grin
solmes,malice
solmes,gloominess
feature,gloominess
muscle,solmes
muscle,distortion
thing,love
thing,husband
somebody,fault
somebody,somebody
fault,fault
somebody,wretch
fault,wretch
sight,occasion
solmes,occasion
somebody,fault
somebody,master
wife,something
wife,solmes
wife,solmes
solmes,solmes
solmes,body
solmes,body
solmes,gainer
solmes,solmes
solmes,view
solmes,view
person,solmes
solmes,solmes
kitty,solmes
kitty,tenant
kitty,solmes
kitty,solmes
kitty,servant
kitty,solmes
solmes,solmes
solmes,tenant
solmes,solmes
solmes,solmes
solmes,servant
solmes,solmes
domestic,solmes
domestic,tenant
domestic,solmes
domestic,solmes
domestic,servant
domestic,solmes
solmes,solmes
tenant,solmes
solmes,servant
solmes,solmes
servant,solmes
tenant,tenant
servant,solmes
servant,solmes
servant,badness
servant,solmes
servant,heart
servant,servant
solmes,solmes
badness,badness
solmes,solmes
heart,heart
solmes,solmes
pocket,solmes
pocket,pocket
pocket,key
pocket,solmes
pocket,guest
pocket,friend
pocket,solmes
pocket,family
pocket,solmes
pocket,solmes
solmes,guest
solmes,wine
solmes,solmes
solmes,solmes
solmes,visiters
business,business
necessity,necessity
gentleman,gentleman
person,person
uncle,mother
uncle,uncle
uncle,harlowe
uncle,covetousness
uncle,uncle
uncle,harlowe
uncle,uncle
uncle,harlowe
uncle,term
uncle,hempen
uncle,matrimonial
uncle,cord
harlowe,mother
harlowe,uncle
harlowe,harlowe
harlowe,covetousness
harlowe,uncle
harlowe,harlowe
harlowe,uncle
harlowe,harlowe
harlowe,term
harlowe,hempen
harlowe,matrimonial
harlowe,cord
uncle,uncle
harlowe,harlowe
recommenders,creature
independence,title
estate,title
mother,mother
mother,mother
mother,mother
mother,mother
parent,person
parent,person
friend,friend
something,something
mother,mother
mother,side
vein,vein
rivalry,deal
deal,deal
spleen,deal
time,deal
envy,deal
will,deal
rivalry,deal
rivalry,spleen
rivalry,time
rivalry,envy
hero,fault
heroine,fault
mother,mother
mother,share
mother,mother
mother,share
mother,curiosity
mother,mother
mother,passage
mother,letter
mother,mother
mother,mother
mother,girl
mother,mother
mother,hickman
mother,lovelace
mother,mother
mother,eye
mother,mother
mother,part
mother,conversation
nancy,nancy
nancy,nancy
mother,mother
grating,child
thing,child
libertine,duel
libertine,brother
father,father
mother,mother
view,view
prepossession,prepossession
favour,favour
daughter,daughter
case,case
uncle,uncle
antony,antony
mother,mother
daughter,daughter
uncle,uncle
antony,antony
mother,mother
parent,parent
parent,child
mother,meekness
mother,brother
mother,brother
meekness,brother
child,mother
soberest,mother
soberest,politest
men,mother
men,politest
england,mother
england,politest
mother,year
mother,mother
judge,year
judge,mother
hickman,year
hickman,mother
mother,year
mother,mother
daughter,year
daughter,mother
mother,year
mother,mother
y,y
miss,miss
miss,harlowe
harlowe,miss
harlowe,harlowe
father,miss
father,harlowe
mother,miss
mother,harlowe
miss,something
harlowe,something
miss,something
miss,miss
miss,harlowe
miss,miss
miss,harlowe
harlowe,something
harlowe,miss
harlowe,harlowe
harlowe,miss
harlowe,harlowe
miss,miss
harlowe,harlowe
supposition,supposition
people,delight
people,folk
people,love
people,folk
people,love
curiosity,curiosity
mother,lovelace
mother,person
mother,lovelace
mother,person
mother,mother
mother,mother
mother,one
person,person
person,person
person,person
person,person
person,person
viscount,daughter
viscount,gentleman
viscount,liking
world,father
world,father
father,father
reflection,reflection
others,arbitrariness
others,course
daughter,daughter
hickman,hickman
daughter,daughter
don,account
family,reversion
lord,lord
m,m
sister,sister
fortescue,admirer
norton,hervey
norton,opinion
norton,side
norton,question
aunt,hervey
aunt,opinion
aunt,side
aunt,question
hervey,hervey
hervey,opinion
hervey,side
hervey,question
hervey,part
hervey,hervey
hervey,education
methinks,truth
mother,mother
lady,influence
lady,family
sister,influence
sister,family
wife,influence
wife,family
mother,influence
mother,family
mother,edge
mother,vivacity
one,one
self,self
forbear,forbear
one,one
self,self
forbear,forbear
one,heart
self,heart
forbear,heart
honour,heart
grief,heart
treatment,heart
father,father
father,interest
father,father
father,bosom
spirit,father
spirit,interest
spirit,father
spirit,bosom
father,father
malady,malady
father,father
malady,father
father,mother
father,father
wife,paroxysm
wife,will
witness,paroxysm
witness,will
father,paroxysm
father,will
pang,paroxysm
pang,will
paroxysm,paroxysm
paroxysm,will
father,paroxysm
father,will
wife,husband
wife,husband
child,husband
influence,influence
advice,advice
freedom,tendency
friend,tendency
solmes,solmes
justice,verisimilitude
wit,wit
justice,justice
thing,thing
people,people
lovelace,lovelace
lovelace,resolution
men,men
flattery,flattery
love,person
love,affluence
love,indigence
humour,choice
humour,mother
humour,hickman
humour,daughter
mother,hickman
mother,daughter
mother,lenity
mother,mother
mother,hickman
mother,daughter
mother,mother
mother,mother
mother,mother
mother,view
mother,effect
mother,prepossession
mother,love
mother,creature
mother,sex
effect,prepossession
effect,love
effect,creature
effect,sex
lovelace,character
lovelace,character
report,report
sound,sound
report,report
person,friend
delicacy,friend
contempt,friend
think,friend
end,end
sheet,sheet
letter,letter
message,message
avowal,avowal
reason,opinion
change,opinion
style,opinion
letter,opinion
lovelace,lovelace
lovelace,reason
lovelace,change
lovelace,style
lovelace,letter
lovelace,regard
lovelace,lovelace
lovelace,opinion
lovelace,doubt
opposition,look
opposition,obstinacy
opposition,opposition
opposition,eye
opposition,aversion
opposition,solmes
opposition,aversion
opposition,duty
opposition,father
opposition,promotion
opposition,family
opposition,view
opposition,opposition
willingness,favour
lovelace,favour
brother,brother
behaviour,behaviour
brother,brother
brother,brother
brother,brother
brother,brother
miss,tameness
miss,insult
miss,brother
miss,friend
miss,eye
miss,consideration
howe,tameness
howe,insult
howe,brother
howe,friend
howe,eye
howe,consideration
tameness,insult
tameness,brother
friend,friend
spirit,spirit
friend,friend
spirit,spirit
occasion,occasion
revilings,brother
language,brother
character,character
brother,brother
brother,bella
brother,fit
brother,address
brother,brother
sister,bella
sister,fit
sister,address
sister,brother
bella,bella
bella,fit
bella,address
bella,brother
brother,brother
end,end
education,education
university,university
education,violence
education,passion
university,violence
university,passion
body,body
toilette,doctrine
toilette,university
university,university
cause,cause
yours,duty
miss,duty
pert,duty
family,family
lovelace,friend
lovelace,brother
lovelace,ja
father,case
father,sister
father,manner
father,displeasure
father,mother
anger,case
anger,sister
anger,manner
anger,displeasure
anger,mother
sister,case
sister,sister
sister,manner
sister,displeasure
sister,mother
brother,proof
brother,spirit
brother,brother
brother,stranger
brother,passion
brother,brother
brother,distinction
brother,passion
brother,brother
brother,attempt
brother,brother
brother,distinction
brother,brother
tutor,tutor
prescriber,prescriber
sex,sex
taste,taste
manner,manner
brother,brother
account,account
college,college
class,class
tyrant,tyrant
prescriber,brother
prescriber,tutor
sex,brother
sex,tutor
taste,brother
taste,tutor
manner,brother
manner,tutor
brother,brother
brother,tutor
account,brother
account,tutor
college,brother
college,tutor
class,brother
class,tutor
tyrant,brother
tyrant,tutor
brother,sister
passion,sister
brother,sister
passion,sister
sister,cause
sister,sister
sister,brother
sister,sister
sister,father
sister,mother
sister,sister
sister,case
sister,bellamy
sister,bella
path,view
virtue,view
honour,view
lovelace,view
sense,view
understanding,view
method,method
method,address
method,solmes
method,experiment
solmes,experiment
sister,prejudice
bella,cl
sister,cl
friend,cl
companion,cl
adviser,cl
clary,opinion
harlowe,opinion
nobody,nobody
lovelace,heart
lovelace,wretch
wretch,wretch
proof,force
proof,proof
force,force
body,body
reversion,catalogue
answer,subject
answer,arabella
answer,harlowe
readiness,servant
readiness,uncle
readiness,harlowe
letter,servant
letter,uncle
letter,harlowe
uncle,servant
uncle,uncle
uncle,harlowe
meeting,servant
meeting,uncle
meeting,harlowe
garden,servant
garden,uncle
garden,harlowe
servant,servant
servant,uncle
servant,harlowe
uncle,servant
uncle,uncle
uncle,harlowe
harlowe,servant
harlowe,uncle
harlowe,harlowe
servant,servant
uncle,uncle
harlowe,harlowe
letter,letter
xxx,xxx
miss,miss
clarissa,clarissa
harlowe,harlowe
lovelace,uneasiness
lovelace,hope
congregation,body
brother,defiance
brother,defiance
shorey,shorey
brother,brother
brother,service
brother,pleasure
brother,brother
brother,pain
brother,pride
pride,brother
brother,brother
brother,brother
people,respect
birth,respect
fortune,respect
people,people
birth,birth
fortune,fortune
people,people
birth,birth
fortune,fortune
action,distinction
action,quality
action,distinction
action,quality
action,thing
distinction,action
distinction,distinction
distinction,quality
quality,action
quality,distinction
quality,quality
thing,action
thing,distinction
thing,quality
brother,brother
brother,person
brother,mien
brother,brother
brother,line
brother,brother
brother,face
brother,time
brother,brother
stop,pride
stop,exterior
stop,advantage
pride,pride
pride,exterior
pride,advantage
people,people
brother,talent
shews,balance
brother,brother
friend,friend
friend,friend
friend,discretion
friend,heart
measure,slur
shorey,lovelace
shorey,mother
shorey,eye
shorey,mother
lovelace,mother
lovelace,eye
lovelace,mother
mother,compliment
lovelace,mother
mother,lovelace
disorder,family
lovelace,family
appearance,family
uncle,letter
vouchsafe,vouchsafe
father,father
answer,answer
father,father
vouchsafe,vouchsafe
line,purpose
line,story
compeer,compeer
compeer,town
gentleman,gentleman
gentleman,style
gentleman,wit
gentleman,thee
gentleman,thou
gentleman,gentleman
gentleman,letter
gentleman,rule
gentleman,gentleman
gentleman,part
gentleman,freedom
gentleman,freedom
gentleman,passage
gentleman,style
gentleman,style
rule,rule
freedom,freedom
brother,m
brother,hall
brother,person
brother,quality
person,person
quality,quality
brother,brother
brother,proposal
brother,soul
brother,harlowes
brother,soul
proposal,soul
proposal,harlowes
proposal,soul
lady,lady
father,lady
thou,character
daughter,daughter
sister,sister
niece,niece
family,family
devil,lady
devil,lady
poet,poet
poet,part
poet,part
art,creature
thou,heart
deceiver,deceiver
thou,thou
uncle,uncle
divinity,divinity
family,goddess
disappointment,effect
poet,imagination
devil,cupid
nobody,nobody
sex,score
friend,friend
friend,moral
friend,dancing
friend,singing
friend,lady
friend,company
friend,humour
one,qualification
one,qualification
self,self
wilt,cause
fetter,coronet
one,coronet
couldst,couldst
thou,thou
creature,life
creature,honour
creature,life
creature,shackle
line,working
line,passion
line,soul
following,working
following,passion
following,soul
dryden,working
dryden,passion
dryden,soul
mind,mind
flame,flame
flame,flame
soul,soul
fire,fire
passion,passion
family,work
agent,agent
hers,hers
hers,heart
hers,mine
hers,condition
hers,reformation
hers,promise
brother,footstool
brother,throne
youth,heart
people,people
nurse,her
nurse,nurse
nurse,norton
nurse,office
nurse,nurse
nurse,norton
nurse,infancy
norton,her
norton,nurse
norton,norton
norton,office
norton,nurse
norton,norton
norton,infancy
nurse,her
nurse,nurse
nurse,norton
norton,her
norton,nurse
norton,norton
her,her
her,nurse
her,norton
her,father
nurse,her
nurse,nurse
nurse,norton
nurse,father
norton,her
norton,nurse
norton,norton
norton,father
nurse,her
nurse,nurse
nurse,norton
nurse,her
nurse,nurse
nurse,norton
nurse,father
nurse,wife
nurse,tie
nurse,cradle
nurse,prejudice
nurse,prejudice
nurse,nature
nurse,prejudice
nurse,humour
nurse,prejudice
nurse,prejudice
nurse,relation
norton,her
norton,nurse
norton,norton
norton,her
norton,nurse
norton,norton
norton,father
norton,wife
norton,tie
norton,cradle
norton,prejudice
norton,prejudice
norton,nature
norton,prejudice
norton,humour
norton,prejudice
norton,prejudice
norton,relation
her,her
her,nurse
her,norton
her,her
her,nurse
her,norton
her,father
her,wife
her,tie
her,cradle
her,prejudice
her,prejudice
her,nature
her,prejudice
her,humour
her,prejudice
her,prejudice
her,relation
nurse,her
nurse,nurse
nurse,norton
nurse,her
nurse,nurse
nurse,norton
nurse,father
nurse,wife
nurse,tie
nurse,cradle
nurse,prejudice
nurse,prejudice
nurse,nature
nurse,prejudice
nurse,humour
nurse,prejudice
nurse,prejudice
nurse,relation
norton,her
norton,nurse
norton,norton
norton,her
norton,nurse
norton,norton
norton,father
norton,wife
norton,tie
norton,cradle
norton,prejudice
norton,prejudice
norton,nature
norton,prejudice
norton,humour
norton,prejudice
norton,prejudice
norton,relation
her,her
her,nurse
her,norton
her,her
her,nurse
her,norton
her,father
her,wife
her,tie
her,cradle
her,prejudice
her,prejudice
her,nature
her,prejudice
her,humour
her,prejudice
her,prejudice
her,relation
nurse,her
nurse,nurse
nurse,norton
nurse,her
nurse,nurse
nurse,norton
nurse,father
nurse,wife
nurse,tie
nurse,cradle
nurse,prejudice
nurse,prejudice
nurse,nature
nurse,prejudice
nurse,humour
nurse,prejudice
nurse,prejudice
nurse,relation
norton,her
norton,nurse
norton,norton
norton,her
norton,nurse
norton,norton
norton,father
norton,wife
norton,tie
norton,cradle
norton,prejudice
norton,prejudice
norton,nature
norton,prejudice
norton,humour
norton,prejudice
norton,prejudice
norton,relation
father,her
father,nurse
father,norton
father,her
father,nurse
father,norton
father,father
father,wife
father,tie
father,cradle
father,prejudice
father,prejudice
father,nature
father,prejudice
father,humour
father,prejudice
father,prejudice
father,relation
nurse,her
nurse,nurse
nurse,norton
nurse,her
nurse,nurse
nurse,norton
nurse,father
nurse,wife
nurse,tie
nurse,cradle
nurse,prejudice
nurse,prejudice
nurse,nature
nurse,prejudice
nurse,humour
nurse,prejudice
nurse,prejudice
nurse,relation
norton,her
norton,nurse
norton,norton
norton,her
norton,nurse
norton,norton
norton,father
norton,wife
norton,tie
norton,cradle
norton,prejudice
norton,prejudice
norton,nature
norton,prejudice
norton,humour
norton,prejudice
norton,prejudice
norton,relation
mother,her
mother,nurse
mother,norton
mother,her
mother,nurse
mother,norton
mother,father
mother,wife
mother,tie
mother,cradle
mother,prejudice
mother,prejudice
mother,nature
mother,prejudice
mother,humour
mother,prejudice
mother,prejudice
mother,relation
nurse,men
nurse,nurse
nurse,norton
norton,men
norton,nurse
norton,norton
nurse,her
nurse,nurse
nurse,norton
nurse,uncle
norton,her
norton,nurse
norton,norton
norton,uncle
fellow,her
fellow,nurse
fellow,norton
fellow,brother
her,her
her,nurse
her,norton
her,brother
nurse,her
nurse,nurse
nurse,norton
nurse,brother
norton,her
norton,nurse
norton,norton
norton,brother
her,her
her,nurse
her,norton
her,sister
nurse,her
nurse,nurse
nurse,norton
nurse,sister
norton,her
norton,nurse
norton,norton
norton,sister
her,reverence
nurse,reverence
norton,reverence
her,her
nurse,nurse
norton,norton
others,others
her,nurse
her,norton
her,tie
her,cradle
her,prejudice
her,prejudice
her,nature
her,prejudice
her,humour
her,prejudice
her,prejudice
her,relation
nurse,nurse
nurse,norton
nurse,tie
nurse,cradle
nurse,prejudice
nurse,prejudice
nurse,nature
nurse,prejudice
nurse,humour
nurse,prejudice
nurse,prejudice
nurse,relation
norton,nurse
norton,norton
norton,tie
norton,cradle
norton,prejudice
norton,prejudice
norton,nature
norton,prejudice
norton,humour
norton,prejudice
norton,prejudice
norton,relation
alliance,prejudice
alliance,prejudice
family,honour
thou,mind
thyself,foot
competition,foot
relation,foot
wilt,wilt
perdition,soul
dryden,cause
dryden,love
dryden,assign
dryden,face
dryden,lover
dryden,mind
cowley,beauty
cowley,imaginary
cowley,beauty
ape,shape
country,shape
contemporary,contemporary
person,justice
person,voice
person,favour
mind,justice
mind,voice
mind,favour
behaviour,justice
behaviour,voice
behaviour,favour
thou,thou
art,art
thou,nothing
thou,creature
creature,canst
creature,question
canst,question
stratagem,knowest
stratagem,delight
stratagem,heart
contrivance,knowest
contrivance,delight
contrivance,heart
belton,belton
belton,mowbray
belton,tourville
mowbray,belton
mowbray,mowbray
mowbray,tourville
tourville,belton
tourville,mowbray
tourville,tourville
belton,belton
belton,mowbray
belton,tourville
mowbray,belton
mowbray,mowbray
mowbray,tourville
tourville,belton
tourville,mowbray
tourville,tourville
james,improvement
harlowe,improvement
uncle,uncle
uncle,nephew
uncle,master
nephew,uncle
nephew,nephew
nephew,master
family,something
family,family
family,prayer
men,men
mowbray,mowbray
fighting,fighting
belton,belton
pert,pert
tourville,tourville
leader,leader
heart,heart
hostility,hostility
servant,servant
devil,devil
devil,devil
mayest,devil
deposit,deposit
papa,will
day,will
interest,will
papa,will
papa,will
command,will
uncle,uncle
prudence,prudence
marriage,marriage
creature,sacrifice
marriage,marriage
friend,pleasure
friend,love
thing,state
thing,thing
thing,affection
thing,thing
thing,husband
thing,confidence
thing,love
thing,husband
thing,wife
thing,reason
thing,preference
thing,husband
thing,wife
thing,somebody
thing,wife
thing,wife
thing,option
husband,confidence
husband,wife
husband,somebody
wife,somebody
wife,wife
wife,wife
wife,option
somebody,wife
somebody,wife
somebody,option
wife,wife
wife,option
subject,light
sex,subject
tender,subject
year,subject
inexperience,subject
uncle,uncle
servant,servant
sister,sister
maid,maid
matter,matter
gentry,church
solmes,solmes
indulgence,indulgence
reading,stranger
reading,nothing
persuasion,persuasion
papa,offer
thing,lovelace
solmes,solmes
solmes,solmes
friend,friend
friend,friend
solmes,solmes
solmes,disgrace
solmes,solmes
solmes,account
solmes,solmes
solmes,merit
solmes,solmes
disgrace,solmes
disgrace,merit
disgrace,solmes
solmes,solmes
solmes,merit
solmes,solmes
account,solmes
account,merit
account,solmes
solmes,esteem
solmes,uncle
solmes,sternness
solmes,solmes
solmes,pleasure
solmes,ease
solmes,mamma
solmes,sister
solmes,time
solmes,hand
solmes,course
solmes,inclination
solmes,liberty
solmes,choice
solmes,esteem
servant,solmes
sister,sister
quality,favour
quality,something
quality,husband
quality,nothing
quality,command
quality,husband
quality,instruction
quality,husband
esteem,favour
esteem,something
esteem,husband
esteem,nothing
esteem,command
esteem,husband
esteem,instruction
esteem,husband
dear,favour
dear,something
dear,husband
dear,nothing
dear,command
dear,husband
dear,instruction
dear,husband
quality,something
quality,husband
quality,nothing
quality,command
esteem,something
esteem,husband
esteem,nothing
esteem,command
dear,something
dear,husband
dear,nothing
dear,command
favour,something
favour,husband
favour,nothing
favour,command
instruction,husband
husband,husband
friend,value
antony,value
antony,lovelace
antony,address
antony,solmes
dear,power
dear,person
settlement,power
settlement,person
motif,weight
motif,benefit
motif,view
motif,family
motif,aggrandizement
motif,person
motif,brother
motif,family
motif,aggrandizement
motif,descendent
family,weight
family,antony
antony,life
antony,son
antony,passion
antony,antony
antony,life
antony,passion
antony,antony
antony,antony
antony,antony
antony,antony
antony,antony
disgrace,heart
prepossession,brother
explicitness,mistake
uncle,regard
uncle,dealing
uncle,sincerity
uncle,regard
uncle,dealing
uncle,sincerity
solmes,mind
solmes,solmes
solmes,solmes
sister,sister
solmes,solmes
solmes,solmes
uncle,uncle
brother,brother
solmes,solmes
mother,mother
solmes,solmes
solmes,generosity
solmes,stranger
solmes,subsistence
solmes,solmes
solmes,half
solmes,dozen
solmes,family
solmes,subsistence
solmes,half
solmes,dozen
solmes,family
mind,sort
mind,pleasure
thing,value
thing,part
tome,value
tome,part
alliance,credit
alliance,obscurity
alliance,narrowness
estate,estate
alliance,alliance
credit,credit
obscurity,obscurity
narrowness,narrowness
choice,life
choice,choice
uncle,deal
obstinacy,obstinacy
father,spirit
solmes,solmes
solmes,trust
letter,letter
don,girl
declaration,girl
mother,girl
money,niece
money,one
lover,niece
lover,one
god,god
nicest,rake
word,word
word,word
holy,holy
writ,writ
name,thing
name,thing
lovelace,regard
lovelace,lovelace
lovelace,lovelace
grandfather,grandfather
grandfather,grandfather
grandfather,grandfather
grandfather,daughter
grandfather,daughter
grandfather,friend
grandfather,daughter
solmes,solmes
cousin,grandfather
clary,grandfather
nothing,father
nothing,mother
nothing,recommendation
nothing,no
nothing,nothing
nothing,child
cousin,estate
estate,estate
estate,estate
choice,choice
fellow,fellow
fellow,fellow
solmes,obstinacy
gentleman,gentleman
gentleman,gentleman
solmes,solmes
solmes,solmes
husband,something
solmes,something
solmes,solmes
letter,solmes
letter,schoolmaster
yours,solmes
yours,schoolmaster
solmes,steward
solmes,dog
solmes,estate
solmes,interest
solmes,money
duce,duce
solmes,solmes
solmes,solmes
solmes,solmes
solmes,fop
solmes,coxcomb
solmes,solmes
solmes,nonsense
solmes,poison
solmes,mind
sister,sister
uncle,favour
uncle,solmes
uncle,oliver
uncle,oliver
uncle,estate
uncle,oliver
uncle,oliver
uncle,oliver
uncle,nephew
uncle,oliver
uncle,oliver
uncle,estate
uncle,oliver
uncle,oliver
uncle,oliver
uncle,nephew
oliver,oliver
oliver,estate
oliver,oliver
oliver,oliver
oliver,oliver
oliver,nephew
oliver,estate
oliver,oliver
oliver,oliver
oliver,nephew
oliver,estate
oliver,oliver
oliver,estate
oliver,oliver
article,sum
girl,brother
supposition,supposition
difference,difference
dunmow,dunmow
flitch,flitch
party,state
party,state
friend,state
don,money
solmes,solmes
child,child
child,parent
child,authority
grandfather,grandfather
grandfather,estate
father,father
brother,brother
brother,brother
brother,head
brother,family
brother,name
brother,compliance
brother,honour
brother,family
madam,brother
madam,brother
madam,head
madam,family
madam,name
madam,compliance
madam,honour
madam,family
name,name
solmes,spirit
solmes,gentleman
solmes,solmes
solmes,solmes
solmes,solmes
solmes,solmes
solmes,love
solmes,deed
solmes,solmes
solmes,word
solmes,solmes
solmes,love
solmes,deed
solmes,solmes
solmes,solmes
solmes,solmes
word,word
word,name
god,god
h,howe
letter,howe
xxxiii,howe
miss,howe
clarissa,howe
harlowe,howe
step,step
solmes,letter
brother,brother
necessity,necessity
case,case
right,reserve
obedience,reserve
right,right
obedience,obedience
access,credit
access,generosity
access,reputation
rest,credit
rest,generosity
rest,reputation
family,credit
family,generosity
family,reputation
generosity,gentleman
generosity,address
generosity,effect
generosity,creature
generosity,esteem
friend,friend
value,merit
value,object
one,heart
sex,sex
compliance,compliance
request,request
compliance,well
compliance,wisher
compliance,servant
compliance,clarissa
compliance,harlowe
request,well
request,wisher
request,servant
request,clarissa
request,harlowe
dearest,effect
dearest,letter
miss,effect
miss,letter
letter,effect
letter,letter
friend,friend
person,person
person,estate
person,instance
person,generosity
person,person
person,way
solmes,solmes
solmes,solmes
fool,fool
fondness,fondness
lovelace,lovelace
thing,thing
solmes,solmes
solmes,solmes
lovelace,thing
solmes,solmes
solmes,solmes
heart,figure
heart,expostulation
rake,rake
lovelace,lovelace
parent,parent
uncle,uncle
mischief,lord
mischief,m
mischief,intervention
family,nothing
family,bully
family,family
family,bark
family,distance
family,entertainment
family,thou
family,mayest
family,latin
family,classic
thou,soul
mayest,soul
latin,soul
classic,soul
interest,lord
interest,m
wilt,wilt
body,harlowe
body,place
body,versailles
body,body
body,year
people,people
people,hart
people,head
people,quality
people,disguise
white,people
white,hart
white,head
white,quality
white,disguise
hart,people
hart,hart
hart,head
hart,quality
hart,disguise
daughter,daughter
daughter,day
day,daughter
day,day
grandmother,daughter
grandmother,day
mother,daughter
mother,day
wicker,daughter
wicker,day
chair,daughter
chair,day
chimney,daughter
chimney,day
corner,daughter
corner,day
rogue,power
mercy,mercy
time,time
thou,thou
wilt,wilt
superior,superior
superior,superior
superior,superior
bud,bud
report,report
favour,favour
watchfulness,machination
unsuspicious,knife
danger,knife
lamb,knife
throat,knife
love,heart
widow,widow
neighbour,neighbour
son,son
heart,heart
winding,sight
lane,sight
johnny,johnny
johnny,johnny
barton,barton
johnny,maiden
johnny,johnny
johnny,barton
barton,maiden
barton,johnny
barton,barton
maiden,maiden
johnny,johnny
barton,barton
johnny,aunt
johnny,johnny
johnny,pound
johnny,johnny
johnny,time
aunt,johnny
aunt,pound
johnny,johnny
johnny,wife
johnny,johnny
mother,johnny
mother,wife
mother,johnny
johnny,wife
johnny,johnny
mother,mother
johnny,johnny
wife,wife
johnny,johnny
mother,johnny
johnny,johnny
wife,johnny
angel,angel
friend,heart
friend,rose
friend,bud
friend,johnny
folly,heart
folly,rose
folly,bud
folly,johnny
fortune,fortune
fortune,fortune
constitution,palliating
freelivers,preparation
freelivers,expectation
freelivers,manner
freelivers,thing
freelivers,reflection
freelivers,something
freelivers,mind
freelivers,guilt
freelivers,trespass
freelivers,fruition
freelivers,freelivers
freelivers,preparation
freelivers,expectation
freelivers,manner
freelivers,thing
freelivers,reflection
freelivers,something
freelivers,mind
freelivers,guilt
freelivers,trespass
freelivers,fruition
mind,guilt
mind,trespass
subject,grave
grave,pleasure
grave,grave
grave,power
fraternity,leader
fraternity,leader
mischief,mischief
way,way
revenge,revenge
rose,rose
bud,bud
pound,pound
johnny,johnny
aunt,aunt
pound,pound
bud,pound
bud,johnny
bud,aunt
bud,pound
spy,spy
charmer,charmer
motion,motion
rascal,rascal
line,line
direction,direction
family,spy
spy,egress
spy,regress
creature,spy
spy,bribe
spy,letter
spy,howe
spy,spy
spy,spy
spy,spy
spy,spy
walk,walk
walk,walk
walk,belief
walk,maid
spy,poultry
spy,breed
spy,grandfather
spy,reason
fowl,place
joseph,opportunity
joseph,key
joseph,garden
joseph,door
joseph,reason
joseph,door
joseph,coppice
leman,opportunity
leman,key
leman,garden
leman,door
leman,reason
leman,door
leman,coppice
servant,servant
joseph,joseph
fellow,fellow
fellow,master
fellow,honour
alliance,credit
alliance,family
body,body
world,part
world,fellow
fellow,fellow
fellow,method
fellow,fellow
fellow,knave
fellow,world
fellow,conscience
fellow,method
fellow,fellow
fellow,knave
fellow,world
fellow,conscience
family,family
loneliness,advantage
place,advantage
foe,foe
distance,distance
fury,fury
letter,howe
xxxvi,howe
miss,howe
clarissa,howe
harlowe,howe
disappointment,disappointment
prop,roof
character,fear
behaviour,fear
character,others
correspondence,others
friend,others
pretence,others
compulsion,others
set,others
reflection,others
character,others
character,others
intrusion,others
character,character
character,resentment
character,friend
character,character
character,character
character,humour
character,resentment
character,friend
character,character
character,humour
character,place
character,character
character,way
character,foot
character,stay
character,moment
character,character
character,character
character,rashness
character,stay
character,moment
character,character
character,rashness
character,insult
character,character
character,family
character,insult
character,family
character,interest
character,favour
character,character
character,character
character,patience
character,forbearance
character,issue
character,knee
character,purpose
character,address
character,character
character,master
character,address
character,character
character,master
character,character
character,character
character,apprehension
temper,character
temper,apprehension
character,mine
character,body
character,character
character,dutifulness
character,part
character,others
character,others
character,others
character,favour
character,part
character,character
character,grandfather
character,distinction
character,character
character,part
character,character
character,life
character,character
character,character
character,hope
character,character
character,life
others,others
don,don
merit,guilt
merit,ingratitude
merit,merit
guilt,guilt
ingratitude,ingratitude
merit,merit
living,living
share,share
favour,favour
men,men
symmes,symmes
wyerley,wyerley
reptile,reptile
solmes,solmes
competitor,competitor
merit,living
merit,share
merit,favour
living,living
merit,share
merit,favour
living,share
living,favour
merit,share
merit,favour
living,share
living,favour
men,competitor
symmes,competitor
wyerley,competitor
reptile,competitor
solmes,competitor
competitor,competitor
solmes,term
difficulty,difficulty
difficulty,difficulty
difficulty,difficulty
character,foible
character,notion
character,place
character,character
deal,deal
character,character
character,day
character,character
character,world
character,regard
character,fame
character,character
character,step
character,shade
character,reputation
character,step
character,character
character,favour
character,advice
character,step
character,shade
character,reputation
step,shade
step,reputation
character,consideration
character,consideration
uncle,insignificance
aunt,insignificance
hervey,insignificance
motif,example
motif,solmes
motif,daughter
hervey,hervey
hervey,hervey
hervey,letter
hervey,lady
hervey,betty
hervey,lawrance
hervey,occasion
hervey,lady
hervey,sarah
hervey,sadleir
lady,world
sarah,world
sadleir,world
child,world
hervey,deal
hervey,glow
hervey,throb
subject,tendency
subject,end
subject,end
father,steadfastness
father,unlikelihood
father,course
father,father
father,howe
father,place
father,person
father,desperation
father,brother
father,father
father,ear
father,father
brother,brother
servant,servant
morden,cousin
morden,proof
morden,nothing
morden,point
father,father
father,resolution
father,father
father,prerogative
father,father
father,acquaintance
father,family
father,father
father,instance
father,instance
father,father
father,arbitrariness
father,example
father,family
father,prince
father,arbitrariness
father,mother
father,father
father,instance
father,instance
father,father
father,arbitrariness
father,example
father,family
father,prince
father,arbitrariness
father,mother
acquaintance,father
acquaintance,instance
acquaintance,instance
acquaintance,father
acquaintance,arbitrariness
acquaintance,example
acquaintance,family
acquaintance,prince
acquaintance,arbitrariness
acquaintance,mother
family,father
family,instance
family,instance
family,father
family,arbitrariness
family,example
family,family
family,prince
family,arbitrariness
family,mother
father,instance
father,arbitrariness
father,mother
arbitrariness,example
father,pleasure
father,father
father,pleasure
father,thing
father,father
father,reflection
father,provocation
father,father
father,father
father,father
father,liberty
father,sort
father,reflection
father,provocation
father,father
father,father
father,liberty
father,sort
father,youth
father,passion
father,others
father,father
father,father
father,mind
father,father
father,treatment
father,father
father,father
father,father
father,observation
father,fact
consideration,father
consideration,father
consideration,father
consideration,observation
consideration,fact
father,father
father,father
father,father
father,observation
father,fact
father,father
father,father
father,observation
father,fact
father,father
father,inference
father,premise
father,father
father,behaviour
father,wife
father,prerogative
father,father
father,room
father,daughter
father,father
father,authority
father,father
father,family
father,interest
father,time
father,aversion
father,brother
father,sister
father,resentment
father,view
father,banishment
father,presence
father,plea
father,entreaty
father,favour
father,inference
father,premise
room,daughter
daughter,daughter
brother,brother
sister,sister
resentment,resentment
view,view
banishment,plea
banishment,entreaty
banishment,favour
presence,plea
presence,entreaty
presence,favour
argument,friend
argument,reconciliation
sister,sister
brother,brother
body,body
body,body
impression,impression
favour,favour
world,world
enemy,objection
enemy,objection
malice,malice
envy,malice
enemy,enemy
openness,credit
openness,profession
particular,credit
particular,profession
hypocrite,light
hypocrite,conviction
liberty,light
liberty,conviction
hypocrite,light
hypocrite,conviction
hypocrite,hypocrite
hypocrite,mind
hypocrite,pity
hypocrite,trace
hypocrite,head
hypocrite,heart
hypocrite,court
hypocrite,body
hypocrite,interest
hypocrite,sake
hypocrite,pity
hypocrite,trace
lovelace,heart
look,friend
censoriousness,friend
look,task
look,justice
censoriousness,task
censoriousness,justice
look,task
look,justice
censoriousness,task
censoriousness,justice
scruple,scruple
people,birth
value,birth
lady,lady
betty,betty
offer,appearance
offer,liking
offer,part
offer,family
nothing,lady
nothing,betty
lady,lady
betty,betty
offer,offer
offer,vanity
offer,urgency
offer,occasion
offer,face
offer,art
offer,order
offer,measure
urgency,face
urgency,art
splendour,splendour
title,title
character,living
lady,living
family,living
friend,address
reason,lady
reason,lady
spy,indignity
spy,family
spy,malice
spy,leave
spy,wretch
spy,consideration
spy,resentment
spy,spirit
spy,insult
spy,sake
malice,consideration
malice,resentment
malice,spirit
malice,insult
malice,sake
leave,consideration
leave,resentment
leave,spirit
leave,insult
leave,sake
wretch,consideration
wretch,resentment
wretch,spirit
wretch,insult
wretch,sake
outrage,consideration
outrage,resentment
outrage,spirit
outrage,insult
outrage,sake
spy,consideration
spy,resentment
spy,spirit
spy,insult
spy,sake
indignity,consideration
indignity,resentment
indignity,spirit
indignity,insult
indignity,sake
family,consideration
family,resentment
family,spirit
family,insult
family,sake
malice,consideration
malice,resentment
malice,spirit
malice,insult
malice,sake
leave,consideration
leave,resentment
leave,spirit
leave,insult
leave,sake
wretch,consideration
wretch,resentment
wretch,spirit
wretch,insult
wretch,sake
family,unworthy
family,unworthy
world,world
world,world
solmes,brother
solmes,brother
brother,brother
uncle,brother
solmes,soul
solmes,soul
brother,soul
uncle,soul
brother,soul
uncle,soul
perdition,soul
vehemence,vehemence
creature,creature
rule,rule
enemy,enemy
enemy,intention
enemy,act
enemy,compulsion
month,enemy
month,purpose
month,enemy
duty,duty
influence,influence
nothing,nothing
estate,estate
hand,hand
ardour,hand
hand,hand
lip,hand
estate,hand
men,belief
deal,opinion
deal,reverence
deal,conference
deal,supposition
deal,solmes
deal,supposition
deal,passion
deal,thing
deal,fervour
solmes,supposition
supposition,passion
argument,obligation
treatment,obligation
apprehension,uneasiness
dr,family
dr,time
lewen,family
lewen,time
emotion,body
presence,body
force,thing
hatred,thing
shorey,shorey
principal,principal
shorey,report
shorey,disfavour
principal,report
principal,disfavour
doctor,dr
doctor,lewen
doctor,overture
doctor,dr
doctor,lewen
doctor,overture
dr,overture
lewen,overture
dr,dr
lewen,lewen
one,situation
person,dr
person,lewen
person,story
letter,clarissa
letter,harlowe
xxxvii,clarissa
xxxvii,harlowe
miss,clarissa
miss,harlowe
howe,clarissa
howe,harlowe
friend,occasion
friend,date
side,side
church,blameworthy
brother,regard
brother,lovelace
sister,regard
sister,lovelace
brother,regard
brother,lovelace
sister,regard
sister,lovelace
cause,cause
cause,course
cause,cause
cause,sweat
cause,mean
cause,cause
address,address
choice,debate
anna,love
howe,love
anna,thought
howe,thought
anna,thought
howe,thought
lady,pretension
lady,share
nothing,love
nothing,friendship
knowledge,love
knowledge,friendship
recess,love
recess,friendship
heart,love
heart,friendship
case,turn
case,friend
friend,friend
person,prudence
fellow,moment
fellow,uneasiness
living,moment
living,uneasiness
miss,opinion
biddulph,opinion
miss,opinion
lloyd,opinion
miss,opinion
campion,opinion
figure,figure
tony,vanity
tony,stop
tony,pride
tony,one
tony,worthiness
tony,interior
pattern,none
feature,none
person,none
miss,miss
lloyd,lloyd
heart,person
heart,coxcomb
person,question
coxcomb,question
person,person
coxcomb,coxcomb
subject,mind
letter,proof
letter,value
letter,lovelace
reason,reason
justice,justice
person,person
view,view
observer,observer
observer,observer
friend,observer
reproof,reproof
conduct,appearance
letter,letter
letter,letter
person,person
letter,letter
letter,answer
letter,yesterday
letter,morrow
letter,day
xxxix,letter
xxxix,answer
xxxix,yesterday
xxxix,morrow
xxxix,day
miss,letter
miss,answer
miss,yesterday
miss,morrow
miss,day
clarissa,letter
clarissa,answer
clarissa,yesterday
clarissa,morrow
clarissa,day
harlowe,letter
harlowe,answer
harlowe,yesterday
harlowe,morrow
harlowe,day
miss,letter
miss,answer
miss,yesterday
miss,morrow
miss,day
monday,letter
monday,answer
monday,yesterday
monday,morrow
monday,day
letter,answer
letter,yesterday
letter,morrow
letter,day
xxxix,answer
xxxix,yesterday
xxxix,morrow
xxxix,day
miss,answer
miss,yesterday
miss,morrow
miss,day
clarissa,answer
clarissa,yesterday
clarissa,morrow
clarissa,day
harlowe,answer
harlowe,yesterday
harlowe,morrow
harlowe,day
miss,answer
miss,yesterday
miss,morrow
miss,day
monday,answer
monday,yesterday
monday,morrow
monday,day
march,answer
march,yesterday
march,morrow
march,day
letter,answer
letter,yesterday
letter,morrow
letter,day
deal,subject
friend,effort
room,favour
room,mother
expostulation,favour
expostulation,mother
expostulation,favour
expostulation,mother
declaration,argument
declaration,obstinacy
declaration,perverseness
heart,argument
heart,obstinacy
heart,perverseness
nothing,nothing
brother,brother
content,regard
content,lovelace
letter,regard
letter,lovelace
mother,mother
mother,pain
pain,family
pain,instance
mother,family
mother,instance
norton,norton
mother,mother
clarissa,opposition
clarissa,will
clarissa,parent
clarissa,clarissa
clarissa,opposition
clarissa,will
clarissa,parent
clarissa,clarissa
clarissa,thing
clarissa,solmes
clarissa,clarissa
clarissa,compliance
father,thing
father,solmes
father,clarissa
father,compliance
clarissa,clarissa
clarissa,power
clarissa,obligation
clarissa,obligation
solmes,clarissa
solmes,principle
clarissa,principle
solmes,solmes
clarissa,clarissa
patience,patience
solmes,solmes
father,none
father,norton
father,uncle
father,norton
father,interest
father,condition
father,norton
father,grandfather
father,estate
father,half
father,living
father,norton
body,norton
norton,norton
norton,occasion
norton,norton
brother,norton
norton,brother
norton,sister
norton,father
norton,tone
norton,father
father,father
rake,child
son,child
father,child
merit,child
father,child
obedience,child
father,child
her,child
father,child
father,child
indiscreet,child
bounty,child
father,child
father,child
father,child
rake,rake
rake,son
rake,father
child,merit
child,father
child,obedience
rake,merit
rake,father
rake,obedience
son,merit
son,father
son,obedience
father,merit
father,father
father,obedience
rake,father
son,father
father,father
her,father
her,indiscreet
her,bounty
her,father
her,father
her,father
father,father
father,indiscreet
father,bounty
father,father
father,father
father,father
father,father
indiscreet,father
bounty,father
uncle,uncle
father,vehemence
father,side
parent,parent
norton,norton
justice,norton
justice,task
justice,norton
justice,norton
justice,opinion
norton,aversion
norton,norton
norton,norton
norton,resolution
norton,norton
norton,resolution
offer,lovelace
norton,norton
interest,interest
lovelace,lovelace
brother,fit
brother,norton
brother,norton
brother,nonsense
brother,norton
norton,nonsense
norton,norton
norton,norton
nonsense,nonsense
brother,perverseness
brother,mind
brother,tragedy
brother,pride
brother,creature
brother,brother
brother,thing
brother,pity
pride,creature
pride,brother
pride,thing
pride,pity
pride,pity
grief,heart
body,reflection
nobody,nobody
norton,norton
norton,norton
norton,draw
norton,norton
norton,home
norton,norton
norton,speaking
norton,sweetness
norton,disposition
norton,norton
norton,norton
norton,sex
norton,norton
norton,method
norton,gentleness
norton,time
norton,point
norton,judgment
norton,opinion
norton,norton
norton,sex
norton,norton
norton,method
norton,gentleness
norton,time
norton,point
norton,judgment
norton,opinion
norton,sex
norton,norton
norton,method
norton,gentleness
norton,time
norton,point
norton,judgment
norton,opinion
norton,method
norton,gentleness
norton,time
norton,point
norton,judgment
norton,opinion
hervey,while
hervey,norton
hervey,aunt
hervey,hervey
hereupon,while
hereupon,norton
hereupon,aunt
hereupon,hervey
norton,norton
indulgence,example
mother,mother
mother,indulgence
mother,mother
mother,indulgence
mother,mother
indulgence,mother
mother,mother
mother,manner
mother,proposal
mother,solmes
mother,mother
mother,nothing
mother,choice
mother,opportunity
mother,solmes
mother,mother
mother,mean
mother,mother
something,mother
something,treatment
something,wretch
something,mother
something,treatment
something,wretch
rebel,mother
rebel,treatment
rebel,wretch
girl,mother
girl,treatment
girl,wretch
wretch,purpose
commission,use
commission,plea
ay,mother
ay,force
ay,mother
mother,force
mother,mother
sister,mother
hervey,mother
sister,father
sister,blessing
hervey,father
hervey,blessing
mother,passage
mother,measure
mother,brother
mother,aversion
mother,mother
miss,mother
miss,bosom
miss,mother
miss,nothing
miss,nothing
miss,character
lovelace,lovelace
prudence,prejudice
matter,prejudice
norton,thing
norton,duration
norton,life
norton,brother
norton,body
brother,body
brother,body
brother,body
brother,hate
brother,brother
brother,brother
brother,brother
brother,body
consolation,consolation
brother,brother
body,body
parent,parent
brother,whining
brother,nonsense
father,brother
father,scheme
father,father
father,sanction
brother,brother
scheme,scheme
brother,view
brother,friend
brother,uncle
brother,friend
thing,hand
thing,share
thing,heart
hand,share
god,person
god,talent
miss,wound
miss,virtue
clarissa,wound
clarissa,virtue
harlowe,wound
harlowe,virtue
miss,reception
clarissa,reception
harlowe,reception
miss,miss
clarissa,clarissa
harlowe,harlowe
solmes,will
solmes,solmes
solmes,solmes
solmes,solmes
solmes,parent
solmes,will
solmes,solmes
solmes,parent
solmes,will
daughter,equivocation
daughter,mother
daughter,favour
mother,mother
daughter,daughter
daughter,rest
daughter,daughter
daughter,life
daughter,rest
daughter,daughter
daughter,life
daughter,daughter
