lady,5037,4.826978
lovelace,3787,3.629098
miss,3322,3.183487
mother,2343,2.245307
brother,1795,1.720156
howe,1724,1.652116
harlowe,1722,1.6502
sister,1483,1.421165
letter,1392,1.333959
friend,1366,1.309044
father,1313,1.258253
thou,1292,1.238129
betty,1262,1.20938
uncle,1171,1.122174
dorcas,1113,1.066593
lord,1105,1.058926
hickman,1021,0.978429
belford,1006,0.964054
madam,869,0.832766
m,868,0.831808
solmes,843,0.80785
colonel,835,0.800184
family,835,0.800184
captain,830,0.795392
cousin,815,0.781018
morden,813,0.779101
fellow,797,0.763768
clarissa,768,0.735978
creature,753,0.721603
sally,734,0.703395
aunt,696,0.66698
men,657,0.629606
person,614,0.588399
norton,591,0.566358
widow,584,0.55965
wretch,577,0.552942
lovick,556,0.532817
smith,552,0.528984
james,539,0.516526
people,533,0.510776
servant,523,0.501193
gentleman,518,0.496402
wife,513,0.49161
parent,434,0.415904
hervey,398,0.381405
rawlins,395,0.37853
jack,393,0.376614
heart,393,0.376614
daughter,389,0.37278
antony,389,0.37278
god,383,0.367031
character,368,0.352656
girl,366,0.350739
child,358,0.343073
sinclair,341,0.326782
moore,338,0.323907
thing,328,0.314324
one,324,0.310491
husband,302,0.289408
mind,297,0.284616
soul,296,0.283658
devil,293,0.280783
world,293,0.280783
body,292,0.279825
virtue,292,0.279825
doctor,283,0.2712
john,279,0.267367
house,269,0.257784
lordship,266,0.254909
don,263,0.252034
joseph,255,0.244368
sex,250,0.239576
montague,247,0.236701
author,246,0.235743
charlotte,232,0.222327
time,229,0.219452
rowland,227,0.217535
partington,222,0.212744
mowbray,219,0.209869
niece,218,0.20891
martin,211,0.202202
tomlinson,211,0.202202
tourville,210,0.201244
art,203,0.194536
relation,200,0.191661
grandfather,199,0.190703
dr,199,0.190703
hannah,196,0.187828
hand,193,0.184953
son,189,0.181119
spirit,186,0.178245
nothing,185,0.177286
wilt,179,0.171536
charmer,177,0.16962
polly,176,0.168662
apothecary,169,0.161953
nobody,167,0.160037
love,163,0.156204
honour,161,0.154287
niceness,155,0.148537
sarah,153,0.146621
dear,153,0.146621
word,151,0.144704
angel,151,0.144704
eye,151,0.144704
nurse,151,0.144704
leman,150,0.143746
heaven,149,0.142787
occasion,146,0.139912
others,143,0.137037
poor,143,0.137037
messenger,139,0.133204
fortescue,137,0.131288
day,136,0.130329
belton,135,0.129371
nephew,135,0.129371
head,134,0.128413
pride,133,0.127454
maid,132,0.126496
brand,129,0.123621
bevis,127,0.121705
town,126,0.120746
lewen,126,0.120746
accuser,124,0.11883
story,123,0.117871
will,123,0.117871
her,122,0.116913
quality,121,0.115955
sorlings,121,0.115955
dolly,120,0.114997
name,116,0.111163
part,115,0.110205
reader,115,0.110205
way,114,0.109247
libertine,112,0.10733
marriage,107,0.102539
surgeon,107,0.102539
instigator,107,0.102539
mistress,106,0.10158
fortune,106,0.10158
life,106,0.10158
hour,106,0.10158
thyself,106,0.10158
villain,105,0.100622
oh,105,0.100622
goody,103,0.098705
honner,102,0.097747
cause,100,0.09583
h,100,0.09583
door,98,0.093914
gentlewoman,98,0.093914
favour,98,0.093914
methinks,97,0.092956
company,96,0.091997
poet,96,0.091997
wench,96,0.091997
nymph,94,0.090081
passion,94,0.090081
enemy,94,0.090081
manner,93,0.089122
ladyship,93,0.089122
clary,93,0.089122
master,91,0.087206
resolution,91,0.087206
remorse,91,0.087206
death,90,0.086247
visit,88,0.084331
power,87,0.083372
conversation,87,0.083372
tony,87,0.083372
grief,86,0.082414
horton,86,0.082414
fretchville,86,0.082414
mean,85,0.081456
dearest,85,0.081456
none,84,0.080498
the,84,0.080498
account,84,0.080498
mine,82,0.078581
case,82,0.078581
justice,82,0.078581
william,82,0.078581
morrow,81,0.077623
step,80,0.076664
dog,80,0.076664
harry,80,0.076664
nancy,80,0.076664
bella,80,0.076664
subject,79,0.075706
intelligence,79,0.075706
kind,79,0.075706
living,79,0.075706
sense,78,0.074748
jenyns,77,0.073789
nature,76,0.072831
merit,76,0.072831
situation,75,0.071873
arabella,74,0.070915
robert,74,0.070915
something,74,0.070915
townsend,73,0.069956
spouse,73,0.069956
air,73,0.069956
his,72,0.068998
friendship,72,0.068998
turn,72,0.068998
gouty,71,0.06804
matter,71,0.06804
present,70,0.067081
b,70,0.067081
almighty,70,0.067081
motif,68,0.065165
harlowes,68,0.065165
reflection,68,0.065165
estate,68,0.065165
greme,68,0.065165
tragedy,68,0.065165
hereupon,67,0.064206
consideration,67,0.064206
bachelor,67,0.064206
bell,67,0.064206
trial,66,0.063248
lover,66,0.063248
mamma,66,0.063248
pritchard,66,0.063248
goddard,66,0.063248
generosity,65,0.06229
dost,65,0.06229
state,65,0.06229
experience,65,0.06229
nay,65,0.06229
anna,65,0.06229
advantage,64,0.061331
parson,64,0.061331
note,64,0.061331
earth,64,0.061331
education,63,0.060373
youth,63,0.060373
collins,63,0.060373
canst,63,0.060373
morn,63,0.060373
esq,63,0.060373
temper,62,0.059415
rake,62,0.059415
sun,61,0.058457
reconciliation,61,0.058457
view,61,0.058457
half,61,0.058457
night,60,0.057498
tuesday,60,0.057498
circumstance,59,0.05654
joy,59,0.05654
excuse,59,0.05654
behaviour,58,0.055582
opinion,58,0.055582
mabell,58,0.055582
beauty,57,0.054623
fault,57,0.054623
affair,56,0.053665
contrivance,56,0.053665
side,56,0.053665
deal,56,0.053665
window,56,0.053665
apartment,56,0.053665
kinswoman,56,0.053665
scholar,56,0.053665
return,56,0.053665
machine,56,0.053665
treatment,55,0.052707
consequence,55,0.052707
conscience,55,0.052707
point,55,0.052707
leeson,54,0.051748
felicity,54,0.051748
wyerley,54,0.051748
chamber,53,0.05079
line,53,0.05079
thought,53,0.05079
punctilio,53,0.05079
executor,53,0.05079
revenge,52,0.049832
settlement,52,0.049832
writer,52,0.049832
effect,51,0.048874
action,51,0.048874
vanity,51,0.048874
purpose,51,0.048874
biddulph,51,0.048874
health,51,0.048874
crisis,51,0.048874
weakness,51,0.048874
hope,50,0.047915
interest,50,0.047915
closet,50,0.047915
church,50,0.047915
pain,50,0.047915
wonder,49,0.046957
respect,49,0.046957
elder,49,0.046957
peer,49,0.046957
request,48,0.045999
voice,48,0.045999
law,48,0.045999
face,48,0.045999
fear,48,0.045999
year,47,0.04504
my,47,0.04504
agent,47,0.04504
rest,47,0.04504
error,47,0.04504
measure,47,0.04504
mischief,46,0.044082
triumph,46,0.044082
reporter,46,0.044082
liberty,46,0.044082
conduct,46,0.044082
method,45,0.043124
proposal,45,0.043124
resentment,45,0.043124
wilson,45,0.043124
doleman,45,0.043124
blessing,45,0.043124
motion,44,0.042165
reason,44,0.042165
prudence,44,0.042165
tender,44,0.042165
arm,44,0.042165
credulity,44,0.042165
innocent,43,0.041207
book,43,0.041207
compare,43,0.041207
violence,43,0.041207
piece,43,0.041207
duty,43,0.041207
collection,43,0.041207
place,42,0.040249
shame,42,0.040249
attempt,42,0.040249
order,42,0.040249
advice,42,0.040249
appointment,42,0.040249
reupon,42,0.040249
nation,42,0.040249
remembrest,42,0.040249
light,41,0.03929
condition,41,0.03929
companion,41,0.03929
lodging,41,0.03929
choice,41,0.03929
methought,41,0.03929
hartley,41,0.03929
col,41,0.03929
shakespeare,41,0.03929
moment,40,0.038332
queen,40,0.038332
tear,40,0.038332
passage,40,0.038332
terror,40,0.038332
injury,40,0.038332
endeavour,39,0.037374
rowe,39,0.037374
somebody,39,0.037374
papa,39,0.037374
inexperience,39,0.037374
talent,38,0.036416
opportunity,38,0.036416
sort,38,0.036416
room,38,0.036416
dryden,38,0.036416
opposition,38,0.036416
grandmother,38,0.036416
delicacy,37,0.035457
clergyman,37,0.035457
england,37,0.035457
end,37,0.035457
mennell,37,0.035457
writing,37,0.035457
coachman,37,0.035457
prohibition,37,0.035457
lawrance,37,0.035457
rascal,37,0.035457
ease,37,0.035457
command,36,0.034499
hypocrite,36,0.034499
eater,36,0.034499
caesar,36,0.034499
credit,36,0.034499
content,36,0.034499
authority,36,0.034499
wouldst,36,0.034499
offer,36,0.034499
attention,36,0.034499
faculty,36,0.034499
symmes,36,0.034499
presence,35,0.033541
apprehension,35,0.033541
news,35,0.033541
singleton,35,0.033541
pray,35,0.033541
history,35,0.033541
grace,35,0.033541
country,35,0.033541
stair,35,0.033541
while,35,0.033541
crime,35,0.033541
bear,35,0.033541
patty,35,0.033541
business,34,0.032582
cast,34,0.032582
event,34,0.032582
fire,34,0.032582
garden,34,0.032582
mullins,34,0.032582
message,33,0.031624
bed,33,0.031624
object,33,0.031624
habitation,33,0.031624
compliance,33,0.031624
may,33,0.031624
work,33,0.031624
money,33,0.031624
shorey,33,0.031624
instrument,33,0.031624
remembrance,33,0.031624
instant,33,0.031624
recollection,33,0.031624
calista,33,0.031624
answer,32,0.030666
folly,32,0.030666
wert,32,0.030666
distress,32,0.030666
copy,32,0.030666
adversity,32,0.030666
island,32,0.030666
length,32,0.030666
spy,32,0.030666
physician,31,0.029707
ship,31,0.029707
pen,31,0.029707
forbear,31,0.029707
finger,31,0.029707
fate,31,0.029707
modesty,31,0.029707
meeting,31,0.029707
force,31,0.029707
pleasure,31,0.029707
vice,31,0.029707
example,31,0.029707
lot,31,0.029707
chevalier,31,0.029707
proselyte,31,0.029707
melvill,31,0.029707
study,30,0.028749
tenant,30,0.028749
appearance,30,0.028749
principle,30,0.028749
address,30,0.028749
secret,30,0.028749
ceremony,30,0.028749
promise,30,0.028749
expectation,30,0.028749
varlet,30,0.028749
wickedness,30,0.028749
care,30,0.028749
readier,30,0.028749
persecution,30,0.028749
barnes,30,0.028749
minister,30,0.028749
he,30,0.028749
arrest,30,0.028749
joel,30,0.028749
army,30,0.028749
class,29,0.027791
instance,29,0.027791
acquaintance,29,0.027791
consent,29,0.027791
correspondence,29,0.027791
dozen,29,0.027791
prince,29,0.027791
hint,29,0.027791
article,29,0.027791
calamity,29,0.027791
liver,29,0.027791
misfortune,29,0.027791
tea,29,0.027791
kitty,29,0.027791
concern,28,0.026833
freedom,28,0.026833
wit,28,0.026833
distance,28,0.026833
figure,28,0.026833
play,28,0.026833
jealousy,28,0.026833
robin,28,0.026833
self,28,0.026833
high,28,0.026833
dish,28,0.026833
novelty,28,0.026833
learning,28,0.026833
sake,27,0.025874
housekeeper,27,0.025874
narrative,27,0.025874
contempt,27,0.025874
evil,27,0.025874
disappointment,27,0.025874
notion,27,0.025874
pocket,27,0.025874
trouble,27,0.025874
judgment,27,0.025874
alexander,27,0.025874
perkins,27,0.025874
key,27,0.025874
look,26,0.024916
danger,26,0.024916
humility,26,0.024916
menace,26,0.024916
rule,26,0.024916
degree,26,0.024916
alliance,26,0.024916
sum,26,0.024916
valuable,26,0.024916
tom,26,0.024916
feast,26,0.024916
oliver,26,0.024916
pr,25,0.023958
expedient,25,0.023958
particular,25,0.023958
age,25,0.023958
bosom,25,0.023958
mayest,25,0.023958
providence,25,0.023958
infernal,25,0.023958
boy,25,0.023958
wisdom,25,0.023958
distinction,25,0.023958
wedding,25,0.023958
pomfret,25,0.023958
lloyd,25,0.023958
conqueror,25,0.023958
plotting,25,0.023958
folk,24,0.022999
lesson,24,0.022999
argument,24,0.022999
st,24,0.022999
curse,24,0.022999
loss,24,0.022999
connivance,24,0.022999
examination,24,0.022999
style,24,0.022999
squire,24,0.022999
quire,24,0.022999
bailiff,24,0.022999
scene,24,0.022999
kinsman,24,0.022999
metcalfe,24,0.022999
garment,24,0.022999
farley,24,0.022999
roman,24,0.022999
freelivers,24,0.022999
disorder,23,0.022041
lip,23,0.022041
design,23,0.022041
rogue,23,0.022041
charity,23,0.022041
pity,23,0.022041
imagination,23,0.022041
charm,23,0.022041
billet,23,0.022041
sisterhood,23,0.022041
disgrace,23,0.022041
chair,23,0.022041
curiosity,23,0.022041
sign,23,0.022041
doubt,23,0.022041
vellum,23,0.022041
sufferer,23,0.022041
readiness,23,0.022041
being,23,0.022041
peace,23,0.022041
suffering,23,0.022041
adversary,23,0.022041
subduer,23,0.022041
mouth,22,0.021083
office,22,0.021083
and,22,0.021083
prospect,22,0.021083
piety,22,0.021083
knowest,22,0.021083
novice,22,0.021083
principal,22,0.021083
illness,22,0.021083
xxi,22,0.021083
indiscretion,22,0.021083
foot,22,0.021083
fugitive,22,0.021083
oughtest,22,0.021083
discretion,22,0.021083
good,22,0.021083
ay,22,0.021083
basilisk,22,0.021083
testament,22,0.021083
diversion,22,0.021083
priscilla,22,0.021083
doctrine,21,0.020124
well,21,0.020124
glory,21,0.020124
courage,21,0.020124
act,21,0.020124
thousand,21,0.020124
be,21,0.020124
affection,21,0.020124
low,21,0.020124
traitress,21,0.020124
rashness,21,0.020124
ut,21,0.020124
observation,21,0.020124
assurance,21,0.020124
value,21,0.020124
pardon,21,0.020124
desire,21,0.020124
liking,21,0.020124
guinea,21,0.020124
margaret,21,0.020124
paper,21,0.020124
insult,21,0.020124
patience,21,0.020124
slave,21,0.020124
reserve,21,0.020124
novel,21,0.020124
romance,21,0.020124
coach,20,0.019166
party,20,0.019166
box,20,0.019166
vessel,20,0.019166
impression,20,0.019166
sight,20,0.019166
question,20,0.019166
street,20,0.019166
mightest,20,0.019166
bill,20,0.019166
seat,20,0.019166
title,20,0.019166
ardour,20,0.019166
hadst,20,0.019166
stopt,20,0.019166
suit,20,0.019166
earnestness,20,0.019166
inclination,20,0.019166
morrison,20,0.019166
ruin,20,0.019166
plenty,20,0.019166
bearer,20,0.019166
constitution,20,0.019166
speaker,20,0.019166
displeasure,20,0.019166
ambrose,20,0.019166
heroine,20,0.019166
macking,20,0.019166
johnny,20,0.019166
boreas,20,0.019166
goodness,19,0.018208
minute,19,0.018208
course,19,0.018208
sunday,19,0.018208
compliment,19,0.018208
superiority,19,0.018208
scheme,19,0.018208
charge,19,0.018208
delight,19,0.018208
hampstead,19,0.018208
guest,19,0.018208
communication,19,0.018208
solicitude,19,0.018208
indignation,19,0.018208
countenance,19,0.018208
reputation,19,0.018208
dairy,19,0.018208
issue,19,0.018208
mate,19,0.018208
dress,19,0.018208
faithful,19,0.018208
shouldst,19,0.018208
divine,19,0.018208
potion,19,0.018208
mourning,19,0.018208
villanies,19,0.018208
officer,19,0.018208
leave,19,0.018208
reverend,19,0.018208
cough,19,0.018208
muscle,18,0.017249
ear,18,0.017249
approbation,18,0.017249
it,18,0.017249
purity,18,0.017249
stone,18,0.017249
humour,18,0.017249
chairman,18,0.017249
month,18,0.017249
elopement,18,0.017249
dignity,18,0.017249
vehemence,18,0.017249
mortal,18,0.017249
knowledge,18,0.017249
motive,18,0.017249
defect,18,0.017249
waiter,18,0.017249
viii,18,0.017249
direction,18,0.017249
interposition,18,0.017249
esteem,18,0.017249
tyrant,18,0.017249
simon,18,0.017249
taste,18,0.017249
society,18,0.017249
sickness,18,0.017249
thomasine,18,0.017249
politeness,18,0.017249
mortification,18,0.017249
suitor,18,0.017249
archibald,18,0.017249
hutcheson,18,0.017249
she,17,0.016291
condescension,17,0.016291
judge,17,0.016291
accident,17,0.016291
flight,17,0.016291
plot,17,0.016291
trust,17,0.016291
lardner,17,0.016291
didst,17,0.016291
horse,17,0.016291
success,17,0.016291
pair,17,0.016291
anger,17,0.016291
defence,17,0.016291
reading,17,0.016291
college,17,0.016291
bounty,17,0.016291
want,17,0.016291
impertinent,17,0.016291
aspect,17,0.016291
fortress,17,0.016291
pandora,17,0.016291
villany,17,0.016291
cock,17,0.016291
court,17,0.016291
escape,17,0.016291
misunderstanding,17,0.016291
stranger,17,0.016291
x,17,0.016291
reasoning,17,0.016291
xxii,17,0.016291
cully,17,0.016291
counsellor,16,0.015333
right,16,0.015333
lawyer,16,0.015333
excellence,16,0.015333
vow,16,0.015333
fool,16,0.015333
regard,16,0.015333
morning,16,0.015333
pang,16,0.015333
vengeance,16,0.015333
errand,16,0.015333
envy,16,0.015333
hast,16,0.015333
mercy,16,0.015333
knee,16,0.015333
london,16,0.015333
rate,16,0.015333
inn,16,0.015333
preference,16,0.015333
glass,16,0.015333
base,16,0.015333
mediation,16,0.015333
prosecution,16,0.015333
judith,16,0.015333
serpent,16,0.015333
tribe,16,0.015333
lucan,16,0.015333
path,16,0.015333
catharine,16,0.015333
civility,16,0.015333
gaiety,16,0.015333
member,16,0.015333
la,16,0.015333
tour,16,0.015333
hertfordshire,16,0.015333
rinaldo,16,0.015333
excusable,16,0.015333
majesty,15,0.014375
gout,15,0.014375
seest,15,0.014375
advocate,15,0.014375
description,15,0.014375
wish,15,0.014375
hostler,15,0.014375
fit,15,0.014375
praise,15,0.014375
objection,15,0.014375
application,15,0.014375
vixen,15,0.014375
difficulty,15,0.014375
report,15,0.014375
meekness,15,0.014375
usage,15,0.014375
malice,15,0.014375
reverence,15,0.014375
future,15,0.014375
guilt,15,0.014375
hank,15,0.014375
change,15,0.014375
absence,15,0.014375
partner,15,0.014375
harman,15,0.014375
policy,15,0.014375
humanity,15,0.014375
sambre,15,0.014375
allegory,15,0.014375
number,15,0.014375
shot,15,0.014375
gospel,15,0.014375
denial,15,0.014375
entertainment,15,0.014375
titus,15,0.014375
savage,14,0.013416
wouldest,14,0.013416
excellency,14,0.013416
destiny,14,0.013416
license,14,0.013416
invention,14,0.013416
traveller,14,0.013416
censure,14,0.013416
profession,14,0.013416
security,14,0.013416
sword,14,0.013416
dream,14,0.013416
wine,14,0.013416
rank,14,0.013416
talk,14,0.013416
vermin,14,0.013416
walton,14,0.013416
luther,14,0.013416
jemmy,14,0.013416
hearse,14,0.013416
music,14,0.013416
favourite,14,0.013416
gust,14,0.013416
grandson,14,0.013416
commentator,14,0.013416
stuff,13,0.012458
king,13,0.012458
confession,13,0.012458
hero,13,0.012458
hearing,13,0.012458
me,13,0.012458
maiden,13,0.012458
post,13,0.012458
tenderness,13,0.012458
decency,13,0.012458
march,13,0.012458
bird,13,0.012458
form,13,0.012458
deed,13,0.012458
impatience,13,0.012458
xv,13,0.012458
indulgence,13,0.012458
yours,13,0.012458
palm,13,0.012458
sentence,13,0.012458
silence,13,0.012458
warmth,13,0.012458
presumption,13,0.012458
governess,13,0.012458
consciousness,13,0.012458
dancing,13,0.012458
sadleir,13,0.012458
shock,13,0.012458
bravery,13,0.012458
lvi,13,0.012458
sin,13,0.012458
shilling,13,0.012458
penetration,13,0.012458
criticism,13,0.012458
comforter,13,0.012458
sustainer,13,0.012458
eulogy,13,0.012458
sketch,13,0.012458
slight,13,0.012458
brixen,13,0.012458
pulpit,13,0.012458
progress,13,0.012458
bible,13,0.012458
substance,13,0.012458
all,13,0.012458
creation,12,0.0115
u,12,0.0115
genius,12,0.0115
affliction,12,0.0115
project,12,0.0115
management,12,0.0115
round,12,0.0115
memory,12,0.0115
general,12,0.0115
suppliant,12,0.0115
couldst,12,0.0115
prayer,12,0.0115
bribe,12,0.0115
this,12,0.0115
punishment,12,0.0115
foundation,12,0.0115
independence,12,0.0115
fain,12,0.0115
whose,12,0.0115
obstinacy,12,0.0115
vii,12,0.0115
thursday,12,0.0115
ix,12,0.0115
indisposition,12,0.0115
fever,12,0.0115
indignity,12,0.0115
impertinence,12,0.0115
xxxix,12,0.0115
monday,12,0.0115
machination,12,0.0115
notice,12,0.0115
expostulation,12,0.0115
religion,12,0.0115
nuptials,12,0.0115
bishop,12,0.0115
intercession,12,0.0115
convulsion,12,0.0115
proceeding,12,0.0115
kin,12,0.0115
veneration,12,0.0115
lecture,12,0.0115
corpse,12,0.0115
perquisite,12,0.0115
miser,12,0.0115
lii,12,0.0115
custom,12,0.0115
edition,12,0.0115
skrittuer,12,0.0115
descendant,12,0.0115
incumbrance,12,0.0115
hunter,12,0.0115
cor,11,0.010541
respondence,11,0.010541
correspondent,11,0.010541
phrase,11,0.010541
truth,11,0.010541
smuggler,11,0.010541
malady,11,0.010541
handkerchief,11,0.010541
gratitude,11,0.010541
repetition,11,0.010541
hannibal,11,0.010541
service,11,0.010541
confidence,11,0.010541
clothes,11,0.010541
thorn,11,0.010541
trick,11,0.010541
smile,11,0.010541
godmother,11,0.010541
intention,11,0.010541
grime,11,0.010541
difference,11,0.010541
rebel,11,0.010541
disguise,11,0.010541
comfort,11,0.010541
feature,11,0.010541
offender,11,0.010541
honesty,11,0.010541
xi,11,0.010541
suspense,11,0.010541
saucy,11,0.010541
happiness,11,0.010541
reformation,11,0.010541
text,11,0.010541
refusal,11,0.010541
xxxvii,11,0.010541
provocation,11,0.010541
xl,11,0.010541
necessity,11,0.010541
use,11,0.010541
ruddy,11,0.010541
sportiveness,11,0.010541
ape,11,0.010541
solicitation,11,0.010541
maker,11,0.010541
frame,11,0.010541
satan,11,0.010541
lincoln,11,0.010541
dejection,11,0.010541
consolation,11,0.010541
preacher,11,0.010541
saint,11,0.010541
abhorrence,11,0.010541
dame,11,0.010541
censurer,11,0.010541
venerables,11,0.010541
christian,11,0.010541
table,11,0.010541
keeper,11,0.010541
lv,11,0.010541
inducement,11,0.010541
unkindness,11,0.010541
period,11,0.010541
burning,11,0.010541
blome,11,0.010541
arnold,11,0.010541
tompkins,11,0.010541
tradesman,11,0.010541
pursuance,11,0.010541
uneasiness,11,0.010541
juan,11,0.010541
betterton,11,0.010541
byron,11,0.010541
herd,11,0.010541
twinkler,11,0.010541
xxiii,11,0.010541
afternoon,11,0.010541
begone,11,0.010541
witness,10,0.009583
commission,10,0.009583
besought,10,0.009583
pound,10,0.009583
gentleness,10,0.009583
indifference,10,0.009583
mallory,10,0.009583
cowley,10,0.009583
ours,10,0.009583
match,10,0.009583
obligation,10,0.009583
plague,10,0.009583
hodges,10,0.009583
train,10,0.009583
virago,10,0.009583
week,10,0.009583
compulsion,10,0.009583
beast,10,0.009583
scruple,10,0.009583
dough,10,0.009583
oclock,10,0.009583
moral,10,0.009583
xii,10,0.009583
disgust,10,0.009583
de,10,0.009583
pert,10,0.009583
censurers,10,0.009583
declaration,10,0.009583
xliii,10,0.009583
vileness,10,0.009583
bud,10,0.009583
permission,10,0.009583
hold,10,0.009583
anne,10,0.009583
anniversary,10,0.009583
birth,10,0.009583
tongue,10,0.009583
weight,10,0.009583
fondness,10,0.009583
emotion,10,0.009583
worth,10,0.009583
proverb,10,0.009583
complaint,10,0.009583
penitence,10,0.009583
fancy,10,0.009583
labour,10,0.009583
watchfulness,10,0.009583
animal,10,0.009583
liv,10,0.009583
domestic,10,0.009583
skill,10,0.009583
nobleman,10,0.009583
aristotle,10,0.009583
overture,10,0.009583
sat,10,0.009583
mercer,10,0.009583
reporte,10,0.009583
quier,10,0.009583
presumers,10,0.009583
glow,10,0.009583
sweden,10,0.009583
troilus,10,0.009583
cressida,10,0.009583
run,9,0.008625
sentiment,9,0.008625
jest,9,0.008625
hill,9,0.008625
stratagem,9,0.008625
penitent,9,0.008625
coward,9,0.008625
might,9,0.008625
crown,9,0.008625
no,9,0.008625
disposition,9,0.008625
pattern,9,0.008625
quarter,9,0.008625
public,9,0.008625
gloom,9,0.008625
qualification,9,0.008625
prerogative,9,0.008625
xiv,9,0.008625
despair,9,0.008625
habit,9,0.008625
share,9,0.008625
wind,9,0.008625
xxxiii,9,0.008625
aversion,9,0.008625
suspicion,9,0.008625
xliv,9,0.008625
counsel,9,0.008625
matrimony,9,0.008625
deceiver,9,0.008625
pretence,9,0.008625
acquisition,9,0.008625
hundred,9,0.008625
branch,9,0.008625
neighbourhood,9,0.008625
goddess,9,0.008625
strength,9,0.008625
material,9,0.008625
breakfast,9,0.008625
medicine,9,0.008625
italy,9,0.008625
villanous,9,0.008625
surmise,9,0.008625
blamable,9,0.008625
milliner,9,0.008625
addison,9,0.008625
otto,9,0.008625
profligate,9,0.008625
monkey,9,0.008625
twelvemonth,9,0.008625
exercise,9,0.008625
askest,9,0.008625
grove,9,0.008625
attraction,9,0.008625
amusement,9,0.008625
xlii,9,0.008625
disrespectfulness,9,0.008625
receptacle,9,0.008625
starting,9,0.008625
frank,9,0.008625
openheart,9,0.008625
household,9,0.008625
wherefore,9,0.008625
drawer,9,0.008625
bone,8,0.007666
footman,8,0.007666
virgin,8,0.007666
seemest,8,0.007666
implacables,8,0.007666
breaker,8,0.007666
garrison,8,0.007666
guardian,8,0.007666
heath,8,0.007666
landlord,8,0.007666
thump,8,0.007666
specimen,8,0.007666
flutter,8,0.007666
white,8,0.007666
inattention,8,0.007666
discovery,8,0.007666
star,8,0.007666
bank,8,0.007666
innocence,8,0.007666
guard,8,0.007666
heiress,8,0.007666
v,8,0.007666
arrival,8,0.007666
dislike,8,0.007666
prepossession,8,0.007666
mankind,8,0.007666
past,8,0.007666
gift,8,0.007666
extremity,8,0.007666
jewel,8,0.007666
interview,8,0.007666
confinement,8,0.007666
solemnity,8,0.007666
betsey,8,0.007666
flatterer,8,0.007666
intimation,8,0.007666
lane,8,0.007666
debate,8,0.007666
outrage,8,0.007666
david,8,0.007666
excess,8,0.007666
spider,8,0.007666
employment,8,0.007666
heirship,8,0.007666
fee,8,0.007666
exclamation,8,0.007666
um,8,0.007666
obedience,8,0.007666
grave,8,0.007666
implacableness,8,0.007666
gratification,8,0.007666
invitation,8,0.007666
manteau,8,0.007666
blossom,8,0.007666
latter,8,0.007666
heartedness,8,0.007666
hall,8,0.007666
thief,8,0.007666
placability,8,0.007666
crack,8,0.007666
exultings,8,0.007666
sarmatians,8,0.007666
determination,8,0.007666
awkwardness,8,0.007666
lenity,8,0.007666
carter,8,0.007666
frugality,8,0.007666
gallantry,8,0.007666
dispensation,8,0.007666
butt,8,0.007666
hater,8,0.007666
trumpet,8,0.007666
thunderer,8,0.007666
hers,8,0.007666
augur,8,0.007666
patient,8,0.007666
edward,8,0.007666
holden,8,0.007666
mercury,8,0.007666
stamping,8,0.007666
season,8,0.007666
mahogany,8,0.007666
chest,8,0.007666
engagement,7,0.006708
imitation,7,0.006708
expression,7,0.006708
spark,7,0.006708
lucretia,7,0.006708
complaisance,7,0.006708
stroke,7,0.006708
tress,7,0.006708
officious,7,0.006708
claim,7,0.006708
compassion,7,0.006708
board,7,0.006708
vilest,7,0.006708
ally,7,0.006708
tures,7,0.006708
herod,7,0.006708
clerk,7,0.006708
wolf,7,0.006708
baseness,7,0.006708
hart,7,0.006708
lace,7,0.006708
restraint,7,0.006708
understanding,7,0.006708
perdition,7,0.006708
poverty,7,0.006708
perseverance,7,0.006708
behalf,7,0.006708
vi,7,0.006708
dependence,7,0.006708
breath,7,0.006708
convenience,7,0.006708
courtship,7,0.006708
mole,7,0.006708
encouragement,7,0.006708
linen,7,0.006708
insolence,7,0.006708
cold,7,0.006708
sky,7,0.006708
quarrel,7,0.006708
xxvi,7,0.006708
vigilance,7,0.006708
vivacity,7,0.006708
device,7,0.006708
possession,7,0.006708
preparation,7,0.006708
xlvi,7,0.006708
xlvii,7,0.006708
valley,7,0.006708
walk,7,0.006708
clown,7,0.006708
call,7,0.006708
trembling,7,0.006708
term,7,0.006708
parish,7,0.006708
anguish,7,0.006708
dragon,7,0.006708
wrong,7,0.006708
usedst,7,0.006708
precept,7,0.006708
breast,7,0.006708
breach,7,0.006708
ankle,7,0.006708
slip,7,0.006708
demerit,7,0.006708
sentinel,7,0.006708
mile,7,0.006708
rain,7,0.006708
pox,7,0.006708
preaching,7,0.006708
specious,7,0.006708
wishers,7,0.006708
jury,7,0.006708
appetite,7,0.006708
physic,7,0.006708
ad,7,0.006708
admirer,7,0.006708
sorrow,7,0.006708
scandal,7,0.006708
seneca,7,0.006708
epictetus,7,0.006708
knack,7,0.006708
practice,7,0.006708
er,7,0.006708
mob,7,0.006708
couple,7,0.006708
marplothow,7,0.006708
multitude,7,0.006708
exception,7,0.006708
fop,7,0.006708
support,7,0.006708
empress,7,0.006708
hath,7,0.006708
testatrix,7,0.006708
importunity,7,0.006708
phrensy,7,0.006708
injunction,7,0.006708
attainment,7,0.006708
if,7,0.006708
arachne,7,0.006708
covetous,7,0.006708
xix,7,0.006708
remark,7,0.006708
dover,7,0.006708
mackes,7,0.006708
splendour,7,0.006708
deviation,7,0.006708
glare,7,0.006708
fairy,7,0.006708
needle,7,0.006708
consumption,7,0.006708
austria,7,0.006708
sailor,7,0.006708
capital,7,0.006708
termagant,7,0.006708
afterwards,7,0.006708
inquiry,6,0.00575
animosity,6,0.00575
bride,6,0.00575
passiveness,6,0.00575
spring,6,0.00575
evening,6,0.00575
alarm,6,0.00575
contradiction,6,0.00575
fury,6,0.00575
detection,6,0.00575
wing,6,0.00575
cabinet,6,0.00575
fact,6,0.00575
seducer,6,0.00575
cruelty,6,0.00575
caprice,6,0.00575
intimacy,6,0.00575
tot,6,0.00575
senator,6,0.00575
permit,6,0.00575
construction,6,0.00575
briar,6,0.00575
breathing,6,0.00575
unhappiness,6,0.00575
applause,6,0.00575
individual,6,0.00575
re,6,0.00575
recoil,6,0.00575
colour,6,0.00575
larking,6,0.00575
perverseness,6,0.00575
vocative,6,0.00575
yard,6,0.00575
sufficiency,6,0.00575
rivalry,6,0.00575
thro,6,0.00575
show,6,0.00575
blood,6,0.00575
xiii,6,0.00575
boldness,6,0.00575
affront,6,0.00575
intelligencer,6,0.00575
xx,6,0.00575
risk,6,0.00575
inclemency,6,0.00575
kindness,6,0.00575
attendance,6,0.00575
conference,6,0.00575
xxx,6,0.00575
ingenuousness,6,0.00575
welfare,6,0.00575
enterprise,6,0.00575
threatenings,6,0.00575
riser,6,0.00575
speech,6,0.00575
inconveniencies,6,0.00575
ability,6,0.00575
perfection,6,0.00575
durst,6,0.00575
field,6,0.00575
spinster,6,0.00575
solicitor,6,0.00575
hole,6,0.00575
kindred,6,0.00575
catalan,6,0.00575
grandeur,6,0.00575
falsehood,6,0.00575
fraternity,6,0.00575
beelzebub,6,0.00575
recovery,6,0.00575
tale,6,0.00575
earnest,6,0.00575
rave,6,0.00575
superior,6,0.00575
mannered,6,0.00575
imposture,6,0.00575
parlour,6,0.00575
old,6,0.00575
stomach,6,0.00575
steward,6,0.00575
intellect,6,0.00575
severity,6,0.00575
crowd,6,0.00575
fall,6,0.00575
joint,6,0.00575
stool,6,0.00575
juvenal,6,0.00575
bottle,6,0.00575
forgiveness,6,0.00575
barker,6,0.00575
disease,6,0.00575
approach,6,0.00575
bid,6,0.00575
ii,6,0.00575
rebekah,6,0.00575
indecency,6,0.00575
marplot,6,0.00575
brood,6,0.00575
seal,6,0.00575
wood,6,0.00575
instinct,6,0.00575
stout,6,0.00575
inconvenience,6,0.00575
rote,6,0.00575
lxxvi,6,0.00575
catastrophe,6,0.00575
oil,6,0.00575
testator,6,0.00575
snare,6,0.00575
hale,6,0.00575
astolfo,6,0.00575
ariosto,6,0.00575
struggle,6,0.00575
pus,6,0.00575
knight,6,0.00575
who,6,0.00575
card,6,0.00575
affectation,6,0.00575
artillery,6,0.00575
ristotle,6,0.00575
volume,6,0.00575
comer,6,0.00575
village,6,0.00575
ruminating,6,0.00575
invasion,6,0.00575
coxcomb,6,0.00575
cuzzen,6,0.00575
taute,6,0.00575
catholic,6,0.00575
purposing,6,0.00575
paroxysm,6,0.00575
such,6,0.00575
acknowledgment,6,0.00575
harangue,6,0.00575
lobster,6,0.00575
sunburnt,6,0.00575
pier,6,0.00575
litter,6,0.00575
confederate,6,0.00575
premeditation,5,0.004792
nerve,5,0.004792
fibre,5,0.004792
coat,5,0.004792
rejection,5,0.004792
williams,5,0.004792
cavil,5,0.004792
draught,5,0.004792
knife,5,0.004792
dorastus,5,0.004792
faunia,5,0.004792
propriety,5,0.004792
midnight,5,0.004792
bout,5,0.004792
information,5,0.004792
immorality,5,0.004792
crea,5,0.004792
ambition,5,0.004792
trustee,5,0.004792
sovereign,5,0.004792
peter,5,0.004792
fore,5,0.004792
sound,5,0.004792
vein,5,0.004792
plea,5,0.004792
heroicalness,5,0.004792
offence,5,0.004792
close,5,0.004792
hat,5,0.004792
customer,5,0.004792
rise,5,0.004792
mistiness,5,0.004792
chin,5,0.004792
iii,5,0.004792
ah,5,0.004792
iv,5,0.004792
whining,5,0.004792
malevolence,5,0.004792
concession,5,0.004792
prejudice,5,0.004792
incense,5,0.004792
stream,5,0.004792
persecutor,5,0.004792
satisfaction,5,0.004792
protector,5,0.004792
our,5,0.004792
assiduity,5,0.004792
partiality,5,0.004792
weapon,5,0.004792
protection,5,0.004792
station,5,0.004792
pursuit,5,0.004792
singer,5,0.004792
greatness,5,0.004792
language,5,0.004792
beginning,5,0.004792
acquiescence,5,0.004792
pretension,5,0.004792
parcel,5,0.004792
proof,5,0.004792
recourse,5,0.004792
designer,5,0.004792
xlviii,5,0.004792
nonsense,5,0.004792
justification,5,0.004792
wednesday,5,0.004792
monster,5,0.004792
gang,5,0.004792
greeting,5,0.004792
parliament,5,0.004792
livery,5,0.004792
attendant,5,0.004792
amends,5,0.004792
ornament,5,0.004792
injurer,5,0.004792
haste,5,0.004792
tameness,5,0.004792
contrary,5,0.004792
blockhead,5,0.004792
oath,5,0.004792
simpleton,5,0.004792
alteration,5,0.004792
cleaver,5,0.004792
ambassador,5,0.004792
crest,5,0.004792
nortin,5,0.004792
aid,5,0.004792
imputation,5,0.004792
prosperity,5,0.004792
misrepresentation,5,0.004792
levity,5,0.004792
come,5,0.004792
fainting,5,0.004792
top,5,0.004792
neglect,5,0.004792
weed,5,0.004792
resignation,5,0.004792
audience,5,0.004792
arriage,5,0.004792
regret,5,0.004792
belief,5,0.004792
diffidence,5,0.004792
neighbour,5,0.004792
penury,5,0.004792
vigour,5,0.004792
debt,5,0.004792
string,5,0.004792
verse,5,0.004792
aving,5,0.004792
admiration,5,0.004792
tabby,5,0.004792
vulture,5,0.004792
attack,5,0.004792
oons,5,0.004792
chimney,5,0.004792
aver,5,0.004792
complexion,5,0.004792
valet,5,0.004792
imprecation,5,0.004792
condescend,5,0.004792
beachcroft,5,0.004792
kingdom,5,0.004792
bard,5,0.004792
whole,5,0.004792
picture,5,0.004792
toupets,5,0.004792
university,5,0.004792
conquest,5,0.004792
incarnate,5,0.004792
lead,5,0.004792
jackey,5,0.004792
plate,5,0.004792
winter,5,0.004792
wrestler,5,0.004792
indictment,5,0.004792
barbarian,5,0.004792
equipage,5,0.004792
saul,5,0.004792
gracefulness,5,0.004792
alacrity,5,0.004792
confraternity,5,0.004792
bloom,5,0.004792
postscript,5,0.004792
athenian,5,0.004792
stinginess,5,0.004792
bruit,5,0.004792
failure,5,0.004792
surface,5,0.004792
skimmer,5,0.004792
brook,5,0.004792
harte,5,0.004792
wykes,5,0.004792
endowment,5,0.004792
endeavor,5,0.004792
rally,5,0.004792
haughtiness,5,0.004792
murderer,5,0.004792
supposition,5,0.004792
sullener,5,0.004792
unattempted,5,0.004792
instigation,5,0.004792
lamb,5,0.004792
barton,5,0.004792
censoriousness,5,0.004792
thomas,5,0.004792
sympathy,5,0.004792
marauder,5,0.004792
wantest,5,0.004792
wrath,5,0.004792
meantime,5,0.004792
goose,5,0.004792
gothamite,5,0.004792
contention,4,0.003833
surprise,4,0.003833
scripture,4,0.003833
cloke,4,0.003833
familiarity,4,0.003833
trifle,4,0.003833
whence,4,0.003833
thinkest,4,0.003833
proctor,4,0.003833
monarch,4,0.003833
powder,4,0.003833
zeal,4,0.003833
maturity,4,0.003833
attemptedst,4,0.003833
prop,4,0.003833
oftener,4,0.003833
narration,4,0.003833
undeservedly,4,0.003833
what,4,0.003833
rcas,4,0.003833
sting,4,0.003833
rage,4,0.003833
space,4,0.003833
brier,4,0.003833
io,4,0.003833
province,4,0.003833
reward,4,0.003833
intrepidity,4,0.003833
see,4,0.003833
shakspeare,4,0.003833
hatred,4,0.003833
fame,4,0.003833
correction,4,0.003833
ha,4,0.003833
harriot,4,0.003833
lucas,4,0.003833
pin,4,0.003833
capt,4,0.003833
unconcern,4,0.003833
appeal,4,0.003833
doer,4,0.003833
intimate,4,0.003833
tendency,4,0.003833
bridge,4,0.003833
yew,4,0.003833
hedge,4,0.003833
whooting,4,0.003833
minerva,4,0.003833
woodhouse,4,0.003833
digression,4,0.003833
grant,4,0.003833
freckle,4,0.003833
disfavour,4,0.003833
antipathy,4,0.003833
instruction,4,0.003833
sadler,4,0.003833
taker,4,0.003833
xxiv,4,0.003833
boundary,4,0.003833
confessionaire,4,0.003833
magnanimity,4,0.003833
edge,4,0.003833
gash,4,0.003833
lancet,4,0.003833
rosebud,4,0.003833
xxviii,4,0.003833
home,4,0.003833
hence,4,0.003833
accent,4,0.003833
contriver,4,0.003833
invective,4,0.003833
confusion,4,0.003833
xxxviii,4,0.003833
following,4,0.003833
parchment,4,0.003833
xli,4,0.003833
sensibility,4,0.003833
proxy,4,0.003833
rape,4,0.003833
blow,4,0.003833
puppy,4,0.003833
flame,4,0.003833
horseback,4,0.003833
margery,4,0.003833
grudge,4,0.003833
demand,4,0.003833
lion,4,0.003833
school,4,0.003833
supper,4,0.003833
hair,4,0.003833
working,4,0.003833
repentance,4,0.003833
thunderbolt,4,0.003833
silk,4,0.003833
inquisitor,4,0.003833
ugh,4,0.003833
assistant,4,0.003833
dialogue,4,0.003833
reptile,4,0.003833
implement,4,0.003833
generality,4,0.003833
shall,4,0.003833
unbolt,4,0.003833
stop,4,0.003833
gown,4,0.003833
workwoman,4,0.003833
abell,4,0.003833
gridiron,4,0.003833
reproach,4,0.003833
cloth,4,0.003833
tenor,4,0.003833
lxiii,4,0.003833
bettythe,4,0.003833
woe,4,0.003833
lxxii,4,0.003833
sport,4,0.003833
knoweth,4,0.003833
failing,4,0.003833
packet,4,0.003833
survivor,4,0.003833
meditation,4,0.003833
nic,4,0.003833
timorous,4,0.003833
pollard,4,0.003833
czar,4,0.003833
sparrow,4,0.003833
exit,4,0.003833
miscreant,4,0.003833
intrigue,4,0.003833
blomer,4,0.003833
rattle,4,0.003833
jaw,4,0.003833
reliance,4,0.003833
warning,4,0.003833
ackland,4,0.003833
counselor,4,0.003833
derham,4,0.003833
unforgivingness,4,0.003833
xxxi,4,0.003833
xxxiv,4,0.003833
nag,4,0.003833
apology,4,0.003833
interrogatory,4,0.003833
disadvantage,4,0.003833
aug,4,0.003833
calumny,4,0.003833
fervour,4,0.003833
sparkling,4,0.003833
herbert,4,0.003833
diver,4,0.003833
storm,4,0.003833
signification,4,0.003833
skin,4,0.003833
tumult,4,0.003833
uthors,4,0.003833
utility,4,0.003833
unction,4,0.003833
warrant,4,0.003833
apprehends,4,0.003833
deplores,4,0.003833
thee,4,0.003833
antiquity,4,0.003833
spectacle,4,0.003833
worthiness,4,0.003833
faintness,4,0.003833
mistake,4,0.003833
back,4,0.003833
destroyer,4,0.003833
hound,4,0.003833
oracle,4,0.003833
infidelity,4,0.003833
waste,4,0.003833
3d,4,0.003833
takest,4,0.003833
roguery,4,0.003833
neas,4,0.003833
critic,4,0.003833
rival,4,0.003833
cell,4,0.003833
favourer,4,0.003833
economist,4,0.003833
tail,4,0.003833
injustice,4,0.003833
paint,4,0.003833
revolution,4,0.003833
portion,4,0.003833
lid,4,0.003833
midst,4,0.003833
their,4,0.003833
help,4,0.003833
sheet,4,0.003833
anything,4,0.003833
suppose,4,0.003833
animadversion,4,0.003833
accomplishment,4,0.003833
indie,4,0.003833
boaster,4,0.003833
cottage,4,0.003833
estrangement,4,0.003833
interim,4,0.003833
fund,4,0.003833
mite,4,0.003833
scoffer,4,0.003833
howemiss,4,0.003833
connection,4,0.003833
perspicuity,4,0.003833
marivaux,4,0.003833
decorum,4,0.003833
innkeeper,4,0.003833
trooper,4,0.003833
governor,4,0.003833
fly,4,0.003833
cup,4,0.003833
forethought,4,0.003833
morsel,4,0.003833
accusation,4,0.003833
parable,4,0.003833
escovedo,4,0.003833
meaning,4,0.003833
dedes,4,0.003833
hedd,4,0.003833
forecast,4,0.003833
endears,4,0.003833
there,4,0.003833
ides,4,0.003833
outrageousness,4,0.003833
homer,4,0.003833
warns,4,0.003833
summons,4,0.003833
hesitation,4,0.003833
rich,4,0.003833
accumulator,4,0.003833
deuce,4,0.003833
nunnery,4,0.003833
persuasion,4,0.003833
inconsideration,4,0.003833
ewe,4,0.003833
strand,4,0.003833
uppose,4,0.003833
hinge,4,0.003833
tyranness,4,0.003833
shuffle,4,0.003833
prevaricate,4,0.003833
whither,4,0.003833
tormenter,4,0.003833
whelp,4,0.003833
jeweller,4,0.003833
exuberance,4,0.003833
operation,3,0.002875
cheek,3,0.002875
fib,3,0.002875
nomination,3,0.002875
sinner,3,0.002875
toying,3,0.002875
rapture,3,0.002875
receipt,3,0.002875
prize,3,0.002875
mark,3,0.002875
vallens,3,0.002875
ruffle,3,0.002875
internuncioship,3,0.002875
altar,3,0.002875
hecatomb,3,0.002875
impostor,3,0.002875
em,3,0.002875
com,3,0.002875
bedfellow,3,0.002875
square,3,0.002875
hudibras,3,0.002875
looker,3,0.002875
cl,3,0.002875
rebellion,3,0.002875
residence,3,0.002875
park,3,0.002875
leg,3,0.002875
landlady,3,0.002875
lodger,3,0.002875
womanhood,3,0.002875
clergy,3,0.002875
young,3,0.002875
casuist,3,0.002875
payment,3,0.002875
moralizer,3,0.002875
say,3,0.002875
foresight,3,0.002875
fold,3,0.002875
effort,3,0.002875
stock,3,0.002875
howehowe,3,0.002875
dealing,3,0.002875
scorn,3,0.002875
stay,3,0.002875
wink,3,0.002875
venture,3,0.002875
velvet,3,0.002875
weather,3,0.002875
visitor,3,0.002875
averseness,3,0.002875
parentage,3,0.002875
sens,3,0.002875
elizabeth,3,0.002875
strain,3,0.002875
hether,3,0.002875
temptation,3,0.002875
duce,3,0.002875
union,3,0.002875
monger,3,0.002875
wound,3,0.002875
revel,3,0.002875
coppice,3,0.002875
saturday,3,0.002875
sleep,3,0.002875
whisper,3,0.002875
sensible,3,0.002875
meanest,3,0.002875
root,3,0.002875
litigation,3,0.002875
sacrifice,3,0.002875
assistance,3,0.002875
addressers,3,0.002875
jupiter,3,0.002875
murder,3,0.002875
capitulation,3,0.002875
deityship,3,0.002875
better,3,0.002875
remorseless,3,0.002875
cork,3,0.002875
shuttle,3,0.002875
visiter,3,0.002875
highwayman,3,0.002875
valour,3,0.002875
plaint,3,0.002875
convocation,3,0.002875
solomon,3,0.002875
stedman,3,0.002875
floor,3,0.002875
apple,3,0.002875
moth,3,0.002875
viand,3,0.002875
variety,3,0.002875
hem,3,0.002875
nose,3,0.002875
violation,3,0.002875
drowning,3,0.002875
drama,3,0.002875
chariot,3,0.002875
blundering,3,0.002875
dining,3,0.002875
gripe,3,0.002875
perpetration,3,0.002875
provision,3,0.002875
prescription,3,0.002875
minutia,3,0.002875
expense,3,0.002875
counterscarp,3,0.002875
citadel,3,0.002875
laudanum,3,0.002875
covent,3,0.002875
burton,3,0.002875
forgery,3,0.002875
won,3,0.002875
restriction,3,0.002875
lxvi,3,0.002875
lxvii,3,0.002875
height,3,0.002875
barbarity,3,0.002875
blistering,3,0.002875
lxxi,3,0.002875
perjury,3,0.002875
pertly,3,0.002875
censorious,3,0.002875
visiters,3,0.002875
drink,3,0.002875
altamont,3,0.002875
cuckold,3,0.002875
needest,3,0.002875
trader,3,0.002875
scot,3,0.002875
deer,3,0.002875
shaft,3,0.002875
infirmity,3,0.002875
misery,3,0.002875
remnant,3,0.002875
efficacy,3,0.002875
attribute,3,0.002875
shadow,3,0.002875
scoundrel,3,0.002875
maintenon,3,0.002875
thy,3,0.002875
turk,3,0.002875
league,3,0.002875
eagle,3,0.002875
englishman,3,0.002875
affluent,3,0.002875
millstone,3,0.002875
flow,3,0.002875
rectitude,3,0.002875
aggressor,3,0.002875
shortness,3,0.002875
devotion,3,0.002875
sinking,3,0.002875
liii,3,0.002875
rogers,3,0.002875
tie,3,0.002875
jointure,3,0.002875
urgency,3,0.002875
owl,3,0.002875
ere,3,0.002875
horace,3,0.002875
tter,3,0.002875
claring,3,0.002875
ompliments,3,0.002875
ash,3,0.002875
udy,3,0.002875
benefit,3,0.002875
gladness,3,0.002875
elbow,3,0.002875
response,3,0.002875
kiss,3,0.002875
sheriff,3,0.002875
patsey,3,0.002875
creditor,3,0.002875
journey,3,0.002875
con,3,0.002875
famine,3,0.002875
fiend,3,0.002875
scurvy,3,0.002875
corner,3,0.002875
exertion,3,0.002875
industry,3,0.002875
coin,3,0.002875
city,3,0.002875
antient,3,0.002875
neck,3,0.002875
matron,3,0.002875
purchaser,3,0.002875
liquor,3,0.002875
dorrington,3,0.002875
sanderson,3,0.002875
jew,3,0.002875
citizen,3,0.002875
prison,3,0.002875
idea,3,0.002875
loveliest,3,0.002875
darling,3,0.002875
playford,3,0.002875
inspirer,3,0.002875
findest,3,0.002875
bias,3,0.002875
english,3,0.002875
uncertainty,3,0.002875
shake,3,0.002875
manhood,3,0.002875
vouchsafe,3,0.002875
serenity,3,0.002875
seduction,3,0.002875
influence,3,0.002875
ever,3,0.002875
honoured,3,0.002875
discomposure,3,0.002875
compeer,3,0.002875
seam,3,0.002875
comb,3,0.002875
jet,3,0.002875
brindle,3,0.002875
effluvium,3,0.002875
carcase,3,0.002875
miry,3,0.002875
promoter,3,0.002875
tolling,3,0.002875
symbol,3,0.002875
impulse,3,0.002875
mourner,3,0.002875
economy,3,0.002875
executorship,3,0.002875
administration,3,0.002875
paul,3,0.002875
ands,3,0.002875
recommendation,3,0.002875
unworthy,3,0.002875
perusal,3,0.002875
informant,3,0.002875
solicitous,3,0.002875
usurper,3,0.002875
narrowness,3,0.002875
culprit,3,0.002875
reform,3,0.002875
florence,3,0.002875
mordens,3,0.002875
antagonist,3,0.002875
masquerade,3,0.002875
comic,3,0.002875
system,3,0.002875
cramp,3,0.002875
cupidity,3,0.002875
stimulus,3,0.002875
series,3,0.002875
howeanna,3,0.002875
resistance,3,0.002875
wall,3,0.002875
road,3,0.002875
althoff,3,0.002875
silent,3,0.002875
recollecting,3,0.002875
doubter,3,0.002875
sententious,3,0.002875
reception,3,0.002875
xxxii,3,0.002875
dagger,3,0.002875
chief,3,0.002875
disobedience,3,0.002875
misconduct,3,0.002875
race,3,0.002875
tidings,3,0.002875
unskilfulness,3,0.002875
disrespect,3,0.002875
disapprobation,3,0.002875
virulence,3,0.002875
east,3,0.002875
india,3,0.002875
traffic,3,0.002875
voyage,3,0.002875
lovell,3,0.002875
arrogance,3,0.002875
preachment,3,0.002875
contract,3,0.002875
revilings,3,0.002875
viscount,3,0.002875
tutor,3,0.002875
prescriber,3,0.002875
access,3,0.002875
banishment,3,0.002875
moralist,3,0.002875
disparagement,3,0.002875
common,3,0.002875
gentlest,3,0.002875
softest,3,0.002875
mew,3,0.002875
estray,3,0.002875
repository,3,0.002875
duchess,3,0.002875
rankling,3,0.002875
spaniard,3,0.002875
lways,3,0.002875
learner,3,0.002875
triton,3,0.002875
pleasantry,3,0.002875
criminal,3,0.002875
parader,3,0.002875
pop,3,0.002875
gun,3,0.002875
farrago,3,0.002875
honest,3,0.002875
swarmers,3,0.002875
tabrets,3,0.002875
magistrate,3,0.002875
marquis,3,0.002875
function,3,0.002875
madrid,3,0.002875
marquise,3,0.002875
ice,3,0.002875
parting,2,0.001917
hurry,2,0.001917
crew,2,0.001917
devilson,2,0.001917
correspond,2,0.001917
liveliness,2,0.001917
untruth,2,0.001917
brow,2,0.001917
brain,2,0.001917
hazard,2,0.001917
controul,2,0.001917
finding,2,0.001917
enterprize,2,0.001917
dotage,2,0.001917
coldness,2,0.001917
insensibility,2,0.001917
tate,2,0.001917
leisure,2,0.001917
repulse,2,0.001917
definition,2,0.001917
blush,2,0.001917
delay,2,0.001917
noise,2,0.001917
undrest,2,0.001917
petticoat,2,0.001917
unbar,2,0.001917
robbery,2,0.001917
hitherto,2,0.001917
demon,2,0.001917
highgate,2,0.001917
muswell,2,0.001917
kentish,2,0.001917
infant,2,0.001917
hunting,2,0.001917
crate,2,0.001917
pany,2,0.001917
informer,2,0.001917
cannot,2,0.001917
talon,2,0.001917
triumphe,2,0.001917
thiss,2,0.001917
patrick,2,0.001917
trix,2,0.001917
teth,2,0.001917
how,2,0.001917
dawn,2,0.001917
mogul,2,0.001917
seraglio,2,0.001917
familiar,2,0.001917
host,2,0.001917
garret,2,0.001917
gravity,2,0.001917
price,2,0.001917
unhand,2,0.001917
shower,2,0.001917
andrew,2,0.001917
addition,2,0.001917
conveyance,2,0.001917
dealer,2,0.001917
thinking,2,0.001917
longs,2,0.001917
dove,2,0.001917
let,2,0.001917
statue,2,0.001917
nod,2,0.001917
frown,2,0.001917
punisher,2,0.001917
confederacy,2,0.001917
contrition,2,0.001917
xliimiss,2,0.001917
jenny,2,0.001917
fynnett,2,0.001917
lender,2,0.001917
insolents,2,0.001917
fierceness,2,0.001917
entreat,2,0.001917
chapel,2,0.001917
plain,2,0.001917
needlework,2,0.001917
challenge,2,0.001917
shade,2,0.001917
ray,2,0.001917
downeton,2,0.001917
inference,2,0.001917
tyranny,2,0.001917
xvi,2,0.001917
token,2,0.001917
recapitulation,2,0.001917
apprehensiveness,2,0.001917
ivy,2,0.001917
ink,2,0.001917
dew,2,0.001917
promiser,2,0.001917
stripe,2,0.001917
distaste,2,0.001917
workman,2,0.001917
tool,2,0.001917
contrive,2,0.001917
allowance,2,0.001917
modern,2,0.001917
airing,2,0.001917
silver,2,0.001917
bantam,2,0.001917
pheasant,2,0.001917
cascade,2,0.001917
alehouse,2,0.001917
april,2,0.001917
ignoble,2,0.001917
check,2,0.001917
uncontroulable,2,0.001917
frowardness,2,0.001917
hoop,2,0.001917
carelessness,2,0.001917
persuadableness,2,0.001917
foe,2,0.001917
interpose,2,0.001917
insomuch,2,0.001917
umbrage,2,0.001917
teeth,2,0.001917
search,2,0.001917
refuge,2,0.001917
undutifulness,2,0.001917
aught,2,0.001917
mortality,2,0.001917
ghost,2,0.001917
noncompliance,2,0.001917
giddiness,2,0.001917
adieu,2,0.001917
option,2,0.001917
bond,2,0.001917
firm,2,0.001917
dupe,2,0.001917
attachment,2,0.001917
sponge,2,0.001917
anxiety,2,0.001917
sedateness,2,0.001917
urchin,2,0.001917
offerest,2,0.001917
set,2,0.001917
ragamuffin,2,0.001917
rejoices,2,0.001917
supposest,2,0.001917
blunt,2,0.001917
johanetta,2,0.001917
farmer,2,0.001917
sprightly,2,0.001917
reluctance,2,0.001917
july,2,0.001917
orange,2,0.001917
nail,2,0.001917
quantity,2,0.001917
toad,2,0.001917
bugbear,2,0.001917
stander,2,0.001917
forwardness,2,0.001917
overthrow,2,0.001917
livest,2,0.001917
outcry,2,0.001917
qualifier,2,0.001917
offering,2,0.001917
vestigia,2,0.001917
grocer,2,0.001917
damsel,2,0.001917
groan,2,0.001917
dying,2,0.001917
devilkins,2,0.001917
treatise,2,0.001917
metamorphosis,2,0.001917
faithless,2,0.001917
infection,2,0.001917
faith,2,0.001917
kneeler,2,0.001917
anatomist,2,0.001917
berk,2,0.001917
pursuer,2,0.001917
loth,2,0.001917
concert,2,0.001917
bribery,2,0.001917
corruption,2,0.001917
fright,2,0.001917
push,2,0.001917
mantua,2,0.001917
porter,2,0.001917
throwing,2,0.001917
scale,2,0.001917
crop,2,0.001917
posture,2,0.001917
li,2,0.001917
barnet,2,0.001917
need,2,0.001917
preferment,2,0.001917
representation,2,0.001917
hev,2,0.001917
intervention,2,0.001917
satirist,2,0.001917
lxv,2,0.001917
reply,2,0.001917
richness,2,0.001917
genteelest,2,0.001917
importance,2,0.001917
protestation,2,0.001917
overcharging,2,0.001917
prompter,2,0.001917
inconsiderates,2,0.001917
subornation,2,0.001917
accomplice,2,0.001917
lxxiii,2,0.001917
brink,2,0.001917
chicken,2,0.001917
wright,2,0.001917
alternative,2,0.001917
hate,2,0.001917
fair,2,0.001917
fleer,2,0.001917
hey,2,0.001917
ho,2,0.001917
penny,2,0.001917
countermand,2,0.001917
cossack,2,0.001917
mantle,2,0.001917
drowsiness,2,0.001917
contemplation,2,0.001917
retinue,2,0.001917
yesterday,2,0.001917
converse,2,0.001917
steel,2,0.001917
theory,2,0.001917
throat,2,0.001917
bowling,2,0.001917
waterman,2,0.001917
fortnight,2,0.001917
conviction,2,0.001917
acknowledgement,2,0.001917
xxix,2,0.001917
eloquence,2,0.001917
aspiration,2,0.001917
inferior,2,0.001917
lxxxi,2,0.001917
paragon,2,0.001917
control,2,0.001917
alston,2,0.001917
stage,2,0.001917
bequest,2,0.001917
conveniency,2,0.001917
riot,2,0.001917
submission,2,0.001917
stooping,2,0.001917
abasement,2,0.001917
lowness,2,0.001917
pocock,2,0.001917
impudence,2,0.001917
ecclaircissement,2,0.001917
perturbation,2,0.001917
clock,2,0.001917
your,2,0.001917
fell,2,0.001917
cicero,2,0.001917
ace,2,0.001917
fatis,2,0.001917
annos,2,0.001917
deity,2,0.001917
seaman,2,0.001917
pring,2,0.001917
ummer,2,0.001917
flower,2,0.001917
tremor,2,0.001917
boson,2,0.001917
unfelt,2,0.001917
sleeper,2,0.001917
midsummer,2,0.001917
varletesses,2,0.001917
comment,2,0.001917
westminster,2,0.001917
extreme,2,0.001917
antique,2,0.001917
hardship,2,0.001917
preparative,2,0.001917
think,2,0.001917
montagues,2,0.001917
can,2,0.001917
edgware,2,0.001917
robber,2,0.001917
tack,2,0.001917
rent,2,0.001917
ground,2,0.001917
paragraph,2,0.001917
benignity,2,0.001917
soothings,2,0.001917
hankering,2,0.001917
dormer,2,0.001917
crow,2,0.001917
novogrod,2,0.001917
russia,2,0.001917
sarmatia,2,0.001917
shouldest,2,0.001917
hypocrisy,2,0.001917
companionship,2,0.001917
medium,2,0.001917
beau,2,0.001917
xxxvi,2,0.001917
rock,2,0.001917
desperation,2,0.001917
xlv,2,0.001917
current,2,0.001917
fountain,2,0.001917
attorney,2,0.001917
preciseness,2,0.001917
xlix,2,0.001917
vagabond,2,0.001917
ilion,2,0.001917
bonfire,2,0.001917
cre,2,0.001917
sa,2,0.001917
carthage,2,0.001917
dido,2,0.001917
eckius,2,0.001917
saxon,2,0.001917
howling,2,0.001917
maxim,2,0.001917
test,2,0.001917
collegian,2,0.001917
malediction,2,0.001917
lxi,2,0.001917
favourers,2,0.001917
taint,2,0.001917
meek,2,0.001917
nobleness,2,0.001917
lxviii,2,0.001917
lxx,2,0.001917
aim,2,0.001917
womb,2,0.001917
montagueyou,2,0.001917
whirlwind,2,0.001917
lxxix,2,0.001917
regularity,2,0.001917
lxxx,2,0.001917
rose,2,0.001917
friendless,2,0.001917
heightenings,2,0.001917
misconception,2,0.001917
forwarder,2,0.001917
notification,2,0.001917
tomkins,2,0.001917
cordial,2,0.001917
slop,2,0.001917
intemperance,2,0.001917
monsieur,2,0.001917
stench,2,0.001917
gaol,2,0.001917
prostitute,2,0.001917
emblem,2,0.001917
inscription,2,0.001917
produce,2,0.001917
spiritless,2,0.001917
comfortings,2,0.001917
water,2,0.001917
dispatch,2,0.001917
probate,2,0.001917
remains,2,0.001917
proviso,2,0.001917
josias,2,0.001917
brookland,2,0.001917
walketh,2,0.001917
safety,2,0.001917
shooting,2,0.001917
epispastics,2,0.001917
mirth,2,0.001917
orator,2,0.001917
arch,2,0.001917
hoard,2,0.001917
performance,2,0.001917
marrying,2,0.001917
tavern,2,0.001917
duplicate,2,0.001917
punctuation,2,0.001917
pit,2,0.001917
latin,2,0.001917
elegance,2,0.001917
opera,2,0.001917
imposition,2,0.001917
supreme,2,0.001917
pi,2,0.001917
extract,2,0.001917
publication,2,0.001917
heir,2,0.001917
forbes,2,0.001917
tower,2,0.001917
siloam,2,0.001917
luke,2,0.001917
qui,2,0.001917
decree,2,0.001917
infidel,2,0.001917
episode,2,0.001917
lock,2,0.001917
encroacher,2,0.001917
soldier,2,0.001917
emperor,2,0.001917
rear,2,0.001917
fetter,2,0.001917
bravo,2,0.001917
web,2,0.001917
sincerity,2,0.001917
contriving,2,0.001917
capacity,2,0.001917
reach,2,0.001917
froth,2,0.001917
questioner,2,0.001917
dissembler,2,0.001917
obligingness,2,0.001917
strut,2,0.001917
peevish,2,0.001917
unfit,2,0.001917
inspiriting,2,0.001917
dispraise,2,0.001917
recriminating,2,0.001917
prayey,2,0.001917
reference,2,0.001917
disobliging,2,0.001917
ache,2,0.001917
quinsy,2,0.001917
sloth,2,0.001917
shiver,2,0.001917
observance,2,0.001917
undutiful,2,0.001917
raillery,2,0.001917
rencounter,2,0.001917
making,2,0.001917
forgive,2,0.001917
cross,2,0.001917
moiety,2,0.001917
succession,2,0.001917
poison,2,0.001917
poniard,2,0.001917
ascendant,2,0.001917
sweetness,2,0.001917
machinating,2,0.001917
abstractedness,2,0.001917
shew,2,0.001917
taunting,2,0.001917
soberest,2,0.001917
toilette,2,0.001917
explicitness,2,0.001917
tome,2,0.001917
competitor,2,0.001917
openness,2,0.001917
recess,2,0.001917
observer,2,0.001917
indiscreet,2,0.001917
squanderer,2,0.001917
pleasanter,2,0.001917
training,2,0.001917
unexceptionable,2,0.001917
amen,2,0.001917
fal,2,0.001917
lal,2,0.001917
extravagancy,2,0.001917
setting,2,0.001917
surname,2,0.001917
wealth,2,0.001917
egress,2,0.001917
ham,2,0.001917
esquire,2,0.001917
seasonableness,2,0.001917
symptom,2,0.001917
inside,2,0.001917
sneer,2,0.001917
seekest,2,0.001917
sensualist,2,0.001917
vapourishness,2,0.001917
george,2,0.001917
colmar,2,0.001917
terence,2,0.001917
juster,2,0.001917
cradle,2,0.001917
wheel,2,0.001917
frolic,2,0.001917
translator,2,0.001917
bark,2,0.001917
neptune,2,0.001917
captive,2,0.001917
sullenness,2,0.001917
lovelacelet,2,0.001917
embarrasses,2,0.001917
inadvertency,2,0.001917
victor,2,0.001917
littleness,2,0.001917
sovereignty,2,0.001917
dart,2,0.001917
embryo,2,0.001917
lexington,2,0.001917
willians,2,0.001917
bench,2,0.001917
canaille,2,0.001917
zone,2,0.001917
yea,2,0.001917
ajax,2,0.001917
mixture,1,0.000958
surprize,1,0.000958
pass,1,0.000958
garb,1,0.000958
lovelacedon,1,0.000958
natural,1,0.000958
sweat,1,0.000958
puzzlement,1,0.000958
signing,1,0.000958
treaty,1,0.000958
enow,1,0.000958
precipitation,1,0.000958
attire,1,0.000958
despight,1,0.000958
original,1,0.000958
icicle,1,0.000958
engrossment,1,0.000958
swell,1,0.000958
cavalcade,1,0.000958
magazine,1,0.000958
french,1,0.000958
discourse,1,0.000958
dross,1,0.000958
corrective,1,0.000958
sniveller,1,0.000958
dotard,1,0.000958
awe,1,0.000958
darest,1,0.000958
disaster,1,0.000958
precaution,1,0.000958
machinery,1,0.000958
heaving,1,0.000958
buz,1,0.000958
assemblage,1,0.000958
demonstration,1,0.000958
sobbing,1,0.000958
where,1,0.000958
slumber,1,0.000958
mortifying,1,0.000958
edict,1,0.000958
adjuration,1,0.000958
servitude,1,0.000958
abhor,1,0.000958
level,1,0.000958
verdict,1,0.000958
temple,1,0.000958
vol,1,0.000958
kow,1,0.000958
clue,1,0.000958
ance,1,0.000958
dii,1,0.000958
majores,1,0.000958
minores,1,0.000958
practise,1,0.000958
nick,1,0.000958
impute,1,0.000958
property,1,0.000958
petur,1,0.000958
beforend,1,0.000958
feint,1,0.000958
lark,1,0.000958
imprudent,1,0.000958
castle,1,0.000958
hendon,1,0.000958
on,1,0.000958
stocking,1,0.000958
cane,1,0.000958
banister,1,0.000958
conclave,1,0.000958
curtain,1,0.000958
likeness,1,0.000958
slut,1,0.000958
purs,1,0.000958
albemarle,1,0.000958
pledge,1,0.000958
skeptic,1,0.000958
wisp,1,0.000958
listners,1,0.000958
rawlinsmiss,1,0.000958
pat,1,0.000958
witch,1,0.000958
fulness,1,0.000958
maidenhead,1,0.000958
nicety,1,0.000958
feat,1,0.000958
breech,1,0.000958
interception,1,0.000958
waltham,1,0.000958
prevarication,1,0.000958
attitude,1,0.000958
hemm,1,0.000958
spread,1,0.000958
sagacity,1,0.000958
pontius,1,0.000958
pilate,1,0.000958
wantonness,1,0.000958
damp,1,0.000958
knot,1,0.000958
rainbow,1,0.000958
championess,1,0.000958
wedlock,1,0.000958
fearfulness,1,0.000958
corrupters,1,0.000958
manager,1,0.000958
battle,1,0.000958
mortgagee,1,0.000958
gloomed,1,0.000958
initial,1,0.000958
theirs,1,0.000958
behoves,1,0.000958
puppet,1,0.000958
georgic,1,0.000958
shewn,1,0.000958
constraint,1,0.000958
vehicle,1,0.000958
pathetics,1,0.000958
choke,1,0.000958
pear,1,0.000958
some,1,0.000958
moat,1,0.000958
challenger,1,0.000958
aggravation,1,0.000958
eve,1,0.000958
deceive,1,0.000958
empire,1,0.000958
ilyssus,1,0.000958
athens,1,0.000958
confess,1,0.000958
humourousness,1,0.000958
ascendancy,1,0.000958
ruling,1,0.000958
france,1,0.000958
lamentation,1,0.000958
sarcasm,1,0.000958
despights,1,0.000958
quickness,1,0.000958
drayton,1,0.000958
slighter,1,0.000958
youre,1,0.000958
blemish,1,0.000958
club,1,0.000958
straw,1,0.000958
officiousness,1,0.000958
peculiars,1,0.000958
humblest,1,0.000958
oaklings,1,0.000958
repartee,1,0.000958
smartness,1,0.000958
stomachfulness,1,0.000958
discouragement,1,0.000958
brilliancy,1,0.000958
stupidity,1,0.000958
pertness,1,0.000958
result,1,0.000958
wandering,1,0.000958
wig,1,0.000958
hoar,1,0.000958
frost,1,0.000958
breaking,1,0.000958
wavering,1,0.000958
cavern,1,0.000958
larkin,1,0.000958
teazing,1,0.000958
billow,1,0.000958
cloaths,1,0.000958
expatiating,1,0.000958
dash,1,0.000958
impediment,1,0.000958
trifling,1,0.000958
obstruction,1,0.000958
second,1,0.000958
everybody,1,0.000958
diligence,1,0.000958
possibility,1,0.000958
thane,1,0.000958
sea,1,0.000958
bluster,1,0.000958
traitor,1,0.000958
viper,1,0.000958
horseman,1,0.000958
unworthiness,1,0.000958
cunning,1,0.000958
partition,1,0.000958
whirl,1,0.000958
read,1,0.000958
tyraness,1,0.000958
fanning,1,0.000958
standing,1,0.000958
soliloquy,1,0.000958
ettlements,1,0.000958
oppression,1,0.000958
greek,1,0.000958
whichsoever,1,0.000958
unacquaintedness,1,0.000958
palliate,1,0.000958
wire,1,0.000958
rancour,1,0.000958
summer,1,0.000958
alertness,1,0.000958
opening,1,0.000958
plantation,1,0.000958
elm,1,0.000958
lime,1,0.000958
goblin,1,0.000958
specter,1,0.000958
spite,1,0.000958
distressful,1,0.000958
dh,1,0.000958
dinnering,1,0.000958
upwards,1,0.000958
opposer,1,0.000958
manifold,1,0.000958
victory,1,0.000958
puling,1,0.000958
welter,1,0.000958
couldest,1,0.000958
watching,1,0.000958
arduousness,1,0.000958
steadiness,1,0.000958
hardness,1,0.000958
iron,1,0.000958
worship,1,0.000958
lovel,1,0.000958
belike,1,0.000958
holiday,1,0.000958
enterpriser,1,0.000958
debit,1,0.000958
balance,1,0.000958
gipsey,1,0.000958
phalaris,1,0.000958
warehouse,1,0.000958
prostration,1,0.000958
list,1,0.000958
manumission,1,0.000958
uncivil,1,0.000958
barbara,1,0.000958
susan,1,0.000958
charmingly,1,0.000958
suspension,1,0.000958
bespoken,1,0.000958
dare,1,0.000958
chorus,1,0.000958
resource,1,0.000958
causeless,1,0.000958
beldam,1,0.000958
dispairedst,1,0.000958
socrates,1,0.000958
demise,1,0.000958
somniferous,1,0.000958
adulation,1,0.000958
frankness,1,0.000958
limb,1,0.000958
desperateness,1,0.000958
rustling,1,0.000958
burst,1,0.000958
hysteric,1,0.000958
constable,1,0.000958
compunction,1,0.000958
condemnation,1,0.000958
risques,1,0.000958
transport,1,0.000958
unapprehensive,1,0.000958
diamond,1,0.000958
ring,1,0.000958
faintings,1,0.000958
disclaimer,1,0.000958
unchristian,1,0.000958
bo,1,0.000958
peep,1,0.000958
delirium,1,0.000958
hereabouts,1,0.000958
lthough,1,0.000958
amiens,1,0.000958
prisoner,1,0.000958
detainest,1,0.000958
supplication,1,0.000958
blythe,1,0.000958
jocund,1,0.000958
cattle,1,0.000958
incitement,1,0.000958
farce,1,0.000958
recital,1,0.000958
penknife,1,0.000958
recrimination,1,0.000958
friday,1,0.000958
chain,1,0.000958
onwards,1,0.000958
riding,1,0.000958
sash,1,0.000958
ti,1,0.000958
whipt,1,0.000958
bailey,1,0.000958
monument,1,0.000958
armour,1,0.000958
jolter,1,0.000958
gradatim,1,0.000958
fashion,1,0.000958
size,1,0.000958
hobby,1,0.000958
gingerbread,1,0.000958
abraham,1,0.000958
bony,1,0.000958
painter,1,0.000958
observest,1,0.000958
mien,1,0.000958
bent,1,0.000958
kennet,1,0.000958
historian,1,0.000958
glove,1,0.000958
shop,1,0.000958
abode,1,0.000958
preservation,1,0.000958
roomatise,1,0.000958
rachel,1,0.000958
clark,1,0.000958
tommy,1,0.000958
scribe,1,0.000958
amanuensis,1,0.000958
spurrier,1,0.000958
boddy,1,0.000958
cum,1,0.000958
soe,1,0.000958
bitterness,1,0.000958
preconcert,1,0.000958
affect,1,0.000958
livelihood,1,0.000958
detractor,1,0.000958
hartshorn,1,0.000958
lament,1,0.000958
watch,1,0.000958
sorrowing,1,0.000958
default,1,0.000958
caution,1,0.000958
softening,1,0.000958
heel,1,0.000958
drummer,1,0.000958
outside,1,0.000958
disloyalty,1,0.000958
smithmr,1,0.000958
jeer,1,0.000958
niche,1,0.000958
filler,1,0.000958
portugal,1,0.000958
harlot,1,0.000958
chagrin,1,0.000958
execution,1,0.000958
fraud,1,0.000958
hoy,1,0.000958
dreamer,1,0.000958
excursion,1,0.000958
flint,1,0.000958
sermon,1,0.000958
soil,1,0.000958
ratcliffe,1,0.000958
small,1,0.000958
gasp,1,0.000958
sot,1,0.000958
impertinencies,1,0.000958
ravisher,1,0.000958
inveteracy,1,0.000958
stand,1,0.000958
process,1,0.000958
misbehaviour,1,0.000958
metaphor,1,0.000958
purport,1,0.000958
chicanery,1,0.000958
practisers,1,0.000958
obligingly,1,0.000958
harasses,1,0.000958
bluntness,1,0.000958
morality,1,0.000958
abuse,1,0.000958
heat,1,0.000958
continuation,1,0.000958
pavement,1,0.000958
fist,1,0.000958
italic,1,0.000958
emphasis,1,0.000958
foresaid,1,0.000958
nunc,1,0.000958
prece,1,0.000958
onversation,1,0.000958
ine,1,0.000958
whitener,1,0.000958
blackener,1,0.000958
excise,1,0.000958
hatton,1,0.000958
rejoicing,1,0.000958
sigh,1,0.000958
here,1,0.000958
interpretation,1,0.000958
image,1,0.000958
sculptor,1,0.000958
fat,1,0.000958
directing,1,0.000958
shelburne,1,0.000958
unconcernedness,1,0.000958
guide,1,0.000958
gallows,1,0.000958
welby,1,0.000958
pedant,1,0.000958
tart,1,0.000958
travel,1,0.000958
peasant,1,0.000958
spilsworth,1,0.000958
conclusion,1,0.000958
bowel,1,0.000958
cover,1,0.000958
trunk,1,0.000958
misty,1,0.000958
ing,1,0.000958
forward,1,0.000958
madness,1,0.000958
beggar,1,0.000958
longing,1,0.000958
offspring,1,0.000958
shriek,1,0.000958
fram,1,0.000958
beholder,1,0.000958
agony,1,0.000958
serveth,1,0.000958
itiation,1,0.000958
ousin,1,0.000958
q,1,0.000958
ngth,1,0.000958
aughtiness,1,0.000958
benefice,1,0.000958
ools,1,0.000958
virgil,1,0.000958
robabilites,1,0.000958
oor,1,0.000958
bough,1,0.000958
lp,1,0.000958
verlasting,1,0.000958
deus,1,0.000958
ignavos,1,0.000958
inger,1,0.000958
standeth,1,0.000958
remaineth,1,0.000958
amiliarity,1,0.000958
ord,1,0.000958
egantly,1,0.000958
reprieve,1,0.000958
lightening,1,0.000958
uld,1,0.000958
congealment,1,0.000958
righthand,1,0.000958
screen,1,0.000958
pagan,1,0.000958
inconsiderateness,1,0.000958
irreconcilableness,1,0.000958
applauder,1,0.000958
blame,1,0.000958
shrug,1,0.000958
shoulder,1,0.000958
dowager,1,0.000958
quagmire,1,0.000958
rhetorician,1,0.000958
lewdness,1,0.000958
grimalkins,1,0.000958
peerage,1,0.000958
monarque,1,0.000958
consentest,1,0.000958
crier,1,0.000958
passenger,1,0.000958
distraction,1,0.000958
prognosticator,1,0.000958
damnation,1,0.000958
henrietta,1,0.000958
bedford,1,0.000958
any,1,0.000958
composure,1,0.000958
element,1,0.000958
haggard,1,0.000958
alley,1,0.000958
worm,1,0.000958
tile,1,0.000958
significance,1,0.000958
tell,1,0.000958
hook,1,0.000958
rack,1,0.000958
torture,1,0.000958
pestilence,1,0.000958
recoverest,1,0.000958
placation,1,0.000958
teaching,1,0.000958
smoke,1,0.000958
arrow,1,0.000958
reset,1,0.000958
vestal,1,0.000958
uglier,1,0.000958
inch,1,0.000958
boat,1,0.000958
transaction,1,0.000958
pathos,1,0.000958
jonathan,1,0.000958
tenure,1,0.000958
epsom,1,0.000958
laughter,1,0.000958
blackwell,1,0.000958
topic,1,0.000958
diet,1,0.000958
effrontery,1,0.000958
petitioner,1,0.000958
protestant,1,0.000958
dogma,1,0.000958
whereas,1,0.000958
congreve,1,0.000958
enthusiast,1,0.000958
prepossess,1,0.000958
absurdity,1,0.000958
sewer,1,0.000958
tarquin,1,0.000958
assembly,1,0.000958
revealing,1,0.000958
screw,1,0.000958
horner,1,0.000958
istress,1,0.000958
wilful,1,0.000958
ren,1,0.000958
press,1,0.000958
lxii,1,0.000958
incumbent,1,0.000958
likest,1,0.000958
sanction,1,0.000958
larissa,1,0.000958
infatuation,1,0.000958
candlestick,1,0.000958
doggesses,1,0.000958
anchor,1,0.000958
levite,1,0.000958
decline,1,0.000958
couch,1,0.000958
piccadilly,1,0.000958
kensington,1,0.000958
breviate,1,0.000958
bohemia,1,0.000958
knightsbridge,1,0.000958
palsy,1,0.000958
sob,1,0.000958
anon,1,0.000958
bundle,1,0.000958
vault,1,0.000958
incident,1,0.000958
misconstruction,1,0.000958
cord,1,0.000958
sore,1,0.000958
basis,1,0.000958
specie,1,0.000958
undertaker,1,0.000958
shoe,1,0.000958
qualm,1,0.000958
anderson,1,0.000958
interpreter,1,0.000958
mane,1,0.000958
supply,1,0.000958
taster,1,0.000958
partaker,1,0.000958
suffragan,1,0.000958
garon,1,0.000958
science,1,0.000958
bubbling,1,0.000958
raving,1,0.000958
delusion,1,0.000958
dishonour,1,0.000958
congress,1,0.000958
monitress,1,0.000958
xxvii,1,0.000958
entreaty,1,0.000958
sunshine,1,0.000958
fuller,1,0.000958
allinson,1,0.000958
sadness,1,0.000958
giver,1,0.000958
locket,1,0.000958
someone,1,0.000958
particularity,1,0.000958
library,1,0.000958
legacy,1,0.000958
speaking,1,0.000958
bow,1,0.000958
retributive,1,0.000958
survey,1,0.000958
amendment,1,0.000958
jar,1,0.000958
tenement,1,0.000958
comrade,1,0.000958
apostasy,1,0.000958
scoff,1,0.000958
climate,1,0.000958
auxiliary,1,0.000958
biddy,1,0.000958
giant,1,0.000958
chivalry,1,0.000958
tawdriness,1,0.000958
expiation,1,0.000958
duke,1,0.000958
imperfection,1,0.000958
duration,1,0.000958
range,1,0.000958
commerce,1,0.000958
banker,1,0.000958
task,1,0.000958
slattern,1,0.000958
usefulness,1,0.000958
dexterity,1,0.000958
buskin,1,0.000958
elevation,1,0.000958
pomp,1,0.000958
commandment,1,0.000958
temperance,1,0.000958
swift,1,0.000958
hearer,1,0.000958
precedent,1,0.000958
pedantry,1,0.000958
craving,1,0.000958
exhortation,1,0.000958
mishap,1,0.000958
bullet,1,0.000958
margate,1,0.000958
confessor,1,0.000958
voiture,1,0.000958
cit,1,0.000958
deception,1,0.000958
vexation,1,0.000958
soninlaw,1,0.000958
gay,1,0.000958
balaams,1,0.000958
revelation,1,0.000958
tamerlane,1,0.000958
moneses,1,0.000958
arpasia,1,0.000958
main,1,0.000958
saviour,1,0.000958
fillet,1,0.000958
apollo,1,0.000958
priest,1,0.000958
pantheus,1,0.000958
nec,1,0.000958
pantheu,1,0.000958
pieta,1,0.000958
fortitude,1,0.000958
ac,1,0.000958
forte,1,0.000958
enrage,1,0.000958
clytemnestra,1,0.000958
orestes,1,0.000958
schylus,1,0.000958
murmur,1,0.000958
th,1,0.000958
disposer,1,0.000958
childhood,1,0.000958
altercation,1,0.000958
milk,1,0.000958
improvement,1,0.000958
stead,1,0.000958
artifice,1,0.000958
imposers,1,0.000958
yielding,1,0.000958
turning,1,0.000958
cost,1,0.000958
repenters,1,0.000958
lemanjoseph,1,0.000958
gait,1,0.000958
stingie,1,0.000958
conshence,1,0.000958
grate,1,0.000958
remedy,1,0.000958
cheerfulness,1,0.000958
maidservant,1,0.000958
inferiority,1,0.000958
lily,1,0.000958
snow,1,0.000958
ribband,1,0.000958
adorer,1,0.000958
laugh,1,0.000958
rememberest,1,0.000958
pro,1,0.000958
husbandman,1,0.000958
finch,1,0.000958
bustlings,1,0.000958
chaplain,1,0.000958
laying,1,0.000958
blot,1,0.000958
escutcheon,1,0.000958
clodius,1,0.000958
standard,1,0.000958
bashfulness,1,0.000958
lee,1,0.000958
madman,1,0.000958
nobler,1,0.000958
entanglement,1,0.000958
forbearing,1,0.000958
interlardment,1,0.000958
tempter,1,0.000958
shun,1,0.000958
bickering,1,0.000958
seriousness,1,0.000958
employer,1,0.000958
hurt,1,0.000958
schemer,1,0.000958
unawares,1,0.000958
dint,1,0.000958
tiresias,1,0.000958
slyest,1,0.000958
duel,1,0.000958
effusion,1,0.000958
artery,1,0.000958
scar,1,0.000958
unfixedness,1,0.000958
assertion,1,0.000958
chace,1,0.000958
canon,1,0.000958
pique,1,0.000958
entrance,1,0.000958
denunciation,1,0.000958
brick,1,0.000958
unpoliteness,1,0.000958
obsequious,1,0.000958
considerateness,1,0.000958
disagreement,1,0.000958
surmisings,1,0.000958
owner,1,0.000958
norfolk,1,0.000958
superfluity,1,0.000958
expostulate,1,0.000958
casualty,1,0.000958
disreputation,1,0.000958
hawk,1,0.000958
denier,1,0.000958
superciliousness,1,0.000958
conveniencies,1,0.000958
brayings,1,0.000958
da,1,0.000958
dam,1,0.000958
game,1,0.000958
streight,1,0.000958
display,1,0.000958
trifler,1,0.000958
batirton,1,0.000958
frends,1,0.000958
agen,1,0.000958
gentilfolkes,1,0.000958
nathaless,1,0.000958
sarvante,1,0.000958
sowe,1,0.000958
underling,1,0.000958
sarvants,1,0.000958
sarvice,1,0.000958
hare,1,0.000958
two,1,0.000958
horn,1,0.000958
ancestry,1,0.000958
progeny,1,0.000958
courtesy,1,0.000958
willinger,1,0.000958
bearing,1,0.000958
thunder,1,0.000958
magnifying,1,0.000958
dust,1,0.000958
malignity,1,0.000958
bug,1,0.000958
norris,1,0.000958
miscellany,1,0.000958
lvii,1,0.000958
lviii,1,0.000958
decliner,1,0.000958
transgression,1,0.000958
gullet,1,0.000958
endearment,1,0.000958
presumest,1,0.000958
removal,1,0.000958
niobe,1,0.000958
vine,1,0.000958
detestation,1,0.000958
gayety,1,0.000958
diggs,1,0.000958
inspection,1,0.000958
simplicity,1,0.000958
blighting,1,0.000958
disinclination,1,0.000958
yourselves,1,0.000958
jan,1,0.000958
uncourtliness,1,0.000958
hen,1,0.000958
poultry,1,0.000958
amblings,1,0.000958
prime,1,0.000958
never,1,0.000958
plotter,1,0.000958
thread,1,0.000958
foible,1,0.000958
independency,1,0.000958
menial,1,0.000958
niggard,1,0.000958
aggrandizement,1,0.000958
selfishness,1,0.000958
deliberation,1,0.000958
meanness,1,0.000958
relationship,1,0.000958
bend,1,0.000958
pill,1,0.000958
unbidden,1,0.000958
feud,1,0.000958
sternness,1,0.000958
magistracy,1,0.000958
defiance,1,0.000958
plan,1,0.000958
correspondencies,1,0.000958
dines,1,0.000958
sup,1,0.000958
lengthening,1,0.000958
savour,1,0.000958
assumption,1,0.000958
decision,1,0.000958
intermeddler,1,0.000958
assent,1,0.000958
wage,1,0.000958
knolly,1,0.000958
sportsman,1,0.000958
badness,1,0.000958
recommenders,1,0.000958
spleen,1,0.000958
grating,1,0.000958
y,1,0.000958
flattery,1,0.000958
avowal,1,0.000958
willingness,1,0.000958
adviser,1,0.000958
reversion,1,0.000958
congregation,1,0.000958
shews,1,0.000958
divinity,1,0.000958
competition,1,0.000958
contemporary,1,0.000958
fighting,1,0.000958
leader,1,0.000958
hostility,1,0.000958
deposit,1,0.000958
gentry,1,0.000958
obscurity,1,0.000958
nicest,1,0.000958
holy,1,0.000958
writ,1,0.000958
dunmow,1,0.000958
flitch,1,0.000958
classic,1,0.000958
wicker,1,0.000958
unsuspicious,1,0.000958
winding,1,0.000958
fowl,1,0.000958
loneliness,1,0.000958
intrusion,1,0.000958
ingratitude,1,0.000958
arbitrariness,1,0.000958
campion,1,0.000958
reproof,1,0.000958
stillness,1,0.000958
misogynist,1,0.000958
sightlines,1,0.000958
hopelessness,1,0.000958
forsooth,1,0.000958
archness,1,0.000958
unsisterliness,1,0.000958
indication,1,0.000958
scotland,1,0.000958
gate,1,0.000958
oat,1,0.000958
ox,1,0.000958
worthier,1,0.000958
punctilious,1,0.000958
complimenters,1,0.000958
scipio,1,0.000958
sweet,1,0.000958
rout,1,0.000958
darkness,1,0.000958
richard,1,0.000958
ye,1,0.000958
allegiance,1,0.000958
merchant,1,0.000958
sandoun,1,0.000958
county,1,0.000958
lancaster,1,0.000958
magdalen,1,0.000958
adultery,1,0.000958
uriah,1,0.000958
bathsheba,1,0.000958
nathan,1,0.000958
prophet,1,0.000958
ranting,1,0.000958
irregularity,1,0.000958
maturest,1,0.000958
retirement,1,0.000958
flash,1,0.000958
lightning,1,0.000958
disobligation,1,0.000958
j,1,0.000958
simile,1,0.000958
catsticks,1,0.000958
egad,1,0.000958
quadruped,1,0.000958
prey,1,0.000958
epicure,1,0.000958
correspondest,1,0.000958
ermine,1,0.000958
tinsel,1,0.000958
gold,1,0.000958
callest,1,0.000958
sayest,1,0.000958
achievement,1,0.000958
fine,1,0.000958
indelicate,1,0.000958
wand,1,0.000958
ballast,1,0.000958
bag,1,0.000958
sail,1,0.000958
whale,1,0.000958
canvas,1,0.000958
countess,1,0.000958
revellings,1,0.000958
song,1,0.000958
indigence,1,0.000958
annunciation,1,0.000958
compromise,1,0.000958
affability,1,0.000958
equanimity,1,0.000958
reperusal,1,0.000958
blast,1,0.000958
chiding,1,0.000958
naughty,1,0.000958
enough,1,0.000958
advance,1,0.000958
conceit,1,0.000958
straight,1,0.000958
planter,1,0.000958
donation,1,0.000958
date,1,0.000958
fruit,1,0.000958
bush,1,0.000958
crystal,1,0.000958
beg,1,0.000958
chicane,1,0.000958
pickeroon,1,0.000958
syria,1,0.000958
brush,1,0.000958
doat,1,0.000958
matrimonialists,1,0.000958
fidelity,1,0.000958
affluence,1,0.000958
equivalent,1,0.000958
equality,1,0.000958
fencing,1,0.000958
hackney,1,0.000958
drum,1,0.000958
fife,1,0.000958
tabret,1,0.000958
mentionest,1,0.000958
ancestor,1,0.000958
meal,1,0.000958
illiterateness,1,0.000958
indocility,1,0.000958
practisings,1,0.000958
why,1,0.000958
rallying,1,0.000958
exotics,1,0.000958
creed,1,0.000958
trim,1,0.000958
transcriber,1,0.000958
prancer,1,0.000958
rant,1,0.000958
uch,1,0.000958
reed,1,0.000958
signor,1,0.000958
rouge,1,0.000958
identicalness,1,0.000958
deportment,1,0.000958
babyhood,1,0.000958
wreck,1,0.000958
composition,1,0.000958
bottom,1,0.000958
sip,1,0.000958
beech,1,0.000958
invocation,1,0.000958
implacablene,1,0.000958
mismatch,1,0.000958
charlot,1,0.000958
empson,1,0.000958
estimation,1,0.000958
saying,1,0.000958
secretary,1,0.000958
craggs,1,0.000958
waller,1,0.000958
vassal,1,0.000958
skiff,1,0.000958
rap,1,0.000958
score,1,0.000958
plaintiff,1,0.000958
malefactor,1,0.000958
pendent,1,0.000958
assault,1,0.000958
pliny,1,0.000958
achilles,1,0.000958
threat,1,0.000958
acre,1,0.000958
gin,1,0.000958
ingenuity,1,0.000958
gaoleress,1,0.000958
countryman,1,0.000958
