lady,3539,3.407144
lovelace,2401,2.311543
miss,2046,1.96977
howe,1501,1.445076
mother,1426,1.37287
harlowe,1414,1.361317
brother,1297,1.248676
letter,1208,1.162992
friend,1207,1.162029
sister,1003,0.96563
father,947,0.911717
family,879,0.84625
uncle,824,0.793299
heart,753,0.724945
thing,739,0.711466
clarissa,720,0.693174
cousin,713,0.686435
betty,708,0.681621
solmes,629,0.605565
lord,616,0.593049
hickman,559,0.538173
dorcas,549,0.528545
creature,539,0.518918
person,502,0.483296
thou,499,0.480408
time,489,0.470781
belford,476,0.458265
hand,473,0.455377
fellow,462,0.444787
m,462,0.444787
men,443,0.426495
wife,433,0.416867
sally,433,0.416867
mind,431,0.414942
house,419,0.403389
morden,416,0.400501
daughter,410,0.394724
colonel,410,0.394724
word,393,0.378358
aunt,389,0.374507
body,383,0.36873
reason,383,0.36873
people,375,0.361028
favour,374,0.360065
captain,373,0.359103
part,372,0.35814
character,367,0.353326
nothing,364,0.350438
servant,363,0.349475
world,350,0.33696
one,349,0.335997
sex,345,0.332146
child,343,0.33022
soul,333,0.320593
wretch,329,0.316742
gentleman,327,0.314817
parent,316,0.304226
way,315,0.303264
life,312,0.300375
norton,310,0.29845
james,308,0.296525
relation,304,0.292674
smith,298,0.286897
widow,294,0.283046
day,291,0.280158
girl,290,0.279195
madam,287,0.276307
love,285,0.274381
account,285,0.274381
rawlins,284,0.273419
honour,282,0.271493
lovick,273,0.262829
occasion,272,0.261866
hervey,268,0.258015
visit,267,0.257052
eye,263,0.253201
moore,260,0.250313
power,248,0.23876
god,247,0.237797
husband,246,0.236835
virtue,246,0.236835
will,240,0.231058
spirit,230,0.221431
john,223,0.214691
antony,219,0.21084
art,218,0.209878
head,218,0.209878
niece,216,0.207952
name,215,0.20699
matter,211,0.203139
subject,206,0.198325
end,202,0.194474
sinclair,200,0.192548
devil,198,0.190623
opinion,190,0.182921
door,184,0.177145
merit,183,0.176182
montague,182,0.175219
fortune,181,0.174256
opportunity,180,0.173294
others,179,0.172331
place,178,0.171368
town,177,0.170405
sake,172,0.165592
justice,167,0.160778
estate,165,0.158852
jack,164,0.15789
face,163,0.156927
company,162,0.155964
pleasure,162,0.155964
behaviour,161,0.155001
hope,160,0.154039
grandfather,159,0.153076
story,158,0.152113
answer,157,0.15115
manner,155,0.149225
concern,155,0.149225
order,155,0.149225
effect,154,0.148262
mischief,153,0.1473
view,153,0.1473
advantage,150,0.144411
fault,148,0.142486
night,148,0.142486
passion,147,0.141523
proposal,147,0.141523
question,143,0.137672
resentment,143,0.137672
joseph,142,0.136709
return,142,0.136709
nephew,141,0.135747
son,140,0.134784
purpose,139,0.133821
nature,139,0.133821
goody,139,0.133821
case,138,0.132858
protection,137,0.131896
villain,137,0.131896
pride,136,0.130933
marriage,133,0.128045
thought,133,0.128045
doctor,133,0.128045
room,132,0.127082
mine,129,0.124194
hour,129,0.124194
cause,128,0.123231
step,128,0.123231
side,127,0.122268
notice,126,0.121305
tourville,126,0.121305
rowland,126,0.121305
air,125,0.120343
lodging,124,0.11938
year,123,0.118417
charlotte,123,0.118417
lordship,122,0.117455
hannah,121,0.116492
point,120,0.115529
partington,120,0.115529
death,118,0.113604
interest,117,0.112641
state,116,0.111678
messenger,116,0.111678
duty,116,0.111678
pain,115,0.110715
angel,115,0.110715
something,114,0.109753
kin,113,0.10879
poor,113,0.10879
turn,112,0.107827
rest,112,0.107827
right,111,0.106864
master,110,0.105902
liberty,110,0.105902
particular,110,0.105902
care,110,0.105902
address,110,0.105902
moment,109,0.104939
reconciliation,108,0.103976
accuser,108,0.103976
appearance,107,0.103013
reflection,105,0.101088
grief,105,0.101088
conversation,105,0.101088
morning,105,0.101088
mowbray,105,0.101088
tomlinson,104,0.100125
money,103,0.099162
freedom,102,0.0982
maid,100,0.096274
resolution,100,0.096274
violence,100,0.096274
martin,99,0.095311
pen,99,0.095311
apprehension,99,0.095311
none,98,0.094349
quality,97,0.093386
consequence,96,0.092423
notion,96,0.092423
leman,96,0.092423
polly,96,0.092423
trouble,96,0.092423
arabella,95,0.09146
measure,95,0.09146
mistress,94,0.090498
credit,94,0.090498
london,94,0.090498
term,93,0.089535
sort,93,0.089535
prejudice,93,0.089535
fear,92,0.088572
force,92,0.088572
instigator,92,0.088572
sorlings,91,0.08761
morrow,90,0.086647
copy,90,0.086647
kind,89,0.085684
deal,87,0.083759
sense,87,0.083759
seat,87,0.083759
nurse,87,0.083759
objection,85,0.081833
author,85,0.081833
friendship,85,0.081833
belton,84,0.08087
temper,84,0.08087
regard,84,0.08087
example,83,0.079908
wish,83,0.079908
mean,83,0.079908
niceness,83,0.079908
correspondence,83,0.079908
sarah,82,0.078945
light,81,0.077982
insult,81,0.077982
presence,81,0.077982
generosity,81,0.077982
libertine,81,0.077982
value,81,0.077982
dr,80,0.077019
command,79,0.076057
delight,79,0.076057
line,79,0.076057
instance,79,0.076057
curse,79,0.076057
half,79,0.076057
spouse,79,0.076057
charmer,78,0.075094
doubt,78,0.075094
consideration,78,0.075094
ceremony,78,0.075094
foot,78,0.075094
brand,78,0.075094
don,77,0.074131
tear,77,0.074131
application,75,0.072206
nobody,75,0.072206
treatment,75,0.072206
parson,75,0.072206
charge,75,0.072206
course,75,0.072206
her,75,0.072206
motion,74,0.071243
consent,74,0.071243
respect,74,0.071243
work,74,0.071243
intention,74,0.071243
patience,74,0.071243
lover,73,0.07028
truth,73,0.07028
talent,73,0.07028
apothecary,73,0.07028
advice,72,0.069317
alliance,72,0.069317
request,72,0.069317
trial,71,0.068355
happiness,71,0.068355
affair,71,0.068355
distress,71,0.068355
beauty,71,0.068355
pardon,71,0.068355
tuesday,71,0.068355
direction,70,0.067392
blessing,70,0.067392
health,69,0.066429
hint,69,0.066429
situation,69,0.066429
pritchard,69,0.066429
curiosity,69,0.066429
obligation,69,0.066429
grace,69,0.066429
piece,69,0.066429
conscience,69,0.066429
fortescue,69,0.066429
condition,68,0.065466
mercy,68,0.065466
promise,68,0.065466
morn,68,0.065466
sunday,67,0.064504
paper,67,0.064504
humour,67,0.064504
evil,67,0.064504
present,67,0.064504
judgment,66,0.063541
inclination,66,0.063541
living,66,0.063541
method,65,0.062578
attention,65,0.062578
difficulty,65,0.062578
chamber,65,0.062578
fit,65,0.062578
oh,65,0.062578
rashness,65,0.062578
prudence,64,0.061615
arm,64,0.061615
design,63,0.060653
agent,63,0.060653
service,63,0.060653
remorse,63,0.060653
dog,63,0.060653
action,62,0.05969
compliment,62,0.05969
peace,62,0.05969
apartment,62,0.05969
loss,62,0.05969
share,62,0.05969
motif,61,0.058727
scheme,61,0.058727
robert,61,0.058727
bed,61,0.058727
injury,61,0.058727
excuse,60,0.057765
mouth,60,0.057765
intelligence,60,0.057765
heaven,60,0.057765
tender,60,0.057765
modesty,59,0.056802
anna,59,0.056802
choice,59,0.056802
while,58,0.055839
contrivance,58,0.055839
revenge,58,0.055839
clary,58,0.055839
knowledge,57,0.054876
enemy,57,0.054876
figure,57,0.054876
comfort,57,0.054876
business,56,0.053914
my,56,0.053914
prayer,56,0.053914
dear,56,0.053914
garden,56,0.053914
reputation,56,0.053914
clothes,56,0.053914
moral,56,0.053914
circumstance,55,0.052951
distance,55,0.052951
principle,55,0.052951
authority,55,0.052951
weakness,55,0.052951
delicacy,54,0.051988
education,54,0.051988
gentlewoman,54,0.051988
lip,54,0.051988
key,54,0.051988
fretchville,54,0.051988
honner,54,0.051988
title,54,0.051988
sight,53,0.051025
chair,53,0.051025
ladyship,53,0.051025
displeasure,53,0.051025
rank,53,0.051025
pound,52,0.050063
news,52,0.050063
law,52,0.050063
weight,52,0.050063
use,52,0.050063
voice,51,0.0491
church,51,0.0491
punishment,51,0.0491
report,51,0.0491
article,51,0.0491
slave,51,0.0491
me,50,0.048137
wench,50,0.048137
office,50,0.048137
inquiry,50,0.048137
offence,50,0.048137
mamma,50,0.048137
reader,50,0.048137
confidence,50,0.048137
content,50,0.048137
error,50,0.048137
benefit,50,0.048137
u,49,0.047174
fire,49,0.047174
england,49,0.047174
month,49,0.047174
leave,49,0.047174
note,49,0.047174
book,49,0.047174
instruction,49,0.047174
party,48,0.046212
passage,48,0.046212
argument,48,0.046212
contempt,48,0.046212
compliance,48,0.046212
observation,48,0.046212
bevis,48,0.046212
assistance,48,0.046212
wilt,47,0.045249
assurance,47,0.045249
prospect,47,0.045249
flight,47,0.045249
speech,47,0.045249
companion,47,0.045249
desire,47,0.045249
reverence,47,0.045249
message,46,0.044286
yesterday,46,0.044286
instrument,46,0.044286
disgrace,46,0.044286
event,46,0.044286
lewen,46,0.044286
esq,46,0.044286
folly,45,0.043323
it,45,0.043323
bosom,45,0.043323
joy,45,0.043323
pity,45,0.043323
round,45,0.043323
coach,45,0.043323
ruin,45,0.043323
country,45,0.043323
goodness,44,0.042361
somebody,44,0.042361
ear,44,0.042361
necessity,44,0.042361
horse,44,0.042361
st,44,0.042361
settlement,44,0.042361
surgeon,44,0.042361
ardour,44,0.042361
fool,44,0.042361
fate,44,0.042361
rake,44,0.042361
sun,43,0.041398
anger,43,0.041398
satisfaction,43,0.041398
vengeance,43,0.041398
discovery,43,0.041398
thursday,43,0.041398
neighbour,43,0.041398
william,43,0.041398
triumph,42,0.040435
secret,42,0.040435
expectation,42,0.040435
bella,42,0.040435
interview,42,0.040435
suspicion,41,0.039472
acquaintance,41,0.039472
youth,41,0.039472
hereupon,41,0.039472
courage,41,0.039472
townsend,41,0.039472
window,41,0.039472
guilt,41,0.039472
terror,41,0.039472
praise,41,0.039472
conduct,41,0.039472
dolly,41,0.039472
tony,41,0.039472
guinea,41,0.039472
play,40,0.03851
age,40,0.03851
vow,40,0.03851
thyself,40,0.03851
envy,40,0.03851
tragedy,40,0.03851
hampstead,39,0.037547
writing,39,0.037547
attempt,39,0.037547
wisdom,39,0.037547
uneasiness,39,0.037547
hold,39,0.037547
proof,39,0.037547
preparation,39,0.037547
innocence,39,0.037547
taste,39,0.037547
despair,39,0.037547
object,39,0.037547
h,39,0.037547
methought,39,0.037547
tenant,38,0.036584
journey,38,0.036584
week,38,0.036584
offer,38,0.036584
indignity,38,0.036584
machine,38,0.036584
study,37,0.035621
glory,37,0.035621
varlet,37,0.035621
wit,37,0.035621
style,37,0.035621
crime,37,0.035621
lesson,37,0.035621
discretion,37,0.035621
jenyns,37,0.035621
possession,36,0.034659
pretence,36,0.034659
danger,36,0.034659
nay,36,0.034659
history,36,0.034659
tea,36,0.034659
act,36,0.034659
scene,36,0.034659
stranger,36,0.034659
nancy,36,0.034659
consolation,36,0.034659
sin,36,0.034659
executor,36,0.034659
corpse,36,0.034659
endeavour,35,0.033696
the,35,0.033696
difference,35,0.033696
trust,35,0.033696
oclock,35,0.033696
self,35,0.033696
his,35,0.033696
kinswoman,35,0.033696
liking,35,0.033696
insolence,35,0.033696
felicity,35,0.033696
earth,35,0.033696
principal,35,0.033696
acquirement,35,0.033696
reformation,34,0.032733
closet,34,0.032733
feature,34,0.032733
harlowes,34,0.032733
path,34,0.032733
tenderness,34,0.032733
charity,34,0.032733
evening,34,0.032733
meeting,34,0.032733
communication,34,0.032733
coachman,34,0.032733
chariot,34,0.032733
independence,34,0.032733
hypocrite,34,0.032733
plea,34,0.032733
sincerity,34,0.032733
court,34,0.032733
number,34,0.032733
horton,34,0.032733
delay,33,0.03177
rogue,33,0.03177
faithful,33,0.03177
matrimony,33,0.03177
repentance,33,0.03177
dignity,33,0.03177
handkerchief,33,0.03177
fore,33,0.03177
forgiveness,33,0.03177
suit,33,0.03177
wyerley,33,0.03177
affliction,33,0.03177
memory,33,0.03177
finger,32,0.030808
cast,32,0.030808
parcel,32,0.030808
gratitude,32,0.030808
decency,32,0.030808
suffering,32,0.030808
street,32,0.030808
dress,32,0.030808
politeness,32,0.030808
absence,31,0.029845
home,31,0.029845
ground,31,0.029845
approbation,31,0.029845
impression,31,0.029845
look,31,0.029845
description,31,0.029845
ease,31,0.029845
greme,31,0.029845
sum,31,0.029845
earnestness,31,0.029845
contrary,31,0.029845
sword,31,0.029845
harry,31,0.029845
influence,31,0.029845
writer,31,0.029845
judge,31,0.029845
illness,31,0.029845
mabell,31,0.029845
credulity,31,0.029845
kinsman,31,0.029845
nymph,30,0.028882
whole,30,0.028882
emotion,30,0.028882
peer,30,0.028882
experience,30,0.028882
eater,30,0.028882
attendance,30,0.028882
disappointment,30,0.028882
glass,30,0.028882
misfortune,30,0.028882
disadvantage,30,0.028882
appointment,30,0.028882
lot,30,0.028882
call,30,0.028882
solicitation,30,0.028882
debt,30,0.028882
singleton,29,0.02792
expression,29,0.02792
nuptials,29,0.02792
vanity,29,0.02792
countenance,29,0.02792
refuge,29,0.02792
impatience,29,0.02792
base,29,0.02792
birth,29,0.02792
hall,29,0.02792
goddard,29,0.02792
seduction,29,0.02792
degree,28,0.026957
excellency,28,0.026957
deed,28,0.026957
pair,28,0.026957
clergyman,28,0.026957
caesar,28,0.026957
water,28,0.026957
inexperience,28,0.026957
biddulph,28,0.026957
obedience,28,0.026957
change,28,0.026957
wonder,28,0.026957
religion,28,0.026957
civility,28,0.026957
col,28,0.026957
remembrest,28,0.026957
treaty,27,0.025994
excellence,27,0.025994
fact,27,0.025994
execution,27,0.025994
progress,27,0.025994
stair,27,0.025994
almighty,27,0.025994
vilest,27,0.025994
bribe,27,0.025994
compulsion,27,0.025994
hearing,27,0.025994
affection,27,0.025994
usage,27,0.025994
probability,27,0.025994
instant,27,0.025994
folk,26,0.025031
physician,26,0.025031
breach,26,0.025031
reproach,26,0.025031
piety,26,0.025031
wilson,26,0.025031
talk,26,0.025031
kingdom,26,0.025031
distinction,26,0.025031
opposition,26,0.025031
sufferer,26,0.025031
crisis,26,0.025031
calamity,26,0.025031
dozen,26,0.025031
tom,26,0.025031
tongue,26,0.025031
expedient,25,0.024069
ship,25,0.024069
recovery,25,0.024069
understanding,25,0.024069
exception,25,0.024069
queen,25,0.024069
defence,25,0.024069
scruple,25,0.024069
leeson,25,0.024069
silence,25,0.024069
admirer,25,0.024069
compare,25,0.024069
persecution,25,0.024069
defect,25,0.024069
vice,25,0.024069
sat,25,0.024069
obstinacy,25,0.024069
shame,25,0.024069
hertfordshire,25,0.024069
reserve,25,0.024069
appetite,25,0.024069
strength,24,0.023106
noise,24,0.023106
conference,24,0.023106
superiority,24,0.023106
wickedness,24,0.023106
parlour,24,0.023106
womanhood,24,0.023106
jewel,24,0.023106
behalf,24,0.023106
dearest,24,0.023106
tumult,24,0.023106
rule,24,0.023106
elder,24,0.023106
permission,24,0.023106
adversity,24,0.023106
papa,24,0.023106
reach,24,0.023106
patty,24,0.023106
ability,24,0.023106
flower,24,0.023106
foundation,24,0.023106
she,23,0.022143
minute,23,0.022143
genius,23,0.022143
draught,23,0.022143
clergy,23,0.022143
aversion,23,0.022143
sigh,23,0.022143
reward,23,0.022143
oath,23,0.022143
ours,23,0.022143
providence,23,0.022143
condescension,23,0.022143
poet,23,0.022143
guest,23,0.022143
help,23,0.022143
humility,23,0.022143
cl,23,0.022143
preference,23,0.022143
issue,23,0.022143
bell,23,0.022143
shade,23,0.022143
correspondent,23,0.022143
good,23,0.022143
patient,23,0.022143
skill,23,0.022143
whither,23,0.022143
frame,23,0.022143
injunction,23,0.022143
grandson,23,0.022143
surprise,22,0.02118
project,22,0.02118
compassion,22,0.02118
censure,22,0.02118
hatred,22,0.02118
dish,22,0.02118
earnest,22,0.02118
tie,22,0.02118
sentence,22,0.02118
bounty,22,0.02118
barnes,22,0.02118
coffin,22,0.02118
executorship,22,0.02118
johnny,22,0.02118
doctrine,21,0.020218
dining,21,0.020218
neck,21,0.020218
midnight,21,0.020218
wednesday,21,0.020218
wouldst,21,0.020218
score,21,0.020218
form,21,0.020218
sentiment,21,0.020218
boy,21,0.020218
regret,21,0.020218
confusion,21,0.020218
being,21,0.020218
pandora,21,0.020218
dairy,21,0.020218
habit,21,0.020218
thee,21,0.020218
penetration,21,0.020218
tour,21,0.020218
proselyte,21,0.020218
entertainment,21,0.020218
chevalier,21,0.020218
box,20,0.019255
prohibition,20,0.019255
safety,20,0.019255
collins,20,0.019255
breast,20,0.019255
machination,20,0.019255
protestation,20,0.019255
plot,20,0.019255
ruffle,20,0.019255
claim,20,0.019255
villany,20,0.019255
assiduity,20,0.019255
gouty,20,0.019255
temptation,20,0.019255
stock,20,0.019255
reading,20,0.019255
dryden,20,0.019255
chapel,20,0.019255
hers,20,0.019255
comparison,20,0.019255
affront,20,0.019255
custom,20,0.019255
admiration,20,0.019255
berkshire,20,0.019255
plotting,20,0.019255
lloyd,20,0.019255
rent,20,0.019255
joel,20,0.019255
card,20,0.019255
linen,19,0.018292
esteem,19,0.018292
controul,19,0.018292
stopt,19,0.018292
prince,19,0.018292
ancestor,19,0.018292
mark,19,0.018292
mennell,19,0.018292
profession,19,0.018292
success,19,0.018292
sound,19,0.018292
guard,19,0.018292
beginning,19,0.018292
refusal,19,0.018292
yours,19,0.018292
gentleness,19,0.018292
warmth,19,0.018292
employment,19,0.018292
malice,19,0.018292
quire,19,0.018292
fever,19,0.018292
sweetness,19,0.018292
gratification,19,0.018292
escape,19,0.018292
warning,19,0.018292
partner,19,0.018292
penitence,19,0.018292
wishers,19,0.018292
constitution,19,0.018292
veneration,19,0.018292
favourite,19,0.018292
blood,19,0.018292
management,18,0.017329
shilling,18,0.017329
kindness,18,0.017329
gout,18,0.017329
divine,18,0.017329
result,18,0.017329
confession,18,0.017329
dislike,18,0.017329
imagination,18,0.017329
conquest,18,0.017329
reception,18,0.017329
deceit,18,0.017329
novice,18,0.017329
methinks,18,0.017329
bread,18,0.017329
cruelty,18,0.017329
audience,18,0.017329
expense,18,0.017329
likelihood,18,0.017329
concession,18,0.017329
flaw,18,0.017329
mourning,18,0.017329
indulgence,18,0.017329
accident,18,0.017329
rosebud,18,0.017329
baseness,18,0.017329
mortification,18,0.017329
monday,18,0.017329
prisoner,18,0.017329
acceptance,18,0.017329
post,18,0.017329
attendant,18,0.017329
intellect,18,0.017329
ring,18,0.017329
damsel,18,0.017329
shift,18,0.017329
heir,18,0.017329
christian,18,0.017329
dust,18,0.017329
fruit,18,0.017329
performance,18,0.017329
length,18,0.017329
practice,18,0.017329
enervate,18,0.017329
gold,18,0.017329
cradle,18,0.017329
oliver,18,0.017329
purchase,17,0.016367
housekeeper,17,0.016367
be,17,0.016367
shoulder,17,0.016367
wing,17,0.016367
indifference,17,0.016367
vehemence,17,0.016367
mortal,17,0.016367
bill,17,0.016367
cheek,17,0.016367
fan,17,0.016367
leg,17,0.016367
pattern,17,0.016367
menace,17,0.016367
sacrifice,17,0.016367
remembrance,17,0.016367
ink,17,0.016367
inn,17,0.016367
absurdity,17,0.016367
invitation,17,0.016367
outrage,17,0.016367
tyrant,17,0.016367
amusement,17,0.016367
wrong,17,0.016367
simon,17,0.016367
assembly,17,0.016367
recollection,17,0.016367
customer,17,0.016367
jest,17,0.016367
arrest,17,0.016367
prison,17,0.016367
frailty,17,0.016367
system,17,0.016367
roman,17,0.016367
breath,16,0.015404
knee,16,0.015404
leisure,16,0.015404
want,16,0.015404
debate,16,0.015404
conceit,16,0.015404
seest,16,0.015404
level,16,0.015404
catastrophe,16,0.015404
doleman,16,0.015404
obsequiousness,16,0.015404
alteration,16,0.015404
table,16,0.015404
readiness,16,0.015404
language,16,0.015404
mediation,16,0.015404
rascal,16,0.015404
andrew,16,0.015404
severity,16,0.015404
genealogy,16,0.015404
affectation,16,0.015404
bowel,16,0.015404
bone,16,0.015404
disposition,16,0.015404
qualification,16,0.015404
prerogative,16,0.015404
fall,16,0.015404
presumption,16,0.015404
vileness,16,0.015404
ay,16,0.015404
welfare,16,0.015404
meaning,16,0.015404
canst,16,0.015404
standard,16,0.015404
topic,16,0.015404
lamb,16,0.015404
dejection,16,0.015404
perkins,16,0.015404
failing,16,0.015404
legacy,16,0.015404
levity,16,0.015404
blame,16,0.015404
rogers,16,0.015404
test,16,0.015404
cottage,16,0.015404
symmes,16,0.015404
bachelor,16,0.015404
collation,16,0.015404
boreas,16,0.015404
engagement,15,0.014441
liver,15,0.014441
entreaty,15,0.014441
humanity,15,0.014441
aspect,15,0.014441
destiny,15,0.014441
bashfulness,15,0.014441
invention,15,0.014441
teeth,15,0.014441
novelty,15,0.014441
vexation,15,0.014441
bride,15,0.014441
chance,15,0.014441
hardship,15,0.014441
ado,15,0.014441
fortnight,15,0.014441
disguise,15,0.014441
vellum,15,0.014441
supposition,15,0.014441
meekness,15,0.014441
antipathy,15,0.014441
personality,15,0.014441
opera,15,0.014441
shorey,15,0.014441
rapture,15,0.014441
bailiff,15,0.014441
suspension,15,0.014441
shock,15,0.014441
blow,15,0.014441
penitent,15,0.014441
foible,15,0.014441
dame,15,0.014441
brimstone,15,0.014441
um,15,0.014441
nation,15,0.014441
implacableness,15,0.014441
italy,15,0.014441
spoil,15,0.014441
wall,15,0.014441
picture,15,0.014441
jan,15,0.014441
vessel,14,0.013478
phrase,14,0.013478
text,14,0.013478
pray,14,0.013478
solemnity,14,0.013478
lawyer,14,0.013478
examination,14,0.013478
need,14,0.013478
period,14,0.013478
speed,14,0.013478
shop,14,0.013478
narrative,14,0.013478
intrepidity,14,0.013478
security,14,0.013478
intimation,14,0.013478
dinner,14,0.013478
wedn,14,0.013478
scorn,14,0.013478
vivacity,14,0.013478
confinement,14,0.013478
intercession,14,0.013478
pert,14,0.013478
angelica,14,0.013478
faculty,14,0.013478
thanks,14,0.013478
offender,14,0.013478
groan,14,0.013478
set,14,0.013478
evidence,14,0.013478
snare,14,0.013478
society,14,0.013478
disease,14,0.013478
meditation,14,0.013478
break,14,0.013478
sickness,14,0.013478
metcalfe,14,0.013478
hartley,14,0.013478
scandal,14,0.013478
shew,14,0.013478
device,13,0.012516
well,13,0.012516
past,13,0.012516
mile,13,0.012516
price,13,0.012516
denial,13,0.012516
dost,13,0.012516
declaration,13,0.012516
anguish,13,0.012516
charm,13,0.012516
board,13,0.012516
abhorrence,13,0.012516
detection,13,0.012516
remainder,13,0.012516
couple,13,0.012516
pocket,13,0.012516
island,13,0.012516
admittance,13,0.012516
defiance,13,0.012516
low,13,0.012516
exclamation,13,0.012516
bias,13,0.012516
shadow,13,0.012516
doom,13,0.012516
wound,13,0.012516
france,13,0.012516
woe,13,0.012516
robin,13,0.012516
squire,13,0.012516
betsey,13,0.012516
bible,13,0.012516
intrigue,13,0.012516
pretension,13,0.012516
provocation,13,0.012516
expostulation,13,0.012516
hair,13,0.012516
stand,13,0.012516
exit,13,0.012516
misery,13,0.012516
abuse,13,0.012516
fervour,13,0.012516
inducement,13,0.012516
basilisk,13,0.012516
melvill,13,0.012516
wealth,13,0.012516
betterton,13,0.012516
housekeeping,13,0.012516
nonsense,12,0.011553
disorder,12,0.011553
class,12,0.011553
landlord,12,0.011553
eminence,12,0.011553
smuggler,12,0.011553
purity,12,0.011553
handle,12,0.011553
blush,12,0.011553
artifice,12,0.011553
elopement,12,0.011553
employer,12,0.011553
equipage,12,0.011553
thread,12,0.011553
watch,12,0.011553
restraint,12,0.011553
imputation,12,0.011553
restriction,12,0.011553
payment,12,0.011553
dialogue,12,0.011553
inconveniencies,12,0.011553
no,12,0.011553
forehead,12,0.011553
commission,12,0.011553
indignation,12,0.011553
see,12,0.011553
magnanimity,12,0.011553
ah,12,0.011553
officer,12,0.011553
wedding,12,0.011553
courtesy,12,0.011553
arrival,12,0.011553
deliberation,12,0.011553
unworthy,12,0.011553
sedateness,12,0.011553
fortress,12,0.011553
puppy,12,0.011553
sport,12,0.011553
significance,12,0.011553
miscreant,12,0.011553
caution,12,0.011553
malediction,12,0.011553
wine,12,0.011553
calista,12,0.011553
villanies,12,0.011553
thomasine,12,0.011553
dispute,12,0.011553
sadleir,12,0.011553
miracle,12,0.011553
idea,12,0.011553
adversary,12,0.011553
mullins,12,0.011553
bird,12,0.011553
extravagance,12,0.011553
sarvant,12,0.011553
privacy,12,0.011553
squier,12,0.011553
administration,12,0.011553
corner,11,0.01059
contention,11,0.01059
harm,11,0.01059
trick,11,0.01059
untruth,11,0.01059
animosity,11,0.01059
empress,11,0.01059
complacency,11,0.01059
b,11,0.01059
demand,11,0.01059
proceeding,11,0.01059
smile,11,0.01059
repetition,11,0.01059
narration,11,0.01059
advocate,11,0.01059
rowe,11,0.01059
information,11,0.01059
bedfellow,11,0.01059
fame,11,0.01059
conveyance,11,0.01059
virago,11,0.01059
hazard,11,0.01059
misunderstanding,11,0.01059
recourse,11,0.01059
phrensy,11,0.01059
serpent,11,0.01059
assent,11,0.01059
crown,11,0.01059
importance,11,0.01059
connivance,11,0.01059
lovel,11,0.01059
throat,11,0.01059
suspense,11,0.01059
tameness,11,0.01059
perverseness,11,0.01059
punisher,11,0.01059
confederacy,11,0.01059
fidelity,11,0.01059
challenge,11,0.01059
choke,11,0.01059
pear,11,0.01059
impertinence,11,0.01059
skin,11,0.01059
weapon,11,0.01059
minister,11,0.01059
impertinent,11,0.01059
afternoon,11,0.01059
read,11,0.01059
summer,11,0.01059
quarrel,11,0.01059
certainty,11,0.01059
asylum,11,0.01059
walk,11,0.01059
labour,11,0.01059
option,11,0.01059
alban,11,0.01059
hoard,11,0.01059
matron,11,0.01059
tribe,11,0.01059
alexander,11,0.01059
resistance,11,0.01059
sanction,11,0.01059
pace,11,0.01059
tale,11,0.01059
task,11,0.01059
future,11,0.01059
milk,11,0.01059
innocent,11,0.01059
j,11,0.01059
material,11,0.01059
continuation,11,0.01059
lid,11,0.01059
stage,11,0.01059
overture,11,0.01059
preparative,11,0.01059
qualm,11,0.01059
working,11,0.01059
thirst,11,0.01059
vault,11,0.01059
grove,11,0.01059
moiety,11,0.01059
disobedience,11,0.01059
probity,11,0.01059
arbitrariness,11,0.01059
tutor,11,0.01059
priscilla,11,0.01059
sailor,11,0.01059
specie,10,0.009627
diversion,10,0.009627
creation,10,0.009627
alarm,10,0.009627
scripture,10,0.009627
cold,10,0.009627
forbear,10,0.009627
malady,10,0.009627
animal,10,0.009627
zeal,10,0.009627
discourse,10,0.009627
awe,10,0.009627
vigilance,10,0.009627
list,10,0.009627
dissoluteness,10,0.009627
rebel,10,0.009627
suppliant,10,0.009627
sign,10,0.009627
what,10,0.009627
butter,10,0.009627
horn,10,0.009627
misgiving,10,0.009627
string,10,0.009627
vixen,10,0.009627
traveller,10,0.009627
castle,10,0.009627
maiden,10,0.009627
specimen,10,0.009627
cock,10,0.009627
quarter,10,0.009627
lawrance,10,0.009627
bit,10,0.009627
howemiss,10,0.009627
conclusion,10,0.009627
bear,10,0.009627
rage,10,0.009627
prepossession,10,0.009627
yard,10,0.009627
college,10,0.009627
shyness,10,0.009627
allowance,10,0.009627
conviction,10,0.009627
fancy,10,0.009627
airing,10,0.009627
token,10,0.009627
support,10,0.009627
convenience,10,0.009627
proverb,10,0.009627
risk,10,0.009627
loser,10,0.009627
mistake,10,0.009627
saturday,10,0.009627
weather,10,0.009627
utmost,10,0.009627
stay,10,0.009627
preachment,10,0.009627
perfection,10,0.009627
murder,10,0.009627
us,10,0.009627
effort,10,0.009627
david,10,0.009627
high,10,0.009627
wykes,10,0.009627
lincoln,10,0.009627
wheel,10,0.009627
illusion,10,0.009627
deceiver,10,0.009627
rape,10,0.009627
seducer,10,0.009627
raillery,10,0.009627
impatiency,10,0.009627
eternity,10,0.009627
fee,10,0.009627
ad,10,0.009627
entrance,10,0.009627
breakfast,10,0.009627
drawer,10,0.009627
diffidence,10,0.009627
torture,10,0.009627
honesty,10,0.009627
trifle,10,0.009627
hostler,10,0.009627
ambrose,10,0.009627
bottom,10,0.009627
feast,10,0.009627
florence,10,0.009627
unmanly,10,0.009627
sheet,10,0.009627
avarice,10,0.009627
publication,10,0.009627
completion,10,0.009627
prize,10,0.009627
childhood,10,0.009627
meanest,10,0.009627
cough,10,0.009627
grand,10,0.009627
feb,10,0.009627
marauder,10,0.009627
hector,10,0.009627
mahogany,9,0.008665
hurry,9,0.008665
apology,9,0.008665
benevolence,9,0.008665
jointure,9,0.008665
paul,9,0.008665
public,9,0.008665
stroke,9,0.008665
verse,9,0.008665
curtain,9,0.008665
spot,9,0.008665
capacity,9,0.008665
license,9,0.008665
contradiction,9,0.008665
amends,9,0.008665
lardner,9,0.008665
herod,9,0.008665
limb,9,0.008665
belief,9,0.008665
footman,9,0.008665
knowest,9,0.008665
diamond,9,0.008665
serenity,9,0.008665
confirmation,9,0.008665
meanness,9,0.008665
maker,9,0.008665
lion,9,0.008665
spite,9,0.008665
better,9,0.008665
genealogist,9,0.008665
dealing,9,0.008665
reliance,9,0.008665
push,9,0.008665
bleeding,9,0.008665
match,9,0.008665
accord,9,0.008665
coxcomb,9,0.008665
sens,9,0.008665
indiscretion,9,0.008665
encouragement,9,0.008665
courtship,9,0.008665
perfidy,9,0.008665
remark,9,0.008665
ridicule,9,0.008665
motive,9,0.008665
scotland,9,0.008665
intent,9,0.008665
invective,9,0.008665
relief,9,0.008665
stuff,9,0.008665
forwardness,9,0.008665
road,9,0.008665
image,9,0.008665
silk,9,0.008665
loom,9,0.008665
anniversary,9,0.008665
maxim,9,0.008665
operation,9,0.008665
bravery,9,0.008665
dispatch,9,0.008665
wear,9,0.008665
worth,9,0.008665
despondency,9,0.008665
medicine,9,0.008665
precipitate,9,0.008665
inch,9,0.008665
submission,9,0.008665
valuable,9,0.008665
trunk,9,0.008665
roar,9,0.008665
loth,9,0.008665
disfavour,9,0.008665
criticism,9,0.008665
music,9,0.008665
deluder,9,0.008665
aug,9,0.008665
member,9,0.008665
eulogy,9,0.008665
gaiety,9,0.008665
series,9,0.008665
frugality,9,0.008665
bud,9,0.008665
struggle,9,0.008665
parentage,9,0.008665
training,9,0.008665
delivery,9,0.008665
fawn,9,0.008665
fere,9,0.008665
briber,9,0.008665
expedition,9,0.008665
cully,9,0.008665
vassal,8,0.007702
stomach,8,0.007702
outcast,8,0.007702
space,8,0.007702
assertion,8,0.007702
hero,8,0.007702
accent,8,0.007702
rise,8,0.007702
dragon,8,0.007702
haste,8,0.007702
accommodation,8,0.007702
heroism,8,0.007702
fury,8,0.007702
common,8,0.007702
fugitive,8,0.007702
tone,8,0.007702
acknowledgement,8,0.007702
plate,8,0.007702
wert,8,0.007702
chin,8,0.007702
caprice,8,0.007702
fashion,8,0.007702
garment,8,0.007702
losing,8,0.007702
emanation,8,0.007702
applause,8,0.007702
perseverance,8,0.007702
exertion,8,0.007702
plain,8,0.007702
construction,8,0.007702
hedge,8,0.007702
friday,8,0.007702
english,8,0.007702
mole,8,0.007702
readier,8,0.007702
indisposition,8,0.007702
ivy,8,0.007702
hesitation,8,0.007702
changer,8,0.007702
kempis,8,0.007702
pursuit,8,0.007702
enterprise,8,0.007702
furniture,8,0.007702
alternative,8,0.007702
diligence,8,0.007702
justification,8,0.007702
steadiness,8,0.007702
guardian,8,0.007702
dialect,8,0.007702
capital,8,0.007702
renewal,8,0.007702
transaction,8,0.007702
show,8,0.007702
opinionative,8,0.007702
horace,8,0.007702
rejection,8,0.007702
faith,8,0.007702
lie,8,0.007702
penknife,8,0.007702
plenty,8,0.007702
hast,8,0.007702
king,8,0.007702
trader,8,0.007702
ling,8,0.007702
phlegm,8,0.007702
wage,8,0.007702
excess,8,0.007702
apparel,8,0.007702
process,8,0.007702
grain,8,0.007702
cooler,8,0.007702
branch,8,0.007702
compass,8,0.007702
restoration,8,0.007702
cloudiness,8,0.007702
prognostication,8,0.007702
coyness,8,0.007702
stride,8,0.007702
yorkshire,8,0.007702
rout,8,0.007702
consentest,8,0.007702
catharine,8,0.007702
rate,8,0.007702
proclamation,8,0.007702
luther,8,0.007702
succession,8,0.007702
reasoning,8,0.007702
tendency,8,0.007702
la,8,0.007702
forbes,8,0.007702
kitty,8,0.007702
herd,8,0.007702
feud,8,0.007702
spy,8,0.007702
noble,8,0.007702
edward,8,0.007702
holden,8,0.007702
brute,8,0.007702
failure,7,0.006739
sea,7,0.006739
fib,7,0.006739
spectacle,7,0.006739
knife,7,0.006739
scrupulousness,7,0.006739
precaution,7,0.006739
observer,7,0.006739
stone,7,0.006739
mayest,7,0.006739
fie,7,0.006739
altar,7,0.006739
jar,7,0.006739
roll,7,0.006739
sagacity,7,0.006739
keyhole,7,0.006739
sting,7,0.006739
gown,7,0.006739
didst,7,0.006739
peter,7,0.006739
bargain,7,0.006739
seal,7,0.006739
retirement,7,0.006739
glove,7,0.006739
ala,7,0.006739
nose,7,0.006739
household,7,0.006739
market,7,0.006739
dagger,7,0.006739
confederate,7,0.006739
dream,7,0.006739
oxfordshire,7,0.006739
perusal,7,0.006739
descendant,7,0.006739
signification,7,0.006739
pedant,7,0.006739
boldness,7,0.006739
proportion,7,0.006739
saucy,7,0.006739
ingenuousness,7,0.006739
de,7,0.006739
edge,7,0.006739
hate,7,0.006739
inconvenience,7,0.006739
partiality,7,0.006739
keeper,7,0.006739
counsel,7,0.006739
possibility,7,0.006739
flutter,7,0.006739
lane,7,0.006739
carelessness,7,0.006739
roof,7,0.006739
disapprobation,7,0.006739
trembling,7,0.006739
disgust,7,0.006739
savage,7,0.006739
chaise,7,0.006739
root,7,0.006739
visiters,7,0.006739
extremity,7,0.006739
might,7,0.006739
trustee,7,0.006739
them,7,0.006739
proxy,7,0.006739
conqueror,7,0.006739
artillery,7,0.006739
sermon,7,0.006739
horseback,7,0.006739
ruddy,7,0.006739
city,7,0.006739
violation,7,0.006739
trumpet,7,0.006739
plan,7,0.006739
dancing,7,0.006739
morality,7,0.006739
inquisitor,7,0.006739
anne,7,0.006739
amendment,7,0.006739
field,7,0.006739
romance,7,0.006739
dishonour,7,0.006739
date,7,0.006739
chain,7,0.006739
stature,7,0.006739
revocation,7,0.006739
sorrow,7,0.006739
informant,7,0.006739
packet,7,0.006739
survivor,7,0.006739
mirth,7,0.006739
penny,7,0.006739
czar,7,0.006739
sambre,7,0.006739
back,7,0.006739
precept,7,0.006739
allegory,7,0.006739
substance,7,0.006739
shape,7,0.006739
flow,7,0.006739
misapprehension,7,0.006739
abundance,7,0.006739
produce,7,0.006739
distemper,7,0.006739
approach,7,0.006739
aim,7,0.006739
your,7,0.006739
individual,7,0.006739
conciler,7,0.006739
fatis,7,0.006739
annos,7,0.006739
descent,7,0.006739
dormer,7,0.006739
valet,7,0.006739
propriety,7,0.006739
poison,7,0.006739
bark,7,0.006739
obstropulous,7,0.006739
friendless,7,0.006739
reptile,7,0.006739
hearse,7,0.006739
incident,7,0.006739
monkey,7,0.006739
domestic,7,0.006739
marrying,7,0.006739
pi,7,0.006739
estrangement,7,0.006739
flame,7,0.006739
christianity,7,0.006739
heroine,7,0.006739
grandmother,7,0.006739
lawn,7,0.006739
coat,7,0.006739
brow,7,0.006739
lightning,7,0.006739
homage,7,0.006739
spring,7,0.006739
twinkler,7,0.006739
competitor,7,0.006739
sharer,7,0.006739
gypsy,7,0.006739
honest,7,0.006739
chest,6,0.005776
livery,6,0.005776
commendation,6,0.005776
sinner,6,0.005776
liquor,6,0.005776
roguery,6,0.005776
wainscot,6,0.005776
consummation,6,0.005776
mallory,6,0.005776
mystery,6,0.005776
general,6,0.005776
march,6,0.005776
coppice,6,0.005776
hannibal,6,0.005776
calico,6,0.005776
villanous,6,0.005776
protector,6,0.005776
demonstration,6,0.005776
couldst,6,0.005776
billet,6,0.005776
haughtiness,6,0.005776
damage,6,0.005776
brain,6,0.005776
profligate,6,0.005776
ing,6,0.005776
village,6,0.005776
par,6,0.005776
dawn,6,0.005776
burst,6,0.005776
interval,6,0.005776
beast,6,0.005776
ascendancy,6,0.005776
inclinable,6,0.005776
slight,6,0.005776
mankind,6,0.005776
dove,6,0.005776
oughtest,6,0.005776
fulness,6,0.005776
cue,6,0.005776
storm,6,0.005776
try,6,0.005776
old,6,0.005776
disdain,6,0.005776
bow,6,0.005776
goddess,6,0.005776
ca,6,0.005776
averseness,6,0.005776
whisper,6,0.005776
lender,6,0.005776
puppet,6,0.005776
aggravation,6,0.005776
vein,6,0.005776
offering,6,0.005776
appeal,6,0.005776
riper,6,0.005776
quickness,6,0.005776
drayton,6,0.005776
tyranny,6,0.005776
removal,6,0.005776
importunity,6,0.005776
nobleness,6,0.005776
scholar,6,0.005776
asseveration,6,0.005776
forerunner,6,0.005776
undertaker,6,0.005776
wind,6,0.005776
lock,6,0.005776
recrimination,6,0.005776
tremor,6,0.005776
parade,6,0.005776
rich,6,0.005776
errand,6,0.005776
strain,6,0.005776
bequest,6,0.005776
policy,6,0.005776
lancashire,6,0.005776
jupiter,6,0.005776
height,6,0.005776
enjoyment,6,0.005776
colony,6,0.005776
darkness,6,0.005776
relish,6,0.005776
blunt,6,0.005776
hadst,6,0.005776
floor,6,0.005776
supper,6,0.005776
virgin,6,0.005776
rose,6,0.005776
scale,6,0.005776
ugh,6,0.005776
hie,6,0.005776
dwelling,6,0.005776
muslin,6,0.005776
cambric,6,0.005776
traitress,6,0.005776
slip,6,0.005776
amiens,6,0.005776
mouse,6,0.005776
perdition,6,0.005776
pitch,6,0.005776
bent,6,0.005776
ambassador,6,0.005776
barnet,6,0.005776
saint,6,0.005776
morrison,6,0.005776
hartshorn,6,0.005776
solicitude,6,0.005776
astonishment,6,0.005776
chicken,6,0.005776
fair,6,0.005776
ball,6,0.005776
mate,6,0.005776
attribute,6,0.005776
drowning,6,0.005776
jaw,6,0.005776
funeral,6,0.005776
latter,6,0.005776
elbow,6,0.005776
race,6,0.005776
obscenity,6,0.005776
misrepresentation,6,0.005776
aspersion,6,0.005776
corn,6,0.005776
luck,6,0.005776
heinousness,6,0.005776
thy,6,0.005776
placability,6,0.005776
brood,6,0.005776
vulture,6,0.005776
multitude,6,0.005776
stratagem,6,0.005776
band,6,0.005776
plotter,6,0.005776
pay,6,0.005776
muscle,6,0.005776
inconsistence,6,0.005776
unforgiveness,6,0.005776
diet,6,0.005776
parting,6,0.005776
punctilio,6,0.005776
thank,6,0.005776
remedy,6,0.005776
dispensation,6,0.005776
infatuation,6,0.005776
jemmy,6,0.005776
vigour,6,0.005776
gain,6,0.005776
observance,6,0.005776
net,6,0.005776
edgware,6,0.005776
thief,6,0.005776
giant,6,0.005776
winter,6,0.005776
female,6,0.005776
curd,6,0.005776
indie,6,0.005776
army,6,0.005776
xxxii,6,0.005776
sweet,6,0.005776
alleviation,6,0.005776
baronet,6,0.005776
improvement,6,0.005776
antagonist,6,0.005776
augmentation,6,0.005776
prowess,6,0.005776
torment,6,0.005776
thunder,6,0.005776
spendthrift,6,0.005776
particularity,6,0.005776
paroxysm,6,0.005776
source,6,0.005776
mew,6,0.005776
stamping,6,0.005776
reperusal,6,0.005776
fretten,6,0.005776
deck,6,0.005776
spinster,6,0.005776
hussy,6,0.005776
vote,6,0.005776
achilles,6,0.005776
fetter,5,0.004814
mixture,5,0.004814
witness,5,0.004814
liveliness,5,0.004814
discredit,5,0.004814
economy,5,0.004814
reporter,5,0.004814
retire,5,0.004814
oftener,5,0.004814
nicety,5,0.004814
echo,5,0.004814
chimney,5,0.004814
tidings,5,0.004814
chairman,5,0.004814
risques,5,0.004814
scrap,5,0.004814
construc,5,0.004814
tion,5,0.004814
cloth,5,0.004814
square,5,0.004814
practise,5,0.004814
passenger,5,0.004814
food,5,0.004814
cabinet,5,0.004814
inattention,5,0.004814
moderation,5,0.004814
deference,5,0.004814
accession,5,0.004814
yourselves,5,0.004814
nail,5,0.004814
bank,5,0.004814
oxford,5,0.004814
ache,5,0.004814
grime,5,0.004814
toil,5,0.004814
dealer,5,0.004814
pin,5,0.004814
thinking,5,0.004814
grave,5,0.004814
listener,5,0.004814
mistrust,5,0.004814
farm,5,0.004814
reverie,5,0.004814
contrition,5,0.004814
dough,5,0.004814
demerit,5,0.004814
herveys,5,0.004814
waiter,5,0.004814
dependence,5,0.004814
supp,5,0.004814
bridge,5,0.004814
rebellion,5,0.004814
unkindness,5,0.004814
viii,5,0.004814
cool,5,0.004814
gift,5,0.004814
duration,5,0.004814
freckle,5,0.004814
forbearance,5,0.004814
making,5,0.004814
small,5,0.004814
pox,5,0.004814
sky,5,0.004814
union,5,0.004814
exasperates,5,0.004814
silver,5,0.004814
hoarseness,5,0.004814
secrecy,5,0.004814
narrowness,5,0.004814
disturbance,5,0.004814
palm,5,0.004814
hater,5,0.004814
whose,5,0.004814
needle,5,0.004814
aught,5,0.004814
threatenings,5,0.004814
drawing,5,0.004814
he,5,0.004814
adieu,5,0.004814
ray,5,0.004814
departure,5,0.004814
hardness,5,0.004814
margaret,5,0.004814
consciousness,5,0.004814
twelvemonth,5,0.004814
impostor,5,0.004814
ingratitude,5,0.004814
web,5,0.004814
beelzebub,5,0.004814
comment,5,0.004814
delirium,5,0.004814
fuel,5,0.004814
quake,5,0.004814
sanctuary,5,0.004814
brink,5,0.004814
cash,5,0.004814
laugh,5,0.004814
station,5,0.004814
accusation,5,0.004814
mantua,5,0.004814
cloak,5,0.004814
mien,5,0.004814
unhappiness,5,0.004814
burton,5,0.004814
affluence,5,0.004814
steward,5,0.004814
subscription,5,0.004814
resignation,5,0.004814
couch,5,0.004814
xii,5,0.004814
blunder,5,0.004814
crowd,5,0.004814
potion,5,0.004814
prosecution,5,0.004814
murderer,5,0.004814
perjury,5,0.004814
harman,5,0.004814
parish,5,0.004814
fitter,5,0.004814
softness,5,0.004814
soldier,5,0.004814
gum,5,0.004814
infirmity,5,0.004814
conversion,5,0.004814
efficacy,5,0.004814
pr,5,0.004814
neglect,5,0.004814
heel,5,0.004814
associate,5,0.004814
impulse,5,0.004814
complaint,5,0.004814
awkwardness,5,0.004814
learning,5,0.004814
execration,5,0.004814
tence,5,0.004814
ine,5,0.004814
nobleman,5,0.004814
deception,5,0.004814
fat,5,0.004814
cupid,5,0.004814
inscription,5,0.004814
last,5,0.004814
cheerfulness,5,0.004814
rebuke,5,0.004814
lecture,5,0.004814
page,5,0.004814
ice,5,0.004814
tter,5,0.004814
feather,5,0.004814
tabby,5,0.004814
bob,5,0.004814
raving,5,0.004814
morsel,5,0.004814
creditor,5,0.004814
booty,5,0.004814
oons,5,0.004814
comma,5,0.004814
determination,5,0.004814
immorality,5,0.004814
straight,5,0.004814
fop,5,0.004814
rebound,5,0.004814
dunce,5,0.004814
parley,5,0.004814
profaneness,5,0.004814
ostentation,5,0.004814
interrupter,5,0.004814
amputation,5,0.004814
mourner,5,0.004814
eulogium,5,0.004814
pew,5,0.004814
reverend,5,0.004814
fund,5,0.004814
phlebotomy,5,0.004814
watford,5,0.004814
climate,5,0.004814
knight,5,0.004814
betwixt,5,0.004814
scoffer,5,0.004814
cost,5,0.004814
escritoire,5,0.004814
innkeeper,5,0.004814
trooper,5,0.004814
virulence,5,0.004814
xxi,5,0.004814
adventurer,5,0.004814
covetous,5,0.004814
entanglement,5,0.004814
windsor,5,0.004814
xxxv,5,0.004814
cinder,5,0.004814
ides,5,0.004814
ambition,5,0.004814
lap,5,0.004814
xxxviii,5,0.004814
disparagement,5,0.004814
bout,5,0.004814
wenesday,5,0.004814
spira,5,0.004814
emperor,5,0.004814
lockyer,5,0.004814
blamable,5,0.004814
littleness,5,0.004814
drag,5,0.004814
mayor,5,0.004814
wardship,5,0.004814
testimony,4,0.003851
aid,4,0.003851
may,4,0.003851
extract,4,0.003851
crew,4,0.003851
abode,4,0.003851
wedlock,4,0.003851
counsellor,4,0.003851
signing,4,0.003851
this,4,0.003851
festivity,4,0.003851
vol,4,0.003851
feeling,4,0.003851
majesty,4,0.003851
clerk,4,0.003851
mask,4,0.003851
burning,4,0.003851
enormity,4,0.003851
petticoat,4,0.003851
fright,4,0.003851
robbery,4,0.003851
hole,4,0.003851
pang,4,0.003851
whining,4,0.003851
drink,4,0.003851
connection,4,0.003851
tavern,4,0.003851
shelter,4,0.003851
hill,4,0.003851
undistinguish,4,0.003851
coldness,4,0.003851
toast,4,0.003851
coward,4,0.003851
hopefuller,4,0.003851
great,4,0.003851
mightest,4,0.003851
powder,4,0.003851
stocking,4,0.003851
conveniencies,4,0.003851
thump,4,0.003851
intrusion,4,0.003851
white,4,0.003851
injustice,4,0.003851
unaccountablenesses,4,0.003851
negligence,4,0.003851
star,4,0.003851
hem,4,0.003851
mary,4,0.003851
jealousy,4,0.003851
obsecrations,4,0.003851
attitude,4,0.003851
capt,4,0.003851
wantonness,4,0.003851
damp,4,0.003851
xliv,4,0.003851
championess,4,0.003851
ix,4,0.003851
yew,4,0.003851
ode,4,0.003851
complaisance,4,0.003851
frankness,4,0.003851
snuff,4,0.003851
variety,4,0.003851
inference,4,0.003851
officiousness,4,0.003851
uncertainty,4,0.003851
halfhour,4,0.003851
intelligencer,4,0.003851
breaking,4,0.003851
executrix,4,0.003851
begone,4,0.003851
ornament,4,0.003851
season,4,0.003851
singer,4,0.003851
greatness,4,0.003851
traitor,4,0.003851
depend,4,0.003851
shoe,4,0.003851
inveteracy,4,0.003851
detriment,4,0.003851
litigation,4,0.003851
parchment,4,0.003851
signal,4,0.003851
ghost,4,0.003851
implement,4,0.003851
refuser,4,0.003851
apprehends,4,0.003851
rivalry,4,0.003851
sponge,4,0.003851
fibber,4,0.003851
sensibility,4,0.003851
clown,4,0.003851
pantry,4,0.003851
all,4,0.003851
glow,4,0.003851
romping,4,0.003851
joke,4,0.003851
convocation,4,0.003851
hundred,4,0.003851
school,4,0.003851
stedman,4,0.003851
dropt,4,0.003851
fainting,4,0.003851
ginger,4,0.003851
lodger,4,0.003851
fling,4,0.003851
falsehood,4,0.003851
corruption,4,0.003851
oppressor,4,0.003851
destruction,4,0.003851
wax,4,0.003851
taper,4,0.003851
dying,4,0.003851
ill,4,0.003851
dowager,4,0.003851
bar,4,0.003851
generality,4,0.003851
toad,4,0.003851
superior,4,0.003851
panic,4,0.003851
pursuance,4,0.003851
reparation,4,0.003851
workwoman,4,0.003851
hood,4,0.003851
cleaver,4,0.003851
gridiron,4,0.003851
judith,4,0.003851
lead,4,0.003851
livelihood,4,0.003851
deuce,4,0.003851
uplift,4,0.003851
inspection,4,0.003851
wight,4,0.003851
burden,4,0.003851
train,4,0.003851
mantle,4,0.003851
pillow,4,0.003851
supplement,4,0.003851
excursion,4,0.003851
converse,4,0.003851
pulse,4,0.003851
desponding,4,0.003851
convulsion,4,0.003851
sacrament,4,0.003851
fatigue,4,0.003851
kiss,4,0.003851
exemption,4,0.003851
chastity,4,0.003851
eloquence,4,0.003851
saviour,4,0.003851
inferior,4,0.003851
heat,4,0.003851
firebrand,4,0.003851
aggressor,4,0.003851
seneca,4,0.003851
epictetus,4,0.003851
travel,4,0.003851
devotion,4,0.003851
sobriety,4,0.003851
grandeur,4,0.003851
loner,4,0.003851
unforgivingness,4,0.003851
cordial,4,0.003851
avail,4,0.003851
itle,4,0.003851
uvenal,4,0.003851
antiquity,4,0.003851
hypocrisy,4,0.003851
aving,4,0.003851
meadow,4,0.003851
drop,4,0.003851
indecency,4,0.003851
worthiness,4,0.003851
can,4,0.003851
fastening,4,0.003851
representation,4,0.003851
tell,4,0.003851
lamentation,4,0.003851
game,4,0.003851
stout,4,0.003851
sewer,4,0.003851
senate,4,0.003851
july,4,0.003851
li,4,0.003851
bee,4,0.003851
latin,4,0.003851
university,4,0.003851
equal,4,0.003851
strife,4,0.003851
tenderest,4,0.003851
forwarder,4,0.003851
instigation,4,0.003851
compunction,4,0.003851
darling,4,0.003851
emblem,4,0.003851
region,4,0.003851
blessedness,4,0.003851
fuller,4,0.003851
allinson,4,0.003851
probate,4,0.003851
fondness,4,0.003851
library,4,0.003851
josias,4,0.003851
brookland,4,0.003851
satan,4,0.003851
salary,4,0.003851
spark,4,0.003851
globe,4,0.003851
banker,4,0.003851
spaniard,4,0.003851
contract,4,0.003851
usefulness,4,0.003851
instructress,4,0.003851
accomplishment,4,0.003851
professor,4,0.003851
boaster,4,0.003851
confraternity,4,0.003851
slighting,4,0.003851
infidel,4,0.003851
brixen,4,0.003851
mercer,4,0.003851
preface,4,0.003851
candour,4,0.003851
guise,4,0.003851
extent,4,0.003851
division,4,0.003851
clytemnestra,4,0.003851
th,4,0.003851
closing,4,0.003851
cupidity,4,0.003851
stimulus,4,0.003851
rash,4,0.003851
pecuniaries,4,0.003851
blameworthy,4,0.003851
rushing,4,0.003851
barley,4,0.003851
xxx,4,0.003851
disreputation,4,0.003851
speke,4,0.003851
heere,4,0.003851
passe,4,0.003851
gentilfolkes,4,0.003851
invenshon,4,0.003851
indictment,4,0.003851
owner,4,0.003851
reference,4,0.003851
explicitness,4,0.003851
execrator,4,0.003851
warns,4,0.003851
setting,4,0.003851
pleasantry,4,0.003851
never,4,0.003851
male,4,0.003851
catholic,4,0.003851
poniard,4,0.003851
decorum,4,0.003851
splendour,4,0.003851
gate,4,0.003851
barton,4,0.003851
leering,4,0.003851
amour,4,0.003851
lustre,4,0.003851
regulator,4,0.003851
middling,4,0.003851
press,4,0.003851
incredulity,4,0.003851
repository,4,0.003851
saving,4,0.003851
clause,4,0.003851
tree,4,0.003851
couteau,4,0.003851
plant,4,0.003851
norris,4,0.003851
knot,4,0.003851
physic,3,0.002888
cure,3,0.002888
honor,3,0.002888
veracity,3,0.002888
welcome,3,0.002888
healing,3,0.002888
patrick,3,0.002888
green,3,0.002888
familiarity,3,0.002888
citizen,3,0.002888
juvenal,3,0.002888
perpetuity,3,0.002888
despight,3,0.002888
reply,3,0.002888
conception,3,0.002888
monarch,3,0.002888
french,3,0.002888
wouldest,3,0.002888
seemest,3,0.002888
thousand,3,0.002888
implacables,3,0.002888
litter,3,0.002888
vallens,3,0.002888
reality,3,0.002888
scissors,3,0.002888
sheepishness,3,0.002888
breathing,3,0.002888
hitherto,3,0.002888
demon,3,0.002888
beaumont,3,0.002888
ance,3,0.002888
pannier,3,0.002888
fyste,3,0.002888
province,3,0.002888
turk,3,0.002888
garret,3,0.002888
rths,3,0.002888
stare,3,0.002888
young,3,0.002888
pledge,3,0.002888
shakspeare,3,0.002888
foresight,3,0.002888
representative,3,0.002888
interim,3,0.002888
cover,3,0.002888
sealing,3,0.002888
addition,3,0.002888
underwood,3,0.002888
prevarication,3,0.002888
premeditation,3,0.002888
equality,3,0.002888
throne,3,0.002888
nod,3,0.002888
prevention,3,0.002888
besought,3,0.002888
velvet,3,0.002888
cloud,3,0.002888
colour,3,0.002888
obliger,3,0.002888
canaille,3,0.002888
unwillingness,3,0.002888
straw,3,0.002888
equivalent,3,0.002888
meal,3,0.002888
discomfort,3,0.002888
prelude,3,0.002888
privilege,3,0.002888
dart,3,0.002888
bantam,3,0.002888
pheasant,3,0.002888
violetta,3,0.002888
cleante,3,0.002888
clelia,3,0.002888
confidant,3,0.002888
breed,3,0.002888
tradesman,3,0.002888
interposition,3,0.002888
sensible,3,0.002888
standing,3,0.002888
search,3,0.002888
gap,3,0.002888
oppression,3,0.002888
wire,3,0.002888
apron,3,0.002888
poultry,3,0.002888
tower,3,0.002888
comply,3,0.002888
deceitfulness,3,0.002888
beacon,3,0.002888
gasp,3,0.002888
anxiety,3,0.002888
gayer,3,0.002888
disunion,3,0.002888
summons,3,0.002888
sweetheart,3,0.002888
chap,3,0.002888
margery,3,0.002888
sportiveness,3,0.002888
plead,3,0.002888
swimming,3,0.002888
reluctance,3,0.002888
charlottecharlotte,3,0.002888
demise,3,0.002888
orange,3,0.002888
quantity,3,0.002888
extreme,3,0.002888
adulation,3,0.002888
leaf,3,0.002888
stander,3,0.002888
durst,3,0.002888
thunderbolt,3,0.002888
orb,3,0.002888
enterprize,3,0.002888
celebration,3,0.002888
predominance,3,0.002888
client,3,0.002888
preferment,3,0.002888
specific,3,0.002888
lying,3,0.002888
christening,3,0.002888
assistant,3,0.002888
heraldry,3,0.002888
infection,3,0.002888
grimace,3,0.002888
perpetration,3,0.002888
concert,3,0.002888
extremis,3,0.002888
advance,3,0.002888
stop,3,0.002888
onwards,3,0.002888
supply,3,0.002888
paw,3,0.002888
drum,3,0.002888
headstrongness,3,0.002888
recess,3,0.002888
beggar,3,0.002888
spleen,3,0.002888
severest,3,0.002888
trifler,3,0.002888
ravisher,3,0.002888
prey,3,0.002888
isle,3,0.002888
kindred,3,0.002888
immortality,3,0.002888
shroud,3,0.002888
shakespeare,3,0.002888
yield,3,0.002888
horror,3,0.002888
beholder,3,0.002888
outside,3,0.002888
smithmr,3,0.002888
hat,3,0.002888
johnjohn,3,0.002888
disposal,3,0.002888
shaft,3,0.002888
manhood,3,0.002888
circle,3,0.002888
malefactor,3,0.002888
duel,3,0.002888
prosperity,3,0.002888
heavy,3,0.002888
sistercould,3,0.002888
immodest,3,0.002888
misbehaviour,3,0.002888
neighbourhood,3,0.002888
guide,3,0.002888
relationship,3,0.002888
undressing,3,0.002888
weaning,3,0.002888
voyage,3,0.002888
novel,3,0.002888
divinity,3,0.002888
scrutiny,3,0.002888
delusion,3,0.002888
composition,3,0.002888
shortness,3,0.002888
bearer,3,0.002888
conveniency,3,0.002888
riot,3,0.002888
august,3,0.002888
lowness,3,0.002888
tranquillity,3,0.002888
diver,3,0.002888
misty,3,0.002888
consultation,3,0.002888
tenure,3,0.002888
owl,3,0.002888
agony,3,0.002888
speaking,3,0.002888
y,3,0.002888
scarf,3,0.002888
tune,3,0.002888
strut,3,0.002888
peacock,3,0.002888
ense,3,0.002888
ogency,3,0.002888
ools,3,0.002888
fain,3,0.002888
enlargement,3,0.002888
sleep,3,0.002888
overspread,3,0.002888
boson,3,0.002888
unfelt,3,0.002888
sleeper,3,0.002888
screen,3,0.002888
provision,3,0.002888
rein,3,0.002888
lewdness,3,0.002888
venerables,3,0.002888
metropolis,3,0.002888
blenheim,3,0.002888
inquirer,3,0.002888
eat,3,0.002888
discharge,3,0.002888
cup,3,0.002888
composure,3,0.002888
bond,3,0.002888
hereafter,3,0.002888
lace,3,0.002888
prescription,3,0.002888
fiend,3,0.002888
purchaser,3,0.002888
paragraph,3,0.002888
attraction,3,0.002888
pip,3,0.002888
roup,3,0.002888
cloaking,3,0.002888
rat,3,0.002888
gallows,3,0.002888
plunge,3,0.002888
steerage,3,0.002888
censorious,3,0.002888
desperation,3,0.002888
current,3,0.002888
dispraise,3,0.002888
negative,3,0.002888
gloominess,3,0.002888
screw,3,0.002888
harshness,3,0.002888
conjurer,3,0.002888
ward,3,0.002888
raise,3,0.002888
lenity,3,0.002888
knightsbridge,3,0.002888
shake,3,0.002888
vouchsafe,3,0.002888
fortitude,3,0.002888
heightenings,3,0.002888
cord,3,0.002888
basis,3,0.002888
fracture,3,0.002888
farmer,3,0.002888
anderson,3,0.002888
irreverend,3,0.002888
metatarsus,3,0.002888
tibia,3,0.002888
fibula,3,0.002888
patella,3,0.002888
talus,3,0.002888
tib,3,0.002888
posticus,3,0.002888
anticus,3,0.002888
acetabulum,3,0.002888
ischion,3,0.002888
trochanter,3,0.002888
glut,3,0.002888
lividus,3,0.002888
rotators,3,0.002888
cartilage,3,0.002888
thigh,3,0.002888
toe,3,0.002888
hip,3,0.002888
dreg,3,0.002888
stew,3,0.002888
brothel,3,0.002888
sneer,3,0.002888
atonement,3,0.002888
gainer,3,0.002888
testator,3,0.002888
perquisite,3,0.002888
collection,3,0.002888
blank,3,0.002888
plague,3,0.002888
tenement,3,0.002888
chancellor,3,0.002888
portsmouth,3,0.002888
imperfection,3,0.002888
medium,3,0.002888
intimacy,3,0.002888
nun,3,0.002888
mishap,3,0.002888
purse,3,0.002888
lament,3,0.002888
luxury,3,0.002888
glare,3,0.002888
masquerade,3,0.002888
gallantry,3,0.002888
duelling,3,0.002888
catalogue,3,0.002888
mite,3,0.002888
tamerlane,3,0.002888
ulysses,3,0.002888
ph,3,0.002888
dra,3,0.002888
hippolitus,3,0.002888
waver,3,0.002888
plane,3,0.002888
sullenness,3,0.002888
xi,3,0.002888
chaplain,3,0.002888
inconsideration,3,0.002888
flattery,3,0.002888
fix,3,0.002888
captive,3,0.002888
ancestry,3,0.002888
phyllirea,3,0.002888
insomuch,3,0.002888
boundary,3,0.002888
unfit,3,0.002888
gedde,3,0.002888
tract,3,0.002888
semele,3,0.002888
thunderer,3,0.002888
unpoliteness,3,0.002888
cecil,3,0.002888
poignancy,3,0.002888
evidense,3,0.002888
batirton,3,0.002888
hedd,3,0.002888
cole,3,0.002888
macking,3,0.002888
varience,3,0.002888
throtes,3,0.002888
seemes,3,0.002888
generation,3,0.002888
xviii,3,0.002888
bug,3,0.002888
balance,3,0.002888
impossibility,3,0.002888
exile,3,0.002888
unexceptionable,3,0.002888
grudge,3,0.002888
incivility,3,0.002888
garner,3,0.002888
acquisition,3,0.002888
aggrandizement,3,0.002888
nunnery,3,0.002888
ascendant,3,0.002888
avowal,3,0.002888
correspondencies,3,0.002888
peculiarity,3,0.002888
repose,3,0.002888
stead,3,0.002888
politest,3,0.002888
indigence,3,0.002888
leader,3,0.002888
hart,3,0.002888
trespass,3,0.002888
freelivers,3,0.002888
insignificance,3,0.002888
trace,3,0.002888
moralist,3,0.002888
obligingness,3,0.002888
bench,3,0.002888
worthier,3,0.002888
preaching,3,0.002888
solcombe,3,0.002888
anthony,3,0.002888
holmes,3,0.002888
harangue,3,0.002888
symptom,3,0.002888
estimation,3,0.002888
bead,3,0.002888
hunter,3,0.002888
achievement,3,0.002888
juan,3,0.002888
austria,3,0.002888
squeamishness,3,0.002888
george,3,0.002888
colmar,3,0.002888
tyranness,3,0.002888
though,3,0.002888
behavior,3,0.002888
goose,3,0.002888
rant,3,0.002888
procrastination,3,0.002888
beech,3,0.002888
parader,3,0.002888
government,3,0.002888
ganmore,3,0.002888
infidelity,2,0.001925
nerve,2,0.001925
fibre,2,0.001925
ailment,2,0.001925
tormentor,2,0.001925
meat,2,0.001925
throb,2,0.001925
rotherhithe,2,0.001925
anything,2,0.001925
spread,2,0.001925
correspond,2,0.001925
modestest,2,0.001925
knack,2,0.001925
estgainers,2,0.001925
williams,2,0.001925
precipitation,2,0.001925
sensation,2,0.001925
dotage,2,0.001925
petitioner,2,0.001925
thinkest,2,0.001925
pardonable,2,0.001925
licentiousness,2,0.001925
adoration,2,0.001925
maturity,2,0.001925
prop,2,0.001925
disaster,2,0.001925
paddock,2,0.001925
dorastus,2,0.001925
faunia,2,0.001925
cry,2,0.001925
unbar,2,0.001925
treachery,2,0.001925
espousal,2,0.001925
sobbing,2,0.001925
slumber,2,0.001925
internuncioship,2,0.001925
re,2,0.001925
infernal,2,0.001925
habitation,2,0.001925
refreshment,2,0.001925
decanter,2,0.001925
muswell,2,0.001925
leap,2,0.001925
breaker,2,0.001925
margin,2,0.001925
em,2,0.001925
proctor,2,0.001925
sheep,2,0.001925
palliation,2,0.001925
spanish,2,0.001925
gaudier,2,0.001925
trapping,2,0.001925
trix,2,0.001925
sovereign,2,0.001925
idleness,2,0.001925
landlady,2,0.001925
hendon,2,0.001925
heath,2,0.001925
on,2,0.001925
familiar,2,0.001925
host,2,0.001925
dissimulation,2,0.001925
likeness,2,0.001925
unhand,2,0.001925
enough,2,0.001925
favou,2,0.001925
surname,2,0.001925
parliament,2,0.001925
listners,2,0.001925
disavowal,2,0.001925
inferiority,2,0.001925
boarder,2,0.001925
correction,2,0.001925
fetherstone,2,0.001925
laetitia,2,0.001925
mariamne,2,0.001925
caption,2,0.001925
movement,2,0.001925
rush,2,0.001925
longs,2,0.001925
simper,2,0.001925
punctilious,2,0.001925
beam,2,0.001925
altitude,2,0.001925
rainbow,2,0.001925
perversest,2,0.001925
larking,2,0.001925
bustle,2,0.001925
doer,2,0.001925
battle,2,0.001925
rectitude,2,0.001925
entreat,2,0.001925
soninlaw,2,0.001925
incense,2,0.001925
theme,2,0.001925
song,2,0.001925
digression,2,0.001925
ruling,2,0.001925
elizabeth,2,0.001925
fatherinlaw,2,0.001925
gaoleress,2,0.001925
halfe,2,0.001925
wrath,2,0.001925
reversion,2,0.001925
recapitulation,2,0.001925
property,2,0.001925
obliquity,2,0.001925
whets,2,0.001925
mention,2,0.001925
pitties,2,0.001925
gentlefolk,2,0.001925
dew,2,0.001925
sadler,2,0.001925
inclemency,2,0.001925
tool,2,0.001925
duce,2,0.001925
confessionaire,2,0.001925
dash,2,0.001925
check,2,0.001925
uncontroulable,2,0.001925
flatterer,2,0.001925
accounting,2,0.001925
persuadableness,2,0.001925
cunning,2,0.001925
moon,2,0.001925
say,2,0.001925
slipping,2,0.001925
landing,2,0.001925
bid,2,0.001925
hunt,2,0.001925
bespoken,2,0.001925
riser,2,0.001925
judicature,2,0.001925
wood,2,0.001925
gracefulness,2,0.001925
thorn,2,0.001925
annum,2,0.001925
communicativeness,2,0.001925
madness,2,0.001925
iniquity,2,0.001925
east,2,0.001925
constancy,2,0.001925
resistless,2,0.001925
iron,2,0.001925
urchin,2,0.001925
harriot,2,0.001925
lucas,2,0.001925
dowse,2,0.001925
damnation,2,0.001925
holiday,2,0.001925
gang,2,0.001925
gipsey,2,0.001925
chaff,2,0.001925
stubble,2,0.001925
fish,2,0.001925
bull,2,0.001925
termagant,2,0.001925
prostration,2,0.001925
highwayman,2,0.001925
obtaining,2,0.001925
first,2,0.001925
borough,2,0.001925
solomon,2,0.001925
sprightly,2,0.001925
dare,2,0.001925
solicitor,2,0.001925
chorus,2,0.001925
deliverance,2,0.001925
apple,2,0.001925
fly,2,0.001925
chagrin,2,0.001925
neveer,2,0.001925
opiate,2,0.001925
entry,2,0.001925
livest,2,0.001925
coast,2,0.001925
passer,2,0.001925
averment,2,0.001925
fiametta,2,0.001925
imbecility,2,0.001925
transport,2,0.001925
attempter,2,0.001925
memoranda,2,0.001925
memorandum,2,0.001925
ankle,2,0.001925
adorer,2,0.001925
dose,2,0.001925
blundering,2,0.001925
birthright,2,0.001925
magistrate,2,0.001925
pit,2,0.001925
detention,2,0.001925
bribress,2,0.001925
emphasis,2,0.001925
recital,2,0.001925
mannered,2,0.001925
imposture,2,0.001925
devill,2,0.001925
cellar,2,0.001925
simplicity,2,0.001925
inside,2,0.001925
bishop,2,0.001925
hodges,2,0.001925
forgery,2,0.001925
boddy,2,0.001925
plaintiveness,2,0.001925
gratify,2,0.001925
midst,2,0.001925
showing,2,0.001925
blushing,2,0.001925
censoriousness,2,0.001925
glenham,2,0.001925
insulter,2,0.001925
palating,2,0.001925
covenant,2,0.001925
accomplice,2,0.001925
atkins,2,0.001925
knoweth,2,0.001925
invoker,2,0.001925
think,2,0.001925
softening,2,0.001925
ecstasy,2,0.001925
where,2,0.001925
venice,2,0.001925
altamont,2,0.001925
lothario,2,0.001925
suicide,2,0.001925
monitor,2,0.001925
disloyalty,2,0.001925
grin,2,0.001925
trade,2,0.001925
pollard,2,0.001925
scot,2,0.001925
prate,2,0.001925
hurt,2,0.001925
cossack,2,0.001925
lovelacelovelace,2,0.001925
sparrow,2,0.001925
top,2,0.001925
proposest,2,0.001925
deer,2,0.001925
oer,2,0.001925
spectre,2,0.001925
lee,2,0.001925
leaving,2,0.001925
babbling,2,0.001925
sweat,2,0.001925
retinue,2,0.001925
bugbear,2,0.001925
maintenon,2,0.001925
venture,2,0.001925
gallery,2,0.001925
dos,2,0.001925
slop,2,0.001925
weed,2,0.001925
soil,2,0.001925
existence,2,0.001925
oar,2,0.001925
repining,2,0.001925
molester,2,0.001925
run,2,0.001925
xxix,2,0.001925
abjectness,2,0.001925
petulance,2,0.001925
other,2,0.001925
eagle,2,0.001925
fleet,2,0.001925
calmness,2,0.001925
occurrence,2,0.001925
turnpike,2,0.001925
capitulating,2,0.001925
orsons,2,0.001925
fist,2,0.001925
maniac,2,0.001925
italic,2,0.001925
martish,2,0.001925
whitener,2,0.001925
blackener,2,0.001925
milliner,2,0.001925
barker,2,0.001925
manteau,2,0.001925
surmise,2,0.001925
hatton,2,0.001925
cutter,2,0.001925
burial,2,0.001925
blossom,2,0.001925
officious,2,0.001925
bulk,2,0.001925
regularity,2,0.001925
pocock,2,0.001925
communion,2,0.001925
calm,2,0.001925
forward,2,0.001925
acton,2,0.001925
hammersmith,2,0.001925
offspring,2,0.001925
remains,2,0.001925
rival,2,0.001925
clock,2,0.001925
spice,2,0.001925
prose,2,0.001925
entence,2,0.001925
est,2,0.001925
sage,2,0.001925
walton,2,0.001925
hose,2,0.001925
virgil,2,0.001925
hristian,2,0.001925
enor,2,0.001925
thine,2,0.001925
deplores,2,0.001925
stream,2,0.001925
bedford,2,0.001925
pagan,2,0.001925
applauder,2,0.001925
thumb,2,0.001925
find,2,0.001925
handwriting,2,0.001925
arraignment,2,0.001925
brief,2,0.001925
grimalkins,2,0.001925
fare,2,0.001925
marplot,2,0.001925
talkest,2,0.001925
benson,2,0.001925
covent,2,0.001925
sheriff,2,0.001925
shouldst,2,0.001925
lybian,2,0.001925
desarts,2,0.001925
element,2,0.001925
soily,2,0.001925
eyelid,2,0.001925
con,2,0.001925
oracle,2,0.001925
undeserving,2,0.001925
load,2,0.001925
forbearing,2,0.001925
lily,2,0.001925
soothings,2,0.001925
scurvy,2,0.001925
bullet,2,0.001925
rust,2,0.001925
shouldest,2,0.001925
intervention,2,0.001925
ravage,2,0.001925
advancer,2,0.001925
barbarity,2,0.001925
explanation,2,0.001925
howedear,2,0.001925
blasphemy,2,0.001925
vestal,2,0.001925
arrears,2,0.001925
essay,2,0.001925
penalty,2,0.001925
xxxi,2,0.001925
needful,2,0.001925
solitude,2,0.001925
transgression,2,0.001925
fountain,2,0.001925
benefactress,2,0.001925
portion,2,0.001925
heiress,2,0.001925
attorney,2,0.001925
regimen,2,0.001925
xcuse,2,0.001925
salute,2,0.001925
playford,2,0.001925
neas,2,0.001925
persuasion,2,0.001925
dogma,2,0.001925
four,2,0.001925
allusion,2,0.001925
gospel,2,0.001925
tarquin,2,0.001925
proceeds,2,0.001925
rote,2,0.001925
pomp,2,0.001925
dissertation,2,0.001925
quiet,2,0.001925
lvi,2,0.001925
classic,2,0.001925
import,2,0.001925
leghorn,2,0.001925
piccadilly,2,0.001925
kensington,2,0.001925
hunger,2,0.001925
honoured,2,0.001925
salt,2,0.001925
compeer,2,0.001925
shallowness,2,0.001925
revolution,2,0.001925
operator,2,0.001925
farewell,2,0.001925
monitress,2,0.001925
comfortings,2,0.001925
their,2,0.001925
unknown,2,0.001925
auditor,2,0.001925
industry,2,0.001925
bound,2,0.001925
necklace,2,0.001925
solitaire,2,0.001925
buckle,2,0.001925
preamble,2,0.001925
disputant,2,0.001925
recommendation,2,0.001925
16th,2,0.001925
september,2,0.001925
receipt,2,0.001925
ersons,2,0.001925
scoff,2,0.001925
allotment,2,0.001925
orator,2,0.001925
understandest,2,0.001925
threescore,2,0.001925
dock,2,0.001925
chatham,2,0.001925
solicitous,2,0.001925
selfdefence,2,0.001925
attainment,2,0.001925
cement,2,0.001925
yoke,2,0.001925
elevation,2,0.001925
range,2,0.001925
cut,2,0.001925
sail,2,0.001925
facility,2,0.001925
javelin,2,0.001925
gloom,2,0.001925
niggardliness,2,0.001925
hearer,2,0.001925
regular,2,0.001925
reform,2,0.001925
bend,2,0.001925
matthew,2,0.001925
salem,2,0.001925
howsomever,2,0.001925
footing,2,0.001925
supreme,2,0.001925
effusion,2,0.001925
cit,2,0.001925
celestials,2,0.001925
awakening,2,0.001925
deviation,2,0.001925
exclusion,2,0.001925
imitation,2,0.001925
aristotle,2,0.001925
addison,2,0.001925
fable,2,0.001925
main,2,0.001925
ripheus,2,0.001925
athenian,2,0.001925
critic,2,0.001925
frequenter,2,0.001925
ranelagh,2,0.001925
vauxhall,2,0.001925
howeanna,2,0.001925
rite,2,0.001925
turning,2,0.001925
inne,2,0.001925
product,2,0.001925
cuff,2,0.001925
rear,2,0.001925
stake,2,0.001925
husbandman,2,0.001925
finch,2,0.001925
watchfulness,2,0.001925
leaven,2,0.001925
complainings,2,0.001925
demeanor,2,0.001925
impertinency,2,0.001925
wonderment,2,0.001925
nobler,2,0.001925
clodius,2,0.001925
bloom,2,0.001925
passive,2,0.001925
canon,2,0.001925
vi,2,0.001925
camelion,2,0.001925
humiliation,2,0.001925
siring,2,0.001925
elegance,2,0.001925
integrity,2,0.001925
vermin,2,0.001925
tempest,2,0.001925
booby,2,0.001925
vas,2,0.001925
pot,2,0.001925
peccadilla,2,0.001925
compound,2,0.001925
theory,2,0.001925
superfluity,2,0.001925
unthought,2,0.001925
evasion,2,0.001925
streight,2,0.001925
passiveness,2,0.001925
waist,2,0.001925
display,2,0.001925
cuzzen,2,0.001925
shase,2,0.001925
younge,2,0.001925
mistriss,2,0.001925
titus,2,0.001925
harte,2,0.001925
whatsomever,2,0.001925
blew,2,0.001925
bore,2,0.001925
gesting,2,0.001925
harme,2,0.001925
taute,2,0.001925
mischeff,2,0.001925
endes,2,0.001925
boil,2,0.001925
xxiv,2,0.001925
volunteer,2,0.001925
augur,2,0.001925
gin,2,0.001925
syllable,2,0.001925
niobe,2,0.001925
vine,2,0.001925
plough,2,0.001925
woodhouse,2,0.001925
rencounter,2,0.001925
godmother,2,0.001925
deposit,2,0.001925
stamp,2,0.001925
insatiate,2,0.001925
nuptial,2,0.001925
foil,2,0.001925
cross,2,0.001925
sauciness,2,0.001925
gilding,2,0.001925
sternness,2,0.001925
undutiful,2,0.001925
exchange,2,0.001925
precipitance,2,0.001925
supposal,2,0.001925
fleer,2,0.001925
badness,2,0.001925
covetousness,2,0.001925
hempen,2,0.001925
matrimonial,2,0.001925
experiment,2,0.001925
exterior,2,0.001925
coronet,2,0.001925
infancy,2,0.001925
subsistence,2,0.001925
obscurity,2,0.001925
schoolmaster,2,0.001925
wisher,2,0.001925
fruition,2,0.001925
knave,2,0.001925
premise,2,0.001925
indiscreet,2,0.001925
disobligations,2,0.001925
uncheerful,2,0.001925
grandchild,2,0.001925
fal,2,0.001925
lal,2,0.001925
unsisterliness,2,0.001925
oftenest,2,0.001925
royal,2,0.001925
berk,2,0.001925
jew,2,0.001925
suitor,2,0.001925
alderman,2,0.001925
halcyon,2,0.001925
twirl,2,0.001925
insincerity,2,0.001925
complimenter,2,0.001925
maturest,2,0.001925
should,2,0.001925
doubling,2,0.001925
arch,2,0.001925
exceptionable,2,0.001925
ignorance,2,0.001925
pitiable,2,0.001925
cage,2,0.001925
quadruped,2,0.001925
lobster,2,0.001925
sauce,2,0.001925
treason,2,0.001925
fox,2,0.001925
willingness,2,0.001925
gradation,2,0.001925
similitude,2,0.001925
compromise,2,0.001925
slowness,2,0.001925
hinge,2,0.001925
feel,2,0.001925
sunburnt,2,0.001925
belo,2,0.001925
blindness,2,0.001925
slander,2,0.001925
wherefore,2,0.001925
irresolution,2,0.001925
sketch,2,0.001925
translator,2,0.001925
mentionest,2,0.001925
tyrannically,2,0.001925
access,2,0.001925
xxiii,2,0.001925
notable,2,0.001925
impiety,2,0.001925
climacteric,2,0.001925
lovelacelet,2,0.001925
disapproves,2,0.001925
accidental,2,0.001925
monopoly,2,0.001925
move,2,0.001925
embryo,2,0.001925
designer,2,0.001925
gala,2,0.001925
yea,2,0.001925
ajax,2,0.001925
contriver,2,0.001925
surprize,1,0.000963
pleasanter,1,0.000963
ipecacuanha,1,0.000963
visiter,1,0.000963
devilson,1,0.000963
pass,1,0.000963
garb,1,0.000963
natural,1,0.000963
nomination,1,0.000963
reconciliatory,1,0.000963
cavil,1,0.000963
enow,1,0.000963
adroitness,1,0.000963
loggerhead,1,0.000963
repulse,1,0.000963
ritchard,1,0.000963
left,1,0.000963
attire,1,0.000963
extension,1,0.000963
original,1,0.000963
precedent,1,0.000963
acknowledgment,1,0.000963
requisite,1,0.000963
icicle,1,0.000963
dangler,1,0.000963
elect,1,0.000963
engrossment,1,0.000963
swell,1,0.000963
cavalcade,1,0.000963
pamela,1,0.000963
engine,1,0.000963
cowley,1,0.000963
definition,1,0.000963
corrective,1,0.000963
paragon,1,0.000963
futurity,1,0.000963
machinery,1,0.000963
countermarch,1,0.000963
loyalty,1,0.000963
tar,1,0.000963
epitome,1,0.000963
cohabitation,1,0.000963
heaving,1,0.000963
consternation,1,0.000963
buz,1,0.000963
undrest,1,0.000963
bitterer,1,0.000963
elocution,1,0.000963
fr,1,0.000963
assemblage,1,0.000963
hanging,1,0.000963
rubicon,1,0.000963
impeachment,1,0.000963
servitude,1,0.000963
abhor,1,0.000963
snuffling,1,0.000963
syren,1,0.000963
witticism,1,0.000963
mood,1,0.000963
doe,1,0.000963
damnable,1,0.000963
park,1,0.000963
brawl,1,0.000963
verdict,1,0.000963
shin,1,0.000963
stumble,1,0.000963
highgate,1,0.000963
kentish,1,0.000963
harbour,1,0.000963
abet,1,0.000963
ev,1,0.000963
irreverence,1,0.000963
index,1,0.000963
peruse,1,0.000963
kow,1,0.000963
pro,1,0.000963
com,1,0.000963
pany,1,0.000963
marianne,1,0.000963
comforter,1,0.000963
forgive,1,0.000963
clumsiness,1,0.000963
dii,1,0.000963
majores,1,0.000963
minores,1,0.000963
endangering,1,0.000963
impute,1,0.000963
stray,1,0.000963
tax,1,0.000963
feint,1,0.000963
throw,1,0.000963
slipper,1,0.000963
beforend,1,0.000963
hereaway,1,0.000963
logins,1,0.000963
hudibras,1,0.000963
juggler,1,0.000963
sleight,1,0.000963
eloping,1,0.000963
cheer,1,0.000963
mist,1,0.000963
lark,1,0.000963
kit,1,0.000963
drapery,1,0.000963
rawlin,1,0.000963
covering,1,0.000963
cane,1,0.000963
palpitation,1,0.000963
complication,1,0.000963
pontificate,1,0.000963
conclave,1,0.000963
abouts,1,0.000963
flood,1,0.000963
meridian,1,0.000963
slut,1,0.000963
robber,1,0.000963
hurricane,1,0.000963
relict,1,0.000963
explanantion,1,0.000963
disbelief,1,0.000963
clench,1,0.000963
casuist,1,0.000963
skeptic,1,0.000963
wisp,1,0.000963
herodian,1,0.000963
listening,1,0.000963
rawlinsmiss,1,0.000963
pat,1,0.000963
witch,1,0.000963
maidenhead,1,0.000963
commerce,1,0.000963
lookout,1,0.000963
feat,1,0.000963
breech,1,0.000963
hook,1,0.000963
interception,1,0.000963
nick,1,0.000963
tot,1,0.000963
paramour,1,0.000963
crow,1,0.000963
quill,1,0.000963
waltham,1,0.000963
let,1,0.000963
northampton,1,0.000963
frown,1,0.000963
rebuff,1,0.000963
drift,1,0.000963
tittle,1,0.000963
siren,1,0.000963
april,1,0.000963
mistiness,1,0.000963
manliness,1,0.000963
fearfulness,1,0.000963
manager,1,0.000963
sprightliness,1,0.000963
lancaster,1,0.000963
mortgagee,1,0.000963
initial,1,0.000963
theirs,1,0.000963
behoves,1,0.000963
georgic,1,0.000963
vocative,1,0.000963
vii,1,0.000963
scribbler,1,0.000963
pervicacy,1,0.000963
constraint,1,0.000963
prank,1,0.000963
presumer,1,0.000963
romanticness,1,0.000963
sufficiency,1,0.000963
some,1,0.000963
moderator,1,0.000963
toy,1,0.000963
divide,1,0.000963
confess,1,0.000963
patriot,1,0.000963
humourousness,1,0.000963
ejectments,1,0.000963
enmity,1,0.000963
dependency,1,0.000963
persecutor,1,0.000963
philip,1,0.000963
ii,1,0.000963
sarcasm,1,0.000963
pinch,1,0.000963
our,1,0.000963
farthing,1,0.000963
slighter,1,0.000963
peculiars,1,0.000963
intimate,1,0.000963
oaklings,1,0.000963
mighty,1,0.000963
smartness,1,0.000963
brilliancy,1,0.000963
stupidity,1,0.000963
pertness,1,0.000963
wandering,1,0.000963
wig,1,0.000963
hoar,1,0.000963
frost,1,0.000963
wavering,1,0.000963
promiser,1,0.000963
competition,1,0.000963
cavern,1,0.000963
sullens,1,0.000963
jenny,1,0.000963
fynnett,1,0.000963
workman,1,0.000963
lack,1,0.000963
tug,1,0.000963
bane,1,0.000963
atone,1,0.000963
billow,1,0.000963
expatiating,1,0.000963
cascade,1,0.000963
impediment,1,0.000963
trifling,1,0.000963
obstruction,1,0.000963
alehouse,1,0.000963
garrison,1,0.000963
censurers,1,0.000963
cravat,1,0.000963
hoop,1,0.000963
circumference,1,0.000963
palliative,1,0.000963
viper,1,0.000963
horseman,1,0.000963
unworthiness,1,0.000963
partition,1,0.000963
umbrage,1,0.000963
amount,1,0.000963
tyraness,1,0.000963
fanning,1,0.000963
cringing,1,0.000963
wherewith,1,0.000963
saying,1,0.000963
peerage,1,0.000963
despicably,1,0.000963
soliloquy,1,0.000963
must,1,0.000963
ettlements,1,0.000963
bye,1,0.000963
remissness,1,0.000963
athens,1,0.000963
following,1,0.000963
unacquaintedness,1,0.000963
palliate,1,0.000963
xxxix,1,0.000963
interruption,1,0.000963
xl,1,0.000963
napkin,1,0.000963
withdrawing,1,0.000963
imprisonment,1,0.000963
landscape,1,0.000963
goblin,1,0.000963
specter,1,0.000963
noncompliance,1,0.000963
giddiness,1,0.000963
distressful,1,0.000963
heareth,1,0.000963
moses,1,0.000963
watchman,1,0.000963
dh,1,0.000963
dupe,1,0.000963
dinnering,1,0.000963
upwards,1,0.000963
opposer,1,0.000963
manifold,1,0.000963
puling,1,0.000963
couldest,1,0.000963
welter,1,0.000963
diest,1,0.000963
scarficators,1,0.000963
gratifiers,1,0.000963
sable,1,0.000963
watching,1,0.000963
arduousness,1,0.000963
insensible,1,0.000963
equanimity,1,0.000963
capitulation,1,0.000963
sovereignty,1,0.000963
belike,1,0.000963
smack,1,0.000963
governess,1,0.000963
bedlam,1,0.000963
tomb,1,0.000963
disinterestedness,1,0.000963
sayest,1,0.000963
enterpriser,1,0.000963
deptford,1,0.000963
norwood,1,0.000963
trap,1,0.000963
phalaris,1,0.000963
artist,1,0.000963
warehouse,1,0.000963
complainant,1,0.000963
braver,1,0.000963
universi,1,0.000963
restitution,1,0.000963
chattel,1,0.000963
lining,1,0.000963
barbara,1,0.000963
complexion,1,0.000963
loan,1,0.000963
charmingly,1,0.000963
leer,1,0.000963
resource,1,0.000963
tress,1,0.000963
causeless,1,0.000963
dispairedst,1,0.000963
socrates,1,0.000963
agitation,1,0.000963
stupifaction,1,0.000963
catalan,1,0.000963
insensibility,1,0.000963
tilting,1,0.000963
fragment,1,0.000963
cub,1,0.000963
iv,1,0.000963
usedst,1,0.000963
moth,1,0.000963
canker,1,0.000963
worm,1,0.000963
damask,1,0.000963
succour,1,0.000963
blister,1,0.000963
ember,1,0.000963
stump,1,0.000963
wariness,1,0.000963
overthrow,1,0.000963
halfday,1,0.000963
passedst,1,0.000963
melancholy,1,0.000963
rustling,1,0.000963
banister,1,0.000963
hysteric,1,0.000963
constable,1,0.000963
shine,1,0.000963
blot,1,0.000963
condemnation,1,0.000963
qualifier,1,0.000963
abasement,1,0.000963
wolf,1,0.000963
pitying,1,0.000963
inmate,1,0.000963
martindale,1,0.000963
grocer,1,0.000963
faintings,1,0.000963
disclaimer,1,0.000963
simpleton,1,0.000963
devilkins,1,0.000963
unchristian,1,0.000963
discontent,1,0.000963
hackney,1,0.000963
bo,1,0.000963
peep,1,0.000963
faithless,1,0.000963
lozenge,1,0.000963
successor,1,0.000963
pericardium,1,0.000963
detainest,1,0.000963
supplication,1,0.000963
gripe,1,0.000963
pursuer,1,0.000963
blaze,1,0.000963
obliging,1,0.000963
permit,1,0.000963
shall,1,0.000963
jade,1,0.000963
unbolt,1,0.000963
farce,1,0.000963
corp,1,0.000963
inversion,1,0.000963
sentinel,1,0.000963
guarantee,1,0.000963
teaster,1,0.000963
nald,1,0.000963
calling,1,0.000963
bolt,1,0.000963
latch,1,0.000963
comer,1,0.000963
goer,1,0.000963
sleeve,1,0.000963
robings,1,0.000963
facing,1,0.000963
tapping,1,0.000963
isaac,1,0.000963
bony,1,0.000963
painter,1,0.000963
observest,1,0.000963
bonfire,1,0.000963
lustring,1,0.000963
laudanum,1,0.000963
kennet,1,0.000963
historian,1,0.000963
crest,1,0.000963
preservation,1,0.000963
roomatise,1,0.000963
rachel,1,0.000963
clark,1,0.000963
tommy,1,0.000963
amiableness,1,0.000963
spurrier,1,0.000963
northamptonshire,1,0.000963
maddam,1,0.000963
hev,1,0.000963
thiss,1,0.000963
cum,1,0.000963
soe,1,0.000963
satirist,1,0.000963
conjecture,1,0.000963
gall,1,0.000963
richness,1,0.000963
repartee,1,0.000963
calumny,1,0.000963
surmisants,1,0.000963
malt,1,0.000963
blistering,1,0.000963
harp,1,0.000963
subornation,1,0.000963
jury,1,0.000963
deemster,1,0.000963
rope,1,0.000963
repeat,1,0.000963
necessary,1,0.000963
porter,1,0.000963
unhappier,1,0.000963
yarmouth,1,0.000963
plantation,1,0.000963
default,1,0.000963
wright,1,0.000963
monimia,1,0.000963
orphean,1,0.000963
belvidera,1,0.000963
athenais,1,0.000963
theodosius,1,0.000963
cordelia,1,0.000963
lear,1,0.000963
desdemona,1,0.000963
othello,1,0.000963
hamlet,1,0.000963
mendest,1,0.000963
jump,1,0.000963
wager,1,0.000963
needest,1,0.000963
niche,1,0.000963
portugal,1,0.000963
jeopardy,1,0.000963
cat,1,0.000963
harlot,1,0.000963
waterside,1,0.000963
boat,1,0.000963
cockloft,1,0.000963
nursling,1,0.000963
debility,1,0.000963
fraud,1,0.000963
hoy,1,0.000963
hercules,1,0.000963
vapour,1,0.000963
oedipus,1,0.000963
pomfret,1,0.000963
thinker,1,0.000963
clammy,1,0.000963
mowbrays,1,0.000963
megrim,1,0.000963
rock,1,0.000963
whimpering,1,0.000963
blomer,1,0.000963
pick,1,0.000963
guesser,1,0.000963
ratcliffe,1,0.000963
bottle,1,0.000963
mansion,1,0.000963
dunstan,1,0.000963
vagary,1,0.000963
impertinencies,1,0.000963
flock,1,0.000963
pensylvania,1,0.000963
arriage,1,0.000963
penance,1,0.000963
endowment,1,0.000963
metaphor,1,0.000963
purport,1,0.000963
obligingly,1,0.000963
nag,1,0.000963
fae,1,0.000963
irreconcileableness,1,0.000963
mea,1,0.000963
harasses,1,0.000963
englishman,1,0.000963
bluntness,1,0.000963
intruder,1,0.000963
nettle,1,0.000963
mowbr,1,0.000963
tincture,1,0.000963
interrogatory,1,0.000963
europe,1,0.000963
lxxix,1,0.000963
hearsay,1,0.000963
boccaccio,1,0.000963
belly,1,0.000963
pavement,1,0.000963
foresaid,1,0.000963
version,1,0.000963
timacy,1,0.000963
nunc,1,0.000963
prece,1,0.000963
onversation,1,0.000963
strictness,1,0.000963
rejoicing,1,0.000963
affluent,1,0.000963
sculptor,1,0.000963
bigness,1,0.000963
slough,1,0.000963
unusualness,1,0.000963
directing,1,0.000963
shelburne,1,0.000963
unconcernedness,1,0.000963
ocean,1,0.000963
aspiration,1,0.000963
drug,1,0.000963
partnership,1,0.000963
welby,1,0.000963
reproacher,1,0.000963
control,1,0.000963
tart,1,0.000963
remit,1,0.000963
peasant,1,0.000963
whimsy,1,0.000963
trou,1,0.000963
howard,1,0.000963
bower,1,0.000963
circlet,1,0.000963
sliding,1,0.000963
consistency,1,0.000963
injurer,1,0.000963
bluster,1,0.000963
dissolution,1,0.000963
shriek,1,0.000963
fram,1,0.000963
brevity,1,0.000963
outsettings,1,0.000963
ere,1,0.000963
dismission,1,0.000963
hunting,1,0.000963
relapse,1,0.000963
serveth,1,0.000963
otto,1,0.000963
riter,1,0.000963
q,1,0.000963
raying,1,0.000963
hroat,1,0.000963
ercy,1,0.000963
ngth,1,0.000963
aughtiness,1,0.000963
er,1,0.000963
poetry,1,0.000963
robabilites,1,0.000963
unction,1,0.000963
oor,1,0.000963
bough,1,0.000963
udy,1,0.000963
verlasting,1,0.000963
deus,1,0.000963
ignavos,1,0.000963
standeth,1,0.000963
remaineth,1,0.000963
pring,1,0.000963
ummer,1,0.000963
amiliarity,1,0.000963
ord,1,0.000963
egantly,1,0.000963
reprieve,1,0.000963
warrant,1,0.000963
dimness,1,0.000963
lightening,1,0.000963
uld,1,0.000963
dictate,1,0.000963
grosser,1,0.000963
knotty,1,0.000963
flurry,1,0.000963
gender,1,0.000963
numbness,1,0.000963
congealment,1,0.000963
righthand,1,0.000963
wed,1,0.000963
irreconcilableness,1,0.000963
jacob,1,0.000963
chapter,1,0.000963
genesis,1,0.000963
damper,1,0.000963
philosophy,1,0.000963
flesh,1,0.000963
rr,1,0.000963
uproar,1,0.000963
rhetorician,1,0.000963
such,1,0.000963
middle,1,0.000963
bitterness,1,0.000963
monarque,1,0.000963
montagues,1,0.000963
saracen,1,0.000963
patsey,1,0.000963
henrietta,1,0.000963
any,1,0.000963
shower,1,0.000963
haggard,1,0.000963
matt,1,0.000963
impudence,1,0.000963
alloy,1,0.000963
tack,1,0.000963
mending,1,0.000963
tile,1,0.000963
brick,1,0.000963
destroyer,1,0.000963
hound,1,0.000963
stab,1,0.000963
brutus,1,0.000963
holborn,1,0.000963
sway,1,0.000963
pestilence,1,0.000963
famine,1,0.000963
brussels,1,0.000963
recoverest,1,0.000963
wrotest,1,0.000963
benignity,1,0.000963
coffee,1,0.000963
oddity,1,0.000963
revival,1,0.000963
touch,1,0.000963
fold,1,0.000963
placation,1,0.000963
unevenness,1,0.000963
teaching,1,0.000963
crop,1,0.000963
sharpness,1,0.000963
instinct,1,0.000963
keeperess,1,0.000963
whip,1,0.000963
waste,1,0.000963
mediator,1,0.000963
wale,1,0.000963
sanderson,1,0.000963
peruke,1,0.000963
baldness,1,0.000963
guiltless,1,0.000963
wink,1,0.000963
die,1,0.000963
makest,1,0.000963
ugliness,1,0.000963
gentry,1,0.000963
governor,1,0.000963
river,1,0.000963
oil,1,0.000963
cot,1,0.000963
shudder,1,0.000963
beachcroft,1,0.000963
volatility,1,0.000963
epsom,1,0.000963
offerer,1,0.000963
proficiency,1,0.000963
laughter,1,0.000963
blackwell,1,0.000963
loveliest,1,0.000963
jelly,1,0.000963
preciseness,1,0.000963
effrontery,1,0.000963
dido,1,0.000963
protestant,1,0.000963
eckius,1,0.000963
enthusiast,1,0.000963
prepossess,1,0.000963
collegian,1,0.000963
job,1,0.000963
solidity,1,0.000963
volume,1,0.000963
liv,1,0.000963
resemblance,1,0.000963
recitative,1,0.000963
toupets,1,0.000963
carrier,1,0.000963
pigeon,1,0.000963
istress,1,0.000963
rashest,1,0.000963
taint,1,0.000963
ren,1,0.000963
meum,1,0.000963
tuum,1,0.000963
meek,1,0.000963
benefice,1,0.000963
incumbent,1,0.000963
lxv,1,0.000963
likest,1,0.000963
larissa,1,0.000963
lxx,1,0.000963
misdeed,1,0.000963
reformado,1,0.000963
tail,1,0.000963
salvation,1,0.000963
repast,1,0.000963
hateth,1,0.000963
hath,1,0.000963
greek,1,0.000963
mith,1,0.000963
shrug,1,0.000963
breviate,1,0.000963
bohemia,1,0.000963
palsy,1,0.000963
pistol,1,0.000963
chop,1,0.000963
anon,1,0.000963
misconstruction,1,0.000963
monster,1,0.000963
bruise,1,0.000963
unmanageableness,1,0.000963
kitchen,1,0.000963
close,1,0.000963
locket,1,0.000963
jolting,1,0.000963
poem,1,0.000963
parallel,1,0.000963
decay,1,0.000963
receptacle,1,0.000963
interpreter,1,0.000963
mane,1,0.000963
salamander,1,0.000963
carter,1,0.000963
monsieur,1,0.000963
garon,1,0.000963
effluvium,1,0.000963
carcase,1,0.000963
science,1,0.000963
sept,1,0.000963
happier,1,0.000963
cease,1,0.000963
casket,1,0.000963
asperity,1,0.000963
congress,1,0.000963
xxvii,1,0.000963
settee,1,0.000963
deprivation,1,0.000963
sunshine,1,0.000963
giver,1,0.000963
is,1,0.000963
jun,1,0.000963
executorships,1,0.000963
out,1,0.000963
someone,1,0.000963
testament,1,0.000963
interposing,1,0.000963
equity,1,0.000963
reflector,1,0.000963
vandyke,1,0.000963
retributive,1,0.000963
heav,1,0.000963
melilot,1,0.000963
comrade,1,0.000963
wrestler,1,0.000963
apostasy,1,0.000963
acting,1,0.000963
swerving,1,0.000963
continent,1,0.000963
wanter,1,0.000963
lucretia,1,0.000963
miser,1,0.000963
biddy,1,0.000963
forge,1,0.000963
pus,1,0.000963
blubber,1,0.000963
starter,1,0.000963
setter,1,0.000963
chivalry,1,0.000963
wapping,1,0.000963
expiation,1,0.000963
avenger,1,0.000963
duke,1,0.000963
contingency,1,0.000963
barbarian,1,0.000963
criminal,1,0.000963
animadversion,1,0.000963
testatrix,1,0.000963
limit,1,0.000963
mule,1,0.000963
crotchet,1,0.000963
expatiate,1,0.000963
fanny,1,0.000963
darlington,1,0.000963
culprit,1,0.000963
attractives,1,0.000963
flourish,1,0.000963
fairness,1,0.000963
evenness,1,0.000963
swiftness,1,0.000963
derivation,1,0.000963
production,1,0.000963
quotation,1,0.000963
slattern,1,0.000963
saul,1,0.000963
parsimony,1,0.000963
profusion,1,0.000963
commandment,1,0.000963
egg,1,0.000963
rising,1,0.000963
distribution,1,0.000963
appropriation,1,0.000963
valetudinarian,1,0.000963
penitentials,1,0.000963
pyraneans,1,0.000963
spain,1,0.000963
vienna,1,0.000963
baron,1,0.000963
windisgrat,1,0.000963
favorita,1,0.000963
craving,1,0.000963
mordens,1,0.000963
clarissamy,1,0.000963
rib,1,0.000963
victory,1,0.000963
confessor,1,0.000963
ejaculation,1,0.000963
whom,1,0.000963
orphan,1,0.000963
den,1,0.000963
gay,1,0.000963
comedy,1,0.000963
parthenissa,1,0.000963
pummel,1,0.000963
intriguer,1,0.000963
exactness,1,0.000963
scepticism,1,0.000963
pulpit,1,0.000963
comic,1,0.000963
balaams,1,0.000963
revelation,1,0.000963
siloam,1,0.000963
luke,1,0.000963
fillet,1,0.000963
apollo,1,0.000963
priest,1,0.000963
pantheus,1,0.000963
nec,1,0.000963
pantheu,1,0.000963
pieta,1,0.000963
ac,1,0.000963
forte,1,0.000963
enrage,1,0.000963
antient,1,0.000963
murmur,1,0.000963
disposer,1,0.000963
decree,1,0.000963
slipt,1,0.000963
exaltation,1,0.000963
bold,1,0.000963
magazine,1,0.000963
altercation,1,0.000963
vehicle,1,0.000963
next,1,0.000963
scabbard,1,0.000963
yielding,1,0.000963
repenters,1,0.000963
stinginess,1,0.000963
gait,1,0.000963
sarvise,1,0.000963
upp,1,0.000963
ambishion,1,0.000963
mischiff,1,0.000963
conshence,1,0.000963
honnest,1,0.000963
grate,1,0.000963
parden,1,0.000963
exsackness,1,0.000963
renunciation,1,0.000963
cook,1,0.000963
chastisement,1,0.000963
sisterinlaw,1,0.000963
snow,1,0.000963
ringlet,1,0.000963
ribband,1,0.000963
rememberest,1,0.000963
filmer,1,0.000963
bustlings,1,0.000963
dissembler,1,0.000963
stain,1,0.000963
cattle,1,0.000963
xv,1,0.000963
volubility,1,0.000963
congratulation,1,0.000963
dominion,1,0.000963
solemnization,1,0.000963
madman,1,0.000963
chace,1,0.000963
madest,1,0.000963
exultation,1,0.000963
nobility,1,0.000963
ennoble,1,0.000963
interlardment,1,0.000963
acquital,1,0.000963
rinaldo,1,0.000963
shun,1,0.000963
symmetry,1,0.000963
vernal,1,0.000963
veil,1,0.000963
bickering,1,0.000963
contriving,1,0.000963
schemer,1,0.000963
punishers,1,0.000963
snake,1,0.000963
disregard,1,0.000963
tiresias,1,0.000963
slyest,1,0.000963
artery,1,0.000963
subordination,1,0.000963
indistinction,1,0.000963
nostrum,1,0.000963
mongership,1,0.000963
fence,1,0.000963
pathos,1,0.000963
selfconfidence,1,0.000963
salvo,1,0.000963
thence,1,0.000963
incumbrance,1,0.000963
ninety,1,0.000963
prodigal,1,0.000963
pedigree,1,0.000963
irreconcilables,1,0.000963
maidservant,1,0.000963
retrieve,1,0.000963
gust,1,0.000963
thrust,1,0.000963
pitchfork,1,0.000963
pacifier,1,0.000963
review,1,0.000963
norfolk,1,0.000963
considerateness,1,0.000963
fallacy,1,0.000963
dover,1,0.000963
dislikings,1,0.000963
precedence,1,0.000963
stud,1,0.000963
besom,1,0.000963
lumber,1,0.000963
fed,1,0.000963
expostulate,1,0.000963
firm,1,0.000963
admonition,1,0.000963
hawk,1,0.000963
disagreeableness,1,0.000963
superciliousness,1,0.000963
curvings,1,0.000963
soho,1,0.000963
leafe,1,0.000963
thote,1,0.000963
harde,1,0.000963
frends,1,0.000963
colde,1,0.000963
dedes,1,0.000963
agen,1,0.000963
furr,1,0.000963
reporte,1,0.000963
sarvante,1,0.000963
accounte,1,0.000963
sowe,1,0.000963
underling,1,0.000963
horsepond,1,0.000963
pelf,1,0.000963
leith,1,0.000963
two,1,0.000963
pale,1,0.000963
inviter,1,0.000963
proposition,1,0.000963
bearing,1,0.000963
adventure,1,0.000963
catechised,1,0.000963
plumb,1,0.000963
endearment,1,0.000963
homer,1,0.000963
champion,1,0.000963
soother,1,0.000963
port,1,0.000963
acquittal,1,0.000963
gayety,1,0.000963
exercise,1,0.000963
v,1,0.000963
diggs,1,0.000963
perturbation,1,0.000963
unskilfulness,1,0.000963
visitor,1,0.000963
blighting,1,0.000963
acquiescence,1,0.000963
illtreatment,1,0.000963
chafing,1,0.000963
boar,1,0.000963
bay,1,0.000963
uncourtliness,1,0.000963
nack,1,0.000963
gathering,1,0.000963
canister,1,0.000963
monosyllable,1,0.000963
interdict,1,0.000963
incitement,1,0.000963
chalk,1,0.000963
lame,1,0.000963
arrogance,1,0.000963
starch,1,0.000963
amblings,1,0.000963
inconveniency,1,0.000963
twentyfour,1,0.000963
prime,1,0.000963
uttermost,1,0.000963
independency,1,0.000963
menial,1,0.000963
saw,1,0.000963
exult,1,0.000963
presumers,1,0.000963
byron,1,0.000963
pill,1,0.000963
won,1,0.000963
unbidden,1,0.000963
evermore,1,0.000963
stooping,1,0.000963
magistracy,1,0.000963
wording,1,0.000963
xix,1,0.000963
battery,1,0.000963
usus,1,0.000963
lengthening,1,0.000963
hazel,1,0.000963
stress,1,0.000963
who,1,0.000963
rod,1,0.000963
knolly,1,0.000963
sportsman,1,0.000963
distortion,1,0.000963
verisimilitude,1,0.000963
promotion,1,0.000963
ja,1,0.000963
prescriber,1,0.000963
bellamy,1,0.000963
slur,1,0.000963
singing,1,0.000963
shackle,1,0.000963
footstool,1,0.000963
assign,1,0.000963
imaginary,1,0.000963
contemporary,1,0.000963
fighting,1,0.000963
hostility,1,0.000963
descendent,1,0.000963
holy,1,0.000963
writ,1,0.000963
dunmow,1,0.000963
flitch,1,0.000963
bully,1,0.000963
versailles,1,0.000963
wicker,1,0.000963
palliating,1,0.000963
egress,1,0.000963
regress,1,0.000963
foe,1,0.000963
dutifulness,1,0.000963
steadfastness,1,0.000963
unlikelihood,1,0.000963
banishment,1,0.000963
urgency,1,0.000963
interior,1,0.000963
reproof,1,0.000963
draw,1,0.000963
equivocation,1,0.000963
discussion,1,0.000963
corporal,1,0.000963
obloquy,1,0.000963
rally,1,0.000963
misogynist,1,0.000963
oblivion,1,0.000963
hopelessness,1,0.000963
retort,1,0.000963
forsooth,1,0.000963
county,1,0.000963
popularity,1,0.000963
fairy,1,0.000963
bravo,1,0.000963
indication,1,0.000963
prolixity,1,0.000963
lovyer,1,0.000963
complimenters,1,0.000963
scipio,1,0.000963
congreve,1,0.000963
cannot,1,0.000963
lifetime,1,0.000963
allegiance,1,0.000963
merchant,1,0.000963
pate,1,0.000963
circumstantials,1,0.000963
nathan,1,0.000963
prophet,1,0.000963
ranting,1,0.000963
rudeness,1,0.000963
consumption,1,0.000963
lung,1,0.000963
milton,1,0.000963
manna,1,0.000963
demeanour,1,0.000963
assenting,1,0.000963
amiss,1,0.000963
uncivil,1,0.000963
casuistry,1,0.000963
extenuation,1,0.000963
mercury,1,0.000963
flash,1,0.000963
disobligation,1,0.000963
simile,1,0.000963
sustenance,1,0.000963
blandishment,1,0.000963
claw,1,0.000963
kitten,1,0.000963
talon,1,0.000963
catsticks,1,0.000963
egad,1,0.000963
correspondest,1,0.000963
and,1,0.000963
sofa,1,0.000963
penury,1,0.000963
impure,1,0.000963
estray,1,0.000963
xx,1,0.000963
observes,1,0.000963
peevishness,1,0.000963
military,1,0.000963
lieutenant,1,0.000963
ensign,1,0.000963
brings,1,0.000963
subjugation,1,0.000963
terence,1,0.000963
annunciation,1,0.000963
xxii,1,0.000963
anybody,1,0.000963
dawning,1,0.000963
fretchvill,1,0.000963
chocolate,1,0.000963
adviser,1,0.000963
procedure,1,0.000963
inviolate,1,0.000963
sacrilege,1,0.000963
blast,1,0.000963
chiding,1,0.000963
eclipser,1,0.000963
rankling,1,0.000963
naughty,1,0.000963
footstep,1,0.000963
uniformity,1,0.000963
planter,1,0.000963
agreement,1,0.000963
donation,1,0.000963
xxxiii,1,0.000963
pier,1,0.000963
seasoning,1,0.000963
bush,1,0.000963
crystal,1,0.000963
slide,1,0.000963
lways,1,0.000963
veterum,1,0.000963
butcher,1,0.000963
brush,1,0.000963
cashier,1,0.000963
custody,1,0.000963
doat,1,0.000963
matrimonialists,1,0.000963
longrun,1,0.000963
divorce,1,0.000963
ignominy,1,0.000963
expensiveness,1,0.000963
woollen,1,0.000963
draper,1,0.000963
rcas,1,0.000963
executioner,1,0.000963
preservedvenice,1,0.000963
preserved,1,0.000963
cultivation,1,0.000963
rudiment,1,0.000963
xlii,1,0.000963
practisings,1,0.000963
enter,1,0.000963
why,1,0.000963
flirt,1,0.000963
apparents,1,0.000963
creed,1,0.000963
devouter,1,0.000963
trim,1,0.000963
pitiless,1,0.000963
war,1,0.000963
muscovite,1,0.000963
reed,1,0.000963
rouge,1,0.000963
identicalness,1,0.000963
riddance,1,0.000963
variance,1,0.000963
deportment,1,0.000963
babyhood,1,0.000963
wreck,1,0.000963
sip,1,0.000963
unbutton,1,0.000963
nap,1,0.000963
warming,1,0.000963
courser,1,0.000963
thetis,1,0.000963
invocation,1,0.000963
condescend,1,0.000963
mismatch,1,0.000963
climb,1,0.000963
fierceness,1,0.000963
entendre,1,0.000963
justness,1,0.000963
aspireth,1,0.000963
charlot,1,0.000963
empson,1,0.000963
charl,1,0.000963
pop,1,0.000963
gun,1,0.000963
farrago,1,0.000963
lexington,1,0.000963
speaker,1,0.000963
willians,1,0.000963
jeweller,1,0.000963
competency,1,0.000963
waller,1,0.000963
dance,1,0.000963
precipice,1,0.000963
posterity,1,0.000963
sore,1,0.000963
spithead,1,0.000963
pea,1,0.000963
jacket,1,0.000963
bellyful,1,0.000963
rap,1,0.000963
plaintiff,1,0.000963
unwarlike,1,0.000963
swarmers,1,0.000963
pendent,1,0.000963
assault,1,0.000963
huzzaing,1,0.000963
acclamation,1,0.000963
venus,1,0.000963
threat,1,0.000963
acre,1,0.000963
begets,1,0.000963
marquis,1,0.000963
countryman,1,0.000963
