solmes,solmes,85
father,father,79
brother,brother,78
mother,mother,75
sister,sister,49
norton,norton,43
lovelace,lovelace,38
character,character,31
nurse,prejudice,25
norton,prejudice,25
hannah,hannah,24
miss,miss,23
uncle,uncle,20
friend,friend,19
husband,husband,19
betty,betty,19
hervey,hervey,18
nurse,nurse,18
nurse,norton,17
norton,nurse,17
letter,letter,16
bella,bella,16
her,prejudice,15
harlowe,harlowe,14
daughter,daughter,14
nurse,her,14
norton,her,14
person,person,13
clarissa,clarissa,13
family,family,13
johnny,johnny,13
wife,wife,12
sister,brother,12
grandfather,grandfather,12
letter,howe,11
miss,howe,11
clarissa,howe,11
harlowe,howe,11
people,people,11
brother,sister,11
will,will,10
uncle,oliver,10
father,mother,9
servant,servant,9
antony,antony,9
thing,thing,8
parent,parent,8
shorey,shorey,8
body,body,8
madam,mother,8
her,her,8
her,nurse,8
her,norton,8
oliver,oliver,8
father,child,8
lady,lady,7
parent,child,7
sex,sex,7
sister,lovelace,7
fellow,fellow,7
her,father,7
norton,father,7
word,word,6
world,world,6
barnes,barnes,6
father,thing,6
mother,brother,6
clary,clary,6
father,brother,6
creature,creature,6
fortune,fortune,6
miss,hervey,6
hervey,miss,6
madam,madam,6
gentleman,gentleman,6
father,norton,6
character,others,6
aunt,husband,5
uncle,husband,5
none,none,5
aunt,aunt,5
betty,father,5
miss,answer,5
miss,brother,5
howe,brother,5
brother,body,5
estate,estate,5
brother,italy,5
hannah,pocket,5
favour,favour,5
miss,harlowe,5
servant,solmes,5
pocket,solmes,5
uncle,harlowe,5
norton,opinion,5
nurse,father,5
nurse,tie,5
nurse,cradle,5
nurse,nature,5
nurse,humour,5
nurse,relation,5
norton,tie,5
norton,cradle,5
norton,nature,5
norton,humour,5
norton,relation,5
father,prejudice,5
mother,prejudice,5
spy,spy,5
father,instance,5
father,arbitrariness,5
miss,letter,4
choice,choice,4
men,men,4
character,friend,4
enemy,enemy,4
heart,heart,4
child,child,4
betty,barnes,4
barnes,betty,4
girl,girl,4
parent,clarissa,4
wench,wench,4
nobody,nobody,4
papa,papa,4
father,interest,4
birth,birth,4
miss,mother,4
mother,madam,4
way,way,4
impertinent,impertinent,4
hannah,my,4
mother,daughter,4
mother,letter,4
commentator,author,4
thing,husband,4
kitty,solmes,4
domestic,solmes,4
harlowe,uncle,4
mother,lovelace,4
cause,cause,4
brother,soul,4
thou,thou,4
nurse,wife,4
norton,wife,4
thing,wife,4
quality,husband,4
esteem,husband,4
dear,husband,4
oliver,estate,4
father,family,4
miss,yesterday,4
miss,morrow,4
miss,day,4
brother,norton,4
norton,method,4
norton,gentleness,4
norton,time,4
norton,point,4
norton,judgment,4
quality,quality,3
deal,deal,3
men,wife,3
cousin,cousin,3
art,art,3
adversary,sword,3
mind,mind,3
impression,impression,3
matter,matter,3
manner,manner,3
one,one,3
case,case,3
character,place,3
people,solmes,3
alliance,alliance,3
compliance,compliance,3
wife,solmes,3
lord,lord,3
wench,father,3
solmes,merit,3
sister,servant,3
brother,lovelace,3
bella,body,3
bella,brother,3
address,address,3
grandfather,family,3
brother,family,3
eye,eye,3
brother,one,3
brother,stay,3
father,consequence,3
brother,proposal,3
hand,hand,3
sister,family,3
hannah,letter,3
sister,wyerley,3
madam,brother,3
father,grandfather,3
husband,family,3
mother,consent,3
hervey,mother,3
father,sister,3
mother,tenderness,3
mother,reason,3
mother,presence,3
brother,solmes,3
brother,thing,3
solmes,meeting,3
god,god,3
papa,hannah,3
mamma,hannah,3
merit,merit,3
people,sight,3
morden,cousin,3
morden,morden,3
mother,person,3
mother,family,3
hannah,scruple,3
madam,hannah,3
prohibition,hannah,3
prudence,prudence,3
forbear,forbear,3
father,uncle,3
marriage,marriage,3
nothing,father,3
lovelace,family,3
lady,family,3
author,author,3
nature,author,3
letter,harlowe,3
twinkler,twinkler,3
mother,hickman,3
view,view,3
mother,year,3
harlowe,miss,3
self,self,3
report,report,3
sister,mother,3
lovelace,mother,3
gentleman,style,3
her,tie,3
her,cradle,3
her,nature,3
her,humour,3
her,relation,3
norton,brother,3
wilt,wilt,3
belton,belton,3
mowbray,mowbray,3
tourville,tourville,3
uncle,nephew,3
papa,will,3
grandfather,daughter,3
nothing,nothing,3
superior,superior,3
barton,barton,3
mother,johnny,3
character,favour,3
character,part,3
merit,share,3
merit,favour,3
difficulty,difficulty,3
character,step,3
father,observation,3
father,fact,3
consideration,father,3
miss,opinion,3
letter,answer,3
letter,yesterday,3
letter,morrow,3
letter,day,3
rake,father,3
justice,norton,3
norton,sex,3
solmes,will,3
clarissa,letter,2
harlowe,letter,2
husband,love,2
men,part,2
manner,protection,2
training,protection,2
education,protection,2
montague,montague,2
side,side,2
passion,passion,2
aunt,thing,2
uncle,thing,2
husband,one,2
husband,thing,2
husband,influence,2
proof,proof,2
divine,miracle,2
grace,miracle,2
parent,inclination,2
child,parent,2
lovelace,friend,2
don,lovelace,2
notion,notion,2
delicacy,delicacy,2
distress,distress,2
liking,mind,2
liking,impression,2
liking,notion,2
liking,delicacy,2
liking,sex,2
liking,matter,2
liking,distress,2
liking,friend,2
liking,subject,2
liking,instance,2
mouth,mouth,2
friend,subject,2
distress,subject,2
opinion,opinion,2
matron,matron,2
character,veneration,2
prudence,veneration,2
experience,veneration,2
betty,creature,2
father,disobligations,2
settlement,settlement,2
father,suit,2
people,fortune,2
people,family,2
fortune,people,2
family,people,2
solmes,people,2
solmes,term,2
provision,people,2
people,dislike,2
parent,daughter,2
clarissa,address,2
father,compliance,2
wife,affection,2
son,son,2
betty,line,2
brother,uncle,2
norton,uncle,2
betty,mother,2
message,father,2
wench,answer,2
cousin,solmes,2
dolly,solmes,2
hervey,solmes,2
miss,sister,2
solmes,father,2
somebody,daughter,2
profligate,daughter,2
england,daughter,2
somebody,somebody,2
murderer,murderer,2
brother,life,2
bella,lovelace,2
bella,part,2
bella,father,2
grandfather,estate,2
grandfather,grandchild,2
picture,family,2
picture,picture,2
taste,taste,2
grandfather,share,2
grandfather,father,2
grandfather,favour,2
bella,thing,2
time,time,2
brother,florence,2
brother,cousin,2
brother,morden,2
bella,proposal,2
people,child,2
people,father,2
body,child,2
body,father,2
rake,end,2
betty,letter,2
brother,point,2
mother,proposal,2
behaviour,behaviour,2
power,power,2
brother,scotland,2
sister,report,2
reflection,reflection,2
thing,heart,2
mamma,mamma,2
setting,setting,2
hannah,family,2
letter,morning,2
miss,morning,2
clarissa,morning,2
harlowe,morning,2
miss,friend,2
hervey,father,2
miss,duty,2
sister,solmes,2
sister,friend,2
nay,thing,2
madam,end,2
sister,perverseness,2
estate,grandfather,2
madam,miss,2
madam,hervey,2
father,door,2
dolly,mother,2
part,mother,2
understanding,mother,2
miss,inclination,2
hervey,inclination,2
father,inclination,2
mother,inclination,2
mother,time,2
mother,miss,2
time,consent,2
creature,miss,2
creature,hervey,2
lord,letter,2
m,m,2
brother,creature,2
brother,mother,2
brother,manner,2
brother,occasion,2
brother,violence,2
sister,manner,2
brother,relation,2
brother,inducement,2
father,solmes,2
uncle,solmes,2
answer,answer,2
neighbour,neighbour,2
miss,snare,2
howe,snare,2
impertinent,fidelity,2
impertinent,love,2
impertinent,mischief,2
betty,shorey,2
hannah,miss,2
hannah,harlowe,2
hannah,finger,2
pocket,pocket,2
obstinacy,obstinacy,2
duty,duty,2
one,people,2
one,sight,2
mother,conference,2
mother,view,2
mother,account,2
insult,insult,2
madam,scruple,2
madam,answer,2
prohibition,scruple,2
prohibition,answer,2
hannah,answer,2
scruple,my,2
scruple,hannah,2
hannah,duty,2
shew,shew,2
father,sanction,2
father,dislike,2
father,body,2
nothing,favour,2
unattempted,father,2
unattempted,favour,2
lovelace,thing,2
lovelace,merit,2
lovelace,expense,2
lovelace,favour,2
lovelace,consideration,2
lovelace,hope,2
shorey,letter,2
person,friend,2
person,favour,2
family,lady,2
wyerley,world,2
gentleman,world,2
letter,place,2
letter,clarissa,2
miss,clarissa,2
howe,clarissa,2
howe,harlowe,2
will,distinction,2
brother,servant,2
brother,gate,2
brother,company,2
sister,gate,2
sister,company,2
sun,sun,2
none,sun,2
twinkler,sun,2
lovelace,wretch,2
thing,love,2
somebody,fault,2
solmes,body,2
solmes,view,2
solmes,servant,2
necessity,necessity,2
parent,person,2
rivalry,deal,2
mother,share,2
mother,passage,2
mother,girl,2
nancy,nancy,2
daughter,mother,2
miss,something,2
harlowe,something,2
supposition,supposition,2
people,folk,2
people,love,2
world,father,2
one,heart,2
grief,heart,2
spirit,father,2
father,paroxysm,2
father,will,2
wife,husband,2
influence,influence,2
justice,justice,2
lovelace,character,2
end,end,2
lovelace,regard,2
opposition,opposition,2
opposition,aversion,2
spirit,spirit,2
brother,fit,2
sister,bella,2
university,university,2
sister,case,2
brother,passion,2
brother,distinction,2
passion,sister,2
sister,father,2
lovelace,heart,2
uncle,servant,2
brother,defiance,2
brother,pride,2
pride,brother,2
action,distinction,2
action,quality,2
brother,person,2
friend,heart,2
shorey,mother,2
vouchsafe,vouchsafe,2
gentleman,freedom,2
rule,rule,2
proposal,soul,2
devil,lady,2
poet,part,2
one,qualification,2
creature,life,2
flame,flame,2
her,wife,2
father,her,2
father,nurse,2
father,wife,2
mother,her,2
mother,nurse,2
mother,norton,2
mother,wife,2
norton,sister,2
others,others,2
alliance,prejudice,2
perdition,soul,2
cowley,beauty,2
belton,mowbray,2
belton,tourville,2
mowbray,belton,2
mowbray,tourville,2
tourville,belton,2
tourville,mowbray,2
devil,devil,2
wife,option,2
somebody,wife,2
disgrace,solmes,2
account,solmes,2
solmes,esteem,2
quality,something,2
quality,nothing,2
quality,command,2
esteem,something,2
esteem,nothing,2
esteem,command,2
dear,something,2
dear,nothing,2
dear,command,2
motif,family,2
motif,aggrandizement,2
antony,life,2
antony,passion,2
uncle,regard,2
uncle,dealing,2
uncle,sincerity,2
solmes,mind,2
solmes,subsistence,2
solmes,half,2
solmes,dozen,2
solmes,family,2
alliance,credit,2
name,thing,2
uncle,estate,2
oliver,nephew,2
party,state,2
madam,family,2
solmes,love,2
solmes,deed,2
rake,rake,2
bud,bud,2
johnny,wife,2
freelivers,preparation,2
freelivers,expectation,2
freelivers,manner,2
freelivers,thing,2
freelivers,reflection,2
freelivers,something,2
freelivers,mind,2
freelivers,guilt,2
freelivers,trespass,2
freelivers,fruition,2
fraternity,leader,2
pound,pound,2
bud,pound,2
walk,walk,2
joseph,door,2
leman,door,2
fellow,method,2
fellow,knave,2
fellow,world,2
fellow,conscience,2
character,resentment,2
character,humour,2
character,stay,2
character,moment,2
character,rashness,2
character,insult,2
character,family,2
character,address,2
character,master,2
character,life,2
living,living,2
competitor,competitor,2
living,share,2
living,favour,2
character,shade,2
character,reputation,2
character,consideration,2
hervey,lady,2
subject,end,2
father,prerogative,2
father,example,2
father,prince,2
acquaintance,father,2
acquaintance,instance,2
acquaintance,arbitrariness,2
family,father,2
family,instance,2
family,arbitrariness,2
father,pleasure,2
father,reflection,2
father,provocation,2
father,liberty,2
father,sort,2
father,inference,2
father,premise,2
enemy,objection,2
hypocrite,light,2
hypocrite,conviction,2
hypocrite,pity,2
hypocrite,trace,2
look,task,2
look,justice,2
censoriousness,task,2
censoriousness,justice,2
reason,lady,2
spy,consideration,2
spy,resentment,2
spy,spirit,2
spy,insult,2
spy,sake,2
malice,consideration,2
malice,resentment,2
malice,spirit,2
malice,insult,2
malice,sake,2
leave,consideration,2
leave,resentment,2
leave,spirit,2
leave,insult,2
leave,sake,2
wretch,consideration,2
wretch,resentment,2
wretch,spirit,2
wretch,insult,2
wretch,sake,2
family,unworthy,2
solmes,brother,2
solmes,soul,2
uncle,soul,2
month,enemy,2
deal,supposition,2
doctor,dr,2
doctor,lewen,2
doctor,overture,2
brother,regard,2
sister,regard,2
anna,thought,2
howe,thought,2
letter,lovelace,2
observer,observer,2
xxxix,answer,2
xxxix,yesterday,2
xxxix,morrow,2
xxxix,day,2
clarissa,answer,2
clarissa,yesterday,2
clarissa,morrow,2
clarissa,day,2
harlowe,answer,2
harlowe,yesterday,2
harlowe,morrow,2
harlowe,day,2
monday,answer,2
monday,yesterday,2
monday,morrow,2
monday,day,2
expostulation,favour,2
expostulation,mother,2
clarissa,opposition,2
clarissa,will,2
clarissa,parent,2
clarissa,obligation,2
son,father,2
norton,resolution,2
brother,nonsense,2
pride,pity,2
mother,indulgence,2
mother,solmes,2
something,mother,2
something,treatment,2
something,wretch,2
ay,mother,2
miss,nothing,2
brother,friend,2
solmes,parent,2
daughter,rest,2
daughter,life,2
letter,continuation,1
letter,subject,1
letter,xxxviii,1
xl,howe,1
xl,continuation,1
xl,subject,1
xl,letter,1
xl,xxxviii,1
miss,continuation,1
miss,subject,1
miss,xxxviii,1
clarissa,continuation,1
clarissa,subject,1
clarissa,xxxviii,1
harlowe,continuation,1
harlowe,subject,1
harlowe,xxxviii,1
thought,thought,1
stillness,mind,1
hour,mind,1
credit,tenderness,1
credit,lovelace,1
credit,nature,1
credit,calamity,1
credit,others,1
lovelace,return,1
lovelace,spirit,1
sister,circumstance,1
sister,hope,1
squanderer,sister,1
squanderer,conduct,1
pride,sister,1
pride,conduct,1
sister,error,1
thing,mind,1
company,company,1
sense,sense,1
treatment,treatment,1
deal,wife,1
treatment,wife,1
wife,promise,1
wife,obedience,1
pleasanter,wife,1
pleasanter,choice,1
men,obedience,1
men,vow,1
men,policy,1
men,choice,1
men,contract,1
wife,choice,1
wife,instance,1
choice,instance,1
choice,head,1
choice,judge,1
gentleness,protection,1
sex,protection,1
approbation,approbation,1
character,prisoner,1
character,chamber,1
character,visit,1
character,management,1
character,servant,1
character,permission,1
cousin,permission,1
montague,permission,1
lady,permission,1
favour,deal,1
favour,weight,1
relation,deal,1
relation,weight,1
unexceptionable,deal,1
unexceptionable,weight,1
rencounter,rencounter,1
ambition,ambition,1
family,return,1
brother,character,1
aunt,expectation,1
aunt,quality,1
aunt,pride,1
aunt,virtue,1
aunt,excellency,1
aunt,precept,1
aunt,doctrine,1
aunt,reward,1
aunt,punishment,1
aunt,one,1
aunt,probability,1
aunt,taint,1
aunt,principle,1
aunt,manner,1
aunt,posterity,1
aunt,importance,1
uncle,expectation,1
uncle,quality,1
uncle,pride,1
uncle,virtue,1
uncle,excellency,1
uncle,precept,1
uncle,doctrine,1
uncle,reward,1
uncle,punishment,1
uncle,one,1
uncle,probability,1
uncle,taint,1
uncle,principle,1
uncle,manner,1
uncle,posterity,1
uncle,importance,1
husband,expectation,1
husband,quality,1
husband,pride,1
husband,virtue,1
husband,excellency,1
husband,precept,1
husband,doctrine,1
husband,reward,1
husband,punishment,1
husband,probability,1
husband,taint,1
husband,principle,1
husband,manner,1
husband,posterity,1
husband,importance,1
relation,influence,1
relation,husband,1
aunt,influence,1
uncle,influence,1
expectation,influence,1
expectation,husband,1
attempt,attempt,1
acknowledgment,objection,1
acknowledgment,praise,1
acknowledgment,ingenuousness,1
acknowledgment,proof,1
acknowledgment,discussion,1
acknowledgment,evil,1
discretion,corporal,1
discretion,faculty,1
head,turn,1
head,head,1
divine,heart,1
grace,heart,1
child,character,1
child,examination,1
lovelace,politeness,1
lovelace,ability,1
humility,humility,1
don,observation,1
don,moralist,1
moralist,observation,1
moralist,lovelace,1
lovelace,obloquy,1
revenge,lovelace,1
revenge,guilt,1
nobody,sword,1
nobody,sponge,1
enemy,fault,1
adversary,adversary,1
one,error,1
error,error,1
prudence,word,1
prudence,liking,1
prudence,rally,1
persecution,advantage,1
persecution,interview,1
labour,advantage,1
labour,interview,1
situation,situation,1
subject,subject,1
instance,instance,1
situation,mind,1
situation,impression,1
situation,notion,1
situation,delicacy,1
situation,sex,1
situation,matter,1
situation,distress,1
situation,friend,1
situation,subject,1
situation,instance,1
opinion,mind,1
opinion,impression,1
opinion,notion,1
opinion,delicacy,1
opinion,sex,1
opinion,matter,1
opinion,distress,1
opinion,friend,1
opinion,subject,1
opinion,instance,1
impression,notion,1
impression,delicacy,1
impression,sex,1
impression,matter,1
sex,delicacy,1
impression,distress,1
notion,distress,1
delicacy,distress,1
sex,distress,1
matter,distress,1
friend,air,1
distress,air,1
methinks,methinks,1
force,sex,1
figure,sex,1
person,sex,1
friend,deal,1
friend,prejudice,1
friend,favour,1
contempt,character,1
character,admiration,1
character,want,1
prudence,place,1
prudence,admiration,1
prudence,want,1
experience,place,1
experience,admiration,1
experience,want,1
one,genius,1
one,subject,1
lovelace,judgment,1
lovelace,art,1
lovelace,way,1
lovelace,person,1
lovelace,part,1
lovelace,dress,1
methinks,command,1
methinks,miss,1
methinks,howe,1
sentence,command,1
sentence,miss,1
sentence,howe,1
style,command,1
style,miss,1
style,howe,1
imagination,command,1
imagination,miss,1
imagination,howe,1
spirit,command,1
spirit,miss,1
spirit,howe,1
betty,expression,1
betty,solmes,1
betty,girl,1
betty,labour,1
barnes,expression,1
barnes,creature,1
barnes,solmes,1
barnes,girl,1
barnes,labour,1
betty,principle,1
barnes,principle,1
oliver,world,1
observation,world,1
husband,week,1
knight,knight,1
knight,wife,1
fondness,wife,1
misogynist,misogynist,1
oliver,howe,1
xli,howe,1
persecution,persecution,1
child,happiness,1
father,comply,1
father,expectation,1
father,oblivion,1
pattern,letter,1
silk,letter,1
father,expense,1
solmes,set,1
solmes,jewel,1
objection,weight,1
spirit,weight,1
you,fortune,1
you,family,1
you,solmes,1
term,fortune,1
term,family,1
term,solmes,1
thing,fortune,1
thing,family,1
thing,solmes,1
fortune,you,1
fortune,term,1
fortune,thing,1
fortune,dislike,1
family,you,1
family,term,1
family,thing,1
family,dislike,1
solmes,you,1
solmes,thing,1
solmes,dislike,1
provision,you,1
provision,term,1
provision,thing,1
provision,dislike,1
you,dislike,1
term,dislike,1
thing,dislike,1
draught,draught,1
alteration,perusal,1
alteration,them,1
girl,perusal,1
girl,them,1
day,perusal,1
day,them,1
sightlines,alliance,1
person,alliance,1
person,consideration,1
parent,disparagement,1
parent,arabella,1
parent,address,1
clarissa,disparagement,1
clarissa,arabella,1
disparagement,disparagement,1
arabella,arabella,1
disparagement,address,1
disparagement,clarissa,1
arabella,address,1
arabella,clarissa,1
hopelessness,hopelessness,1
application,application,1
don,father,1
don,thing,1
don,uncheerful,1
don,compliance,1
father,uncheerful,1
ceremony,title,1
ceremony,vow,1
view,affection,1
view,wife,1
person,affection,1
person,wife,1
wife,eye,1
wife,others,1
richness,disgust,1
pattern,disgust,1
wife,one,1
wife,self,1
nothing,son,1
nothing,violence,1
violence,violence,1
maid,answer,1
uncle,ceremony,1
uncle,chapel,1
antony,ceremony,1
antony,uncle,1
antony,chapel,1
brother,ceremony,1
brother,chapel,1
sister,ceremony,1
sister,uncle,1
sister,chapel,1
norton,ceremony,1
norton,chapel,1
ceremony,ceremony,1
betty,message,1
message,creature,1
message,mother,1
father,creature,1
miss,betty,1
reserve,reserve,1
mother,word,1
mother,power,1
mother,child,1
betty,answer,1
father,wench,1
wench,wrath,1
wench,solmes,1
wench,brother,1
wench,sister,1
wench,contrary,1
mother,trial,1
brother,management,1
sister,management,1
dolly,dolly,1
letter,dialogue,1
letter,bout,1
xlii,howe,1
xlii,dialogue,1
xlii,bout,1
miss,dialogue,1
miss,bout,1
clarissa,dialogue,1
clarissa,bout,1
harlowe,dialogue,1
harlowe,bout,1
letter,brother,1
letter,sister,1
xlii,brother,1
xlii,sister,1
clarissa,brother,1
clarissa,sister,1
harlowe,brother,1
harlowe,sister,1
howe,sister,1
dialogue,brother,1
dialogue,sister,1
bout,brother,1
bout,sister,1
miss,solmes,1
miss,intention,1
miss,part,1
rest,father,1
pi,pi,1
order,order,1
arm,arm,1
parent,arm,1
lovelace,norton,1
account,norton,1
norton,spirit,1
norton,championess,1
norton,break,1
norton,child,1
parent,obstinacy,1
parent,contrary,1
parent,break,1
authority,daughter,1
authority,obstinacy,1
authority,contrary,1
authority,break,1
authority,child,1
daughter,subject,1
daughter,nature,1
servant,sister,1
somebody,arm,1
profligate,arm,1
england,arm,1
claim,daughter,1
claim,arm,1
daughter,arm,1
blood,daughter,1
blood,arm,1
brother,daughter,1
brother,arm,1
somebody,claim,1
somebody,blood,1
somebody,brother,1
profligate,claim,1
profligate,blood,1
profligate,brother,1
england,claim,1
england,blood,1
england,brother,1
brother,my,1
brother,power,1
aggressor,aggressor,1
aggressor,somebody,1
god,patience,1
amen,bella,1
amen,retort,1
body,lovelace,1
body,part,1
body,brother,1
bella,view,1
thing,sister,1
bella,head,1
bella,end,1
bella,visit,1
friend,patience,1
whining,father,1
whining,mother,1
trick,father,1
trick,mother,1
bella,dependence,1
bella,mother,1
person,creature,1
person,matter,1
person,bella,1
person,passion,1
brother,attention,1
reference,reference,1
forsooth,forsooth,1
bella,breath,1
grandfather,effect,1
grandfather,obligingness,1
grandfather,part,1
grandfather,heir,1
grandfather,son,1
daughter,family,1
daughter,picture,1
daughter,son,1
family,picture,1
example,family,1
example,picture,1
fal,fal,1
lal,lal,1
grandfather,brother,1
grandfather,doubt,1
brother,estate,1
bella,manner,1
envy,manner,1
possession,manner,1
brother,favour,1
brother,import,1
nobody,face,1
extravagancy,thing,1
extravagancy,father,1
archness,lovelace,1
sister,county,1
sister,popularity,1
tear,cheek,1
supper,supper,1
conversation,conversation,1
round,round,1
board,board,1
bella,grief,1
bella,turning,1
bella,compliance,1
condescension,condescension,1
italy,stay,1
italy,italy,1
law,law,1
law,thing,1
don,unsisterliness,1
don,bella,1
unsisterliness,unsisterliness,1
people,heart,1
people,thing,1
people,body,1
people,eye,1
people,authority,1
people,parent,1
people,square,1
people,engagement,1
body,people,1
body,eye,1
body,authority,1
body,parent,1
body,square,1
body,engagement,1
body,solmes,1
rake,world,1
rake,way,1
rake,reconciliation,1
rake,term,1
rake,messenger,1
rake,papa,1
rake,proposal,1
proposal,end,1
betty,bed,1
fairy,fairy,1
fairy,hand,1
fairy,lover,1
fairy,betty,1
fairy,haste,1
fairy,notice,1
fairy,insolence,1
lover,lover,1
brother,nothing,1
brother,kindness,1
father,proposal,1
friend,proposal,1
morrow,proposal,1
morning,proposal,1
trouble,forwardness,1
forwardness,forwardness,1
quarrel,consideration,1
bravo,bravo,1
church,church,1
indication,indication,1
father,difference,1
brother,interest,1
brother,difference,1
article,proposal,1
letter,proposal,1
scotland,proposal,1
judge,judge,1
fancy,bench,1
imagination,chariot,1
imagination,solmes,1
bella,speech,1
report,sister,1
instrument,behaviour,1
nancy,prolixity,1
papa,clary,1
issue,acknowledgement,1
issue,confession,1
issue,prudence,1
bella,air,1
bella,insult,1
accent,accent,1
thing,word,1
thing,lovyer,1
thing,tender,1
usage,usage,1
refusal,sex,1
slave,slave,1
brother,authority,1
birth,fortune,1
fortune,birth,1
part,part,1
finger,finger,1
one,creature,1
house,house,1
chapel,chapel,1
hole,letter,1
hole,hannah,1
wall,letter,1
wall,hannah,1
letter,hannah,1
hannah,intelligence,1
letter,wenesday,1
xliv,howe,1
xliv,wenesday,1
xliv,morning,1
miss,wenesday,1
clarissa,wenesday,1
harlowe,wenesday,1
miss,chamber,1
hervey,chamber,1
miss,distance,1
hervey,distance,1
miss,sweetness,1
miss,temper,1
miss,manner,1
miss,point,1
miss,father,1
hervey,sweetness,1
hervey,temper,1
hervey,manner,1
hervey,point,1
hervey,friend,1
mother,resolution,1
miss,resolution,1
hervey,resolution,1
solmes,proposal,1
fain,hervey,1
fain,fain,1
bell,tune,1
miss,term,1
miss,circumstance,1
miss,case,1
hervey,duty,1
hervey,term,1
hervey,circumstance,1
hervey,case,1
hervey,sister,1
argument,sister,1
side,sister,1
argument,face,1
side,face,1
sister,face,1
sister,part,1
ay,sister,1
ay,wyerley,1
clary,sister,1
clary,wyerley,1
nay,commission,1
nay,father,1
nay,mother,1
nay,lovelace,1
nay,hope,1
nay,question,1
madam,don,1
madam,question,1
madam,scheme,1
madam,me,1
madam,hope,1
madam,suffering,1
madam,disgrace,1
question,end,1
sister,estate,1
sister,hand,1
sister,grove,1
sister,independence,1
mamma,herd,1
norton,herd,1
oracle,herd,1
gate,herd,1
living,grandfather,1
grandfather,change,1
grandfather,favourite,1
father,enough,1
father,management,1
father,law,1
father,tear,1
miss,envy,1
miss,authority,1
miss,estate,1
hervey,envy,1
hervey,authority,1
hervey,estate,1
father,indigence,1
husband,respect,1
husband,niece,1
husband,defiance,1
body,insult,1
sister,something,1
sister,vehemence,1
sister,voice,1
sister,pray,1
sister,madam,1
phrase,wonder,1
oat,wonder,1
ox,wonder,1
qualifier,wonder,1
marriage,wonder,1
wife,wonder,1
discretion,wonder,1
freedom,effect,1
clary,pound,1
clary,heart,1
clary,moment,1
contradiction,mother,1
will,mother,1
point,mother,1
material,mother,1
mother,rake,1
mother,pardon,1
mother,hervey,1
time,pardon,1
time,madam,1
time,miss,1
time,hervey,1
miss,consent,1
hervey,consent,1
madam,confinement,1
madam,usage,1
sort,inclination,1
intimation,inclination,1
bella,ground,1
bella,opposition,1
bella,doubt,1
bella,conduct,1
miss,hesitation,1
hervey,hesitation,1
miss,confusion,1
miss,family,1
miss,lovelace,1
hervey,confusion,1
hervey,family,1
hervey,lovelace,1
madam,sister,1
madam,case,1
madam,father,1
madam,tear,1
madam,effect,1
madam,heart,1
madam,favourite,1
madam,advantage,1
madam,tenderness,1
madam,reason,1
madam,presence,1
mother,favourite,1
mother,advantage,1
letter,sunday,1
xxii,howe,1
xxii,sunday,1
xxii,morning,1
miss,sunday,1
clarissa,sunday,1
harlowe,sunday,1
hannah,place,1
hannah,garden,1
hannah,wall,1
hannah,lovelace,1
hannah,night,1
hannah,lord,1
hannah,m,1
lord,wall,1
m,wall,1
m,letter,1
night,night,1
brother,meaning,1
brother,wife,1
brother,pattern,1
pattern,mother,1
pattern,brother,1
thing,brother,1
brother,aggravation,1
brother,insult,1
sister,thing,1
sister,occasion,1
sister,violence,1
relation,solmes,1
relation,brother,1
inducement,solmes,1
inducement,brother,1
solmes,hope,1
solmes,favour,1
solmes,measure,1
solmes,order,1
solmes,reconciliation,1
solmes,night,1
solmes,garden,1
friend,protection,1
solmes,boldness,1
solmes,lord,1
solmes,name,1
solmes,asylum,1
solmes,behalf,1
way,supposal,1
way,offer,1
sex,supposal,1
sex,offer,1
assent,assent,1
heart,correspondence,1
whose,yours,1
advice,yours,1
hannah,something,1
shorey,brother,1
shorey,favour,1
billet,messenger,1
billet,request,1
dejection,excuse,1
dejection,score,1
dejection,indisposition,1
spirit,excuse,1
spirit,score,1
spirit,indisposition,1
civility,compliment,1
civility,acquaintance,1
girl,stress,1
girl,parent,1
brother,snare,1
xxiii,howe,1
papa,house,1
papa,mischief,1
papa,creature,1
papa,word,1
papa,stead,1
mamma,house,1
mamma,mischief,1
mamma,creature,1
mamma,word,1
mamma,stead,1
hannah,mischief,1
wage,wage,1
impertinent,request,1
impertinent,question,1
impertinent,integrity,1
impertinent,service,1
mistress,mistress,1
hannah,opportunity,1
my,pocket,1
hannah,account,1
hannah,number,1
hannah,pheasant,1
hannah,bantam,1
method,heart,1
method,end,1
method,author,1
method,disgrace,1
heart,end,1
heart,author,1
heart,disgrace,1
way,end,1
way,author,1
way,disgrace,1
betty,fleer,1
wench,mistress,1
wench,lover,1
wench,degree,1
wench,merit,1
xxiv,howe,1
creature,pain,1
threatenings,threatenings,1
hand,mother,1
mother,step,1
mother,compliance,1
mother,duty,1
people,punishment,1
people,permission,1
people,house,1
people,one,1
people,pain,1
people,necessity,1
one,house,1
one,pain,1
one,necessity,1
betty,point,1
betty,duty,1
barnes,point,1
barnes,duty,1
xxv,howe,1
report,conference,1
report,mother,1
view,mother,1
mother,husband,1
betty,order,1
lord,betty,1
question,question,1
betty,garden,1
betty,uncle,1
mirth,mirth,1
mother,hand,1
lord,uncle,1
m,uncle,1
madam,service,1
prohibition,service,1
hannah,service,1
service,scruple,1
service,answer,1
scruple,answer,1
madam,my,1
prohibition,my,1
service,my,1
service,hannah,1
my,scruple,1
my,hannah,1
madam,visit,1
prohibition,visit,1
hannah,visit,1
prohibition,prohibition,1
who,who,1
honour,honour,1
madam,obligation,1
nobody,letter,1
clarissa,blame,1
clarissa,punishment,1
clarissa,yours,1
hannah,correspondencies,1
hannah,party,1
family,rod,1
honour,clarissa,1
prudence,clarissa,1
letter,mother,1
prudence,mother,1
father,patience,1
uncle,patience,1
sister,correspondence,1
correspondence,brother,1
father,matter,1
obstinacy,power,1
obstinacy,thing,1
marriage,child,1
parent,marriage,1
nothing,likelihood,1
unattempted,likelihood,1
papa,child,1
aversion,aversion,1
taunting,handle,1
taunting,word,1
revilings,handle,1
revilings,word,1
brother,child,1
brother,instigation,1
brother,father,1
instigation,child,1
instigation,brother,1
instigation,instigation,1
instigation,father,1
brother,content,1
instigation,content,1
disobedience,disobedience,1
reflection,resentment,1
brother,resentment,1
honour,resentment,1
letter,thursday,1
letter,morn,1
xxvi,howe,1
xxvi,thursday,1
xxvi,morn,1
miss,thursday,1
miss,morn,1
clarissa,thursday,1
clarissa,morn,1
harlowe,thursday,1
harlowe,morn,1
lovelace,foot,1
lovelace,treatment,1
lovelace,despair,1
despair,lovelace,1
lovelace,remedy,1
relation,lovelace,1
relation,remedy,1
lady,lovelace,1
lady,remedy,1
lovelace,honour,1
lovelace,law,1
lovelace,abuse,1
lovelace,people,1
lovelace,sword,1
people,sword,1
shorey,answer,1
patty,patty,1
knolly,knolly,1
person,one,1
lady,character,1
family,character,1
fortescue,knowledge,1
fortescue,lord,1
fortescue,m,1
mean,knowledge,1
mean,lord,1
mean,m,1
hickman,knowledge,1
hickman,lord,1
hickman,m,1
alliance,effect,1
lady,effect,1
family,effect,1
lord,lovelace,1
resolution,world,1
one,content,1
one,world,1
content,world,1
wyerley,choice,1
wyerley,line,1
wyerley,subject,1
gentleman,choice,1
gentleman,line,1
gentleman,subject,1
letter,world,1
solicitous,solicitous,1
commentator,beauty,1
commentator,stranger,1
commentator,strain,1
commentator,gratitude,1
commentator,favour,1
commentator,consideration,1
commentator,insomuch,1
commentator,necessity,1
commentator,goodness,1
commentator,opinion,1
author,strain,1
author,gratitude,1
author,favour,1
author,consideration,1
author,insomuch,1
author,necessity,1
author,goodness,1
author,opinion,1
sportsman,sportsman,1
half,arm,1
nature,favour,1
nature,friend,1
nature,inveteracy,1
nature,betwixt,1
nature,brother,1
nature,aggressor,1
nature,catastrophe,1
author,design,1
author,conduct,1
author,shyness,1
others,favour,1
creature,author,1
grandfather,spirit,1
grandfather,power,1
grandfather,defect,1
sun,admiration,1
family,admiration,1
none,admiration,1
twinkler,admiration,1
sun,love,1
family,love,1
none,love,1
twinkler,love,1
admiration,love,1
such,opportunity,1
such,sun,1
such,family,1
such,none,1
such,twinkler,1
such,level,1
sun,opportunity,1
sun,family,1
sun,none,1
sun,twinkler,1
sun,level,1
family,opportunity,1
family,sun,1
family,none,1
family,twinkler,1
family,level,1
none,opportunity,1
none,family,1
none,twinkler,1
none,level,1
twinkler,opportunity,1
twinkler,family,1
twinkler,none,1
twinkler,level,1
opportunity,opportunity,1
lovelace,company,1
lovelace,body,1
lovelace,laugh,1
solmes,tone,1
muscle,tone,1
solmes,grin,1
solmes,malice,1
solmes,gloominess,1
feature,gloominess,1
muscle,solmes,1
muscle,distortion,1
fault,fault,1
somebody,wretch,1
fault,wretch,1
sight,occasion,1
solmes,occasion,1
somebody,master,1
wife,something,1
solmes,gainer,1
person,solmes,1
kitty,tenant,1
kitty,servant,1
solmes,tenant,1
domestic,tenant,1
domestic,servant,1
tenant,solmes,1
tenant,tenant,1
servant,badness,1
servant,heart,1
badness,badness,1
pocket,key,1
pocket,guest,1
pocket,friend,1
pocket,family,1
solmes,guest,1
solmes,wine,1
solmes,visiters,1
business,business,1
uncle,mother,1
uncle,covetousness,1
uncle,term,1
uncle,hempen,1
uncle,matrimonial,1
uncle,cord,1
harlowe,mother,1
harlowe,covetousness,1
harlowe,term,1
harlowe,hempen,1
harlowe,matrimonial,1
harlowe,cord,1
recommenders,creature,1
independence,title,1
estate,title,1
something,something,1
mother,side,1
vein,vein,1
spleen,deal,1
time,deal,1
envy,deal,1
will,deal,1
rivalry,spleen,1
rivalry,time,1
rivalry,envy,1
hero,fault,1
heroine,fault,1
mother,curiosity,1
mother,eye,1
mother,part,1
mother,conversation,1
grating,child,1
thing,child,1
libertine,duel,1
libertine,brother,1
prepossession,prepossession,1
mother,meekness,1
meekness,brother,1
child,mother,1
soberest,mother,1
soberest,politest,1
men,mother,1
men,politest,1
england,mother,1
england,politest,1
judge,year,1
judge,mother,1
hickman,year,1
hickman,mother,1
daughter,year,1
y,y,1
father,miss,1
father,harlowe,1
mother,harlowe,1
people,delight,1
curiosity,curiosity,1
mother,one,1
viscount,daughter,1
viscount,gentleman,1
viscount,liking,1
others,arbitrariness,1
others,course,1
hickman,hickman,1
don,account,1
family,reversion,1
fortescue,admirer,1
norton,hervey,1
norton,side,1
norton,question,1
aunt,hervey,1
aunt,opinion,1
aunt,side,1
aunt,question,1
hervey,opinion,1
hervey,side,1
hervey,question,1
hervey,part,1
hervey,education,1
methinks,truth,1
lady,influence,1
sister,influence,1
wife,influence,1
wife,family,1
mother,influence,1
mother,edge,1
mother,vivacity,1
self,heart,1
forbear,heart,1
honour,heart,1
treatment,heart,1
father,bosom,1
spirit,interest,1
spirit,bosom,1
malady,malady,1
malady,father,1
wife,paroxysm,1
wife,will,1
witness,paroxysm,1
witness,will,1
pang,paroxysm,1
pang,will,1
paroxysm,paroxysm,1
paroxysm,will,1
child,husband,1
advice,advice,1
freedom,tendency,1
friend,tendency,1
justice,verisimilitude,1
wit,wit,1
lovelace,resolution,1
flattery,flattery,1
love,person,1
love,affluence,1
love,indigence,1
humour,choice,1
humour,mother,1
humour,hickman,1
humour,daughter,1
mother,lenity,1
mother,effect,1
mother,prepossession,1
mother,love,1
mother,creature,1
mother,sex,1
effect,prepossession,1
effect,love,1
effect,creature,1
effect,sex,1
sound,sound,1
delicacy,friend,1
contempt,friend,1
think,friend,1
sheet,sheet,1
message,message,1
avowal,avowal,1
reason,opinion,1
change,opinion,1
style,opinion,1
letter,opinion,1
lovelace,reason,1
lovelace,change,1
lovelace,style,1
lovelace,letter,1
lovelace,opinion,1
lovelace,doubt,1
opposition,look,1
opposition,obstinacy,1
opposition,eye,1
opposition,solmes,1
opposition,duty,1
opposition,father,1
opposition,promotion,1
opposition,family,1
opposition,view,1
willingness,favour,1
miss,tameness,1
miss,insult,1
miss,eye,1
miss,consideration,1
howe,tameness,1
howe,insult,1
howe,friend,1
howe,eye,1
howe,consideration,1
tameness,insult,1
tameness,brother,1
occasion,occasion,1
revilings,brother,1
language,brother,1
brother,bella,1
brother,address,1
sister,fit,1
sister,address,1
bella,fit,1
bella,address,1
education,education,1
education,violence,1
education,passion,1
university,violence,1
university,passion,1
toilette,doctrine,1
toilette,university,1
yours,duty,1
pert,duty,1
lovelace,brother,1
lovelace,ja,1
father,case,1
father,manner,1
father,displeasure,1
anger,case,1
anger,sister,1
anger,manner,1
anger,displeasure,1
anger,mother,1
sister,displeasure,1
brother,proof,1
brother,spirit,1
brother,stranger,1
brother,attempt,1
tutor,tutor,1
prescriber,prescriber,1
account,account,1
college,college,1
class,class,1
tyrant,tyrant,1
prescriber,brother,1
prescriber,tutor,1
sex,brother,1
sex,tutor,1
taste,brother,1
taste,tutor,1
manner,brother,1
manner,tutor,1
brother,tutor,1
account,brother,1
account,tutor,1
college,brother,1
college,tutor,1
class,brother,1
class,tutor,1
tyrant,brother,1
tyrant,tutor,1
sister,cause,1
sister,bellamy,1
path,view,1
virtue,view,1
honour,view,1
lovelace,view,1
sense,view,1
understanding,view,1
method,method,1
method,address,1
method,solmes,1
method,experiment,1
solmes,experiment,1
sister,prejudice,1
bella,cl,1
sister,cl,1
friend,cl,1
companion,cl,1
adviser,cl,1
clary,opinion,1
harlowe,opinion,1
wretch,wretch,1
proof,force,1
force,force,1
reversion,catalogue,1
answer,subject,1
answer,arabella,1
answer,harlowe,1
readiness,servant,1
readiness,uncle,1
readiness,harlowe,1
letter,servant,1
letter,uncle,1
meeting,servant,1
meeting,uncle,1
meeting,harlowe,1
garden,servant,1
garden,uncle,1
garden,harlowe,1
servant,uncle,1
servant,harlowe,1
harlowe,servant,1
xxx,xxx,1
lovelace,uneasiness,1
congregation,body,1
brother,service,1
brother,pleasure,1
brother,pain,1
people,respect,1
birth,respect,1
fortune,respect,1
action,thing,1
distinction,action,1
distinction,distinction,1
distinction,quality,1
quality,action,1
quality,distinction,1
thing,action,1
thing,distinction,1
thing,quality,1
brother,mien,1
brother,line,1
brother,face,1
brother,time,1
stop,pride,1
stop,exterior,1
stop,advantage,1
pride,pride,1
pride,exterior,1
pride,advantage,1
brother,talent,1
shews,balance,1
friend,discretion,1
measure,slur,1
shorey,lovelace,1
shorey,eye,1
lovelace,eye,1
mother,compliment,1
disorder,family,1
appearance,family,1
uncle,letter,1
line,purpose,1
line,story,1
compeer,compeer,1
compeer,town,1
gentleman,wit,1
gentleman,thee,1
gentleman,thou,1
gentleman,letter,1
gentleman,rule,1
gentleman,part,1
gentleman,passage,1
freedom,freedom,1
brother,m,1
brother,hall,1
brother,quality,1
brother,harlowes,1
proposal,harlowes,1
father,lady,1
thou,character,1
niece,niece,1
poet,poet,1
art,creature,1
thou,heart,1
deceiver,deceiver,1
divinity,divinity,1
family,goddess,1
disappointment,effect,1
poet,imagination,1
devil,cupid,1
sex,score,1
friend,moral,1
friend,dancing,1
friend,singing,1
friend,lady,1
friend,company,1
friend,humour,1
wilt,cause,1
fetter,coronet,1
one,coronet,1
couldst,couldst,1
creature,honour,1
creature,shackle,1
line,working,1
line,passion,1
line,soul,1
following,working,1
following,passion,1
following,soul,1
dryden,working,1
dryden,passion,1
dryden,soul,1
soul,soul,1
fire,fire,1
family,work,1
agent,agent,1
hers,hers,1
hers,heart,1
hers,mine,1
hers,condition,1
hers,reformation,1
hers,promise,1
brother,footstool,1
brother,throne,1
youth,heart,1
nurse,office,1
nurse,infancy,1
norton,office,1
norton,infancy,1
father,tie,1
father,cradle,1
father,nature,1
father,humour,1
father,relation,1
mother,father,1
mother,tie,1
mother,cradle,1
mother,nature,1
mother,humour,1
mother,relation,1
nurse,men,1
norton,men,1
nurse,uncle,1
fellow,her,1
fellow,nurse,1
fellow,norton,1
fellow,brother,1
her,brother,1
nurse,brother,1
her,sister,1
nurse,sister,1
her,reverence,1
nurse,reverence,1
norton,reverence,1
family,honour,1
thou,mind,1
thyself,foot,1
competition,foot,1
relation,foot,1
dryden,cause,1
dryden,love,1
dryden,assign,1
dryden,face,1
dryden,lover,1
dryden,mind,1
cowley,imaginary,1
ape,shape,1
country,shape,1
contemporary,contemporary,1
person,justice,1
person,voice,1
mind,justice,1
mind,voice,1
mind,favour,1
behaviour,justice,1
behaviour,voice,1
behaviour,favour,1
thou,nothing,1
thou,creature,1
creature,canst,1
creature,question,1
canst,question,1
stratagem,knowest,1
stratagem,delight,1
stratagem,heart,1
contrivance,knowest,1
contrivance,delight,1
contrivance,heart,1
james,improvement,1
harlowe,improvement,1
uncle,master,1
nephew,uncle,1
nephew,nephew,1
nephew,master,1
family,something,1
family,prayer,1
fighting,fighting,1
pert,pert,1
leader,leader,1
hostility,hostility,1
mayest,devil,1
deposit,deposit,1
day,will,1
interest,will,1
command,will,1
creature,sacrifice,1
friend,pleasure,1
friend,love,1
thing,state,1
thing,affection,1
thing,confidence,1
thing,reason,1
thing,preference,1
thing,somebody,1
thing,option,1
husband,confidence,1
husband,wife,1
husband,somebody,1
wife,somebody,1
somebody,option,1
subject,light,1
sex,subject,1
tender,subject,1
year,subject,1
inexperience,subject,1
maid,maid,1
gentry,church,1
indulgence,indulgence,1
reading,stranger,1
reading,nothing,1
persuasion,persuasion,1
papa,offer,1
thing,lovelace,1
solmes,disgrace,1
solmes,account,1
disgrace,merit,1
account,merit,1
solmes,uncle,1
solmes,sternness,1
solmes,pleasure,1
solmes,ease,1
solmes,mamma,1
solmes,sister,1
solmes,time,1
solmes,hand,1
solmes,course,1
solmes,inclination,1
solmes,liberty,1
solmes,choice,1
quality,favour,1
quality,instruction,1
esteem,favour,1
esteem,instruction,1
dear,favour,1
dear,instruction,1
favour,something,1
favour,husband,1
favour,nothing,1
favour,command,1
instruction,husband,1
friend,value,1
antony,value,1
antony,lovelace,1
antony,address,1
antony,solmes,1
dear,power,1
dear,person,1
settlement,power,1
settlement,person,1
motif,weight,1
motif,benefit,1
motif,view,1
motif,person,1
motif,brother,1
motif,descendent,1
family,weight,1
family,antony,1
antony,son,1
disgrace,heart,1
prepossession,brother,1
explicitness,mistake,1
solmes,generosity,1
solmes,stranger,1
mind,sort,1
mind,pleasure,1
thing,value,1
thing,part,1
tome,value,1
tome,part,1
alliance,obscurity,1
alliance,narrowness,1
credit,credit,1
obscurity,obscurity,1
narrowness,narrowness,1
choice,life,1
uncle,deal,1
father,spirit,1
solmes,trust,1
don,girl,1
declaration,girl,1
money,niece,1
money,one,1
lover,niece,1
lover,one,1
nicest,rake,1
holy,holy,1
writ,writ,1
grandfather,friend,1
cousin,grandfather,1
clary,grandfather,1
nothing,mother,1
nothing,recommendation,1
nothing,no,1
nothing,child,1
cousin,estate,1
solmes,obstinacy,1
husband,something,1
solmes,something,1
letter,solmes,1
letter,schoolmaster,1
yours,solmes,1
yours,schoolmaster,1
solmes,steward,1
solmes,dog,1
solmes,estate,1
solmes,interest,1
solmes,money,1
duce,duce,1
solmes,fop,1
solmes,coxcomb,1
solmes,nonsense,1
solmes,poison,1
uncle,favour,1
article,sum,1
girl,brother,1
difference,difference,1
dunmow,dunmow,1
flitch,flitch,1
friend,state,1
don,money,1
child,authority,1
brother,head,1
brother,name,1
brother,compliance,1
brother,honour,1
madam,head,1
madam,name,1
madam,compliance,1
madam,honour,1
name,name,1
solmes,spirit,1
solmes,gentleman,1
solmes,word,1
word,name,1
h,howe,1
xxxiii,howe,1
step,step,1
solmes,letter,1
right,reserve,1
obedience,reserve,1
right,right,1
obedience,obedience,1
access,credit,1
access,generosity,1
access,reputation,1
rest,credit,1
rest,generosity,1
rest,reputation,1
family,credit,1
family,generosity,1
family,reputation,1
generosity,gentleman,1
generosity,address,1
generosity,effect,1
generosity,creature,1
generosity,esteem,1
value,merit,1
value,object,1
request,request,1
compliance,well,1
compliance,wisher,1
compliance,servant,1
compliance,clarissa,1
compliance,harlowe,1
request,well,1
request,wisher,1
request,servant,1
request,clarissa,1
request,harlowe,1
dearest,effect,1
dearest,letter,1
miss,effect,1
letter,effect,1
person,estate,1
person,instance,1
person,generosity,1
person,way,1
fool,fool,1
fondness,fondness,1
heart,figure,1
heart,expostulation,1
mischief,lord,1
mischief,m,1
mischief,intervention,1
family,nothing,1
family,bully,1
family,bark,1
family,distance,1
family,entertainment,1
family,thou,1
family,mayest,1
family,latin,1
family,classic,1
thou,soul,1
mayest,soul,1
latin,soul,1
classic,soul,1
interest,lord,1
interest,m,1
body,harlowe,1
body,place,1
body,versailles,1
body,year,1
people,hart,1
people,head,1
people,quality,1
people,disguise,1
white,people,1
white,hart,1
white,head,1
white,quality,1
white,disguise,1
hart,people,1
hart,hart,1
hart,head,1
hart,quality,1
hart,disguise,1
daughter,day,1
day,daughter,1
day,day,1
grandmother,daughter,1
grandmother,day,1
mother,day,1
wicker,daughter,1
wicker,day,1
chair,daughter,1
chair,day,1
chimney,daughter,1
chimney,day,1
corner,daughter,1
corner,day,1
rogue,power,1
mercy,mercy,1
watchfulness,machination,1
unsuspicious,knife,1
danger,knife,1
lamb,knife,1
throat,knife,1
love,heart,1
widow,widow,1
winding,sight,1
lane,sight,1
johnny,maiden,1
johnny,barton,1
barton,maiden,1
barton,johnny,1
maiden,maiden,1
johnny,aunt,1
johnny,pound,1
johnny,time,1
aunt,johnny,1
aunt,pound,1
wife,johnny,1
angel,angel,1
friend,rose,1
friend,bud,1
friend,johnny,1
folly,heart,1
folly,rose,1
folly,bud,1
folly,johnny,1
constitution,palliating,1
freelivers,freelivers,1
mind,guilt,1
mind,trespass,1
subject,grave,1
grave,pleasure,1
grave,grave,1
grave,power,1
mischief,mischief,1
revenge,revenge,1
rose,rose,1
bud,johnny,1
bud,aunt,1
charmer,charmer,1
motion,motion,1
rascal,rascal,1
line,line,1
direction,direction,1
family,spy,1
spy,egress,1
spy,regress,1
creature,spy,1
spy,bribe,1
spy,letter,1
spy,howe,1
walk,belief,1
walk,maid,1
spy,poultry,1
spy,breed,1
spy,grandfather,1
spy,reason,1
fowl,place,1
joseph,opportunity,1
joseph,key,1
joseph,garden,1
joseph,reason,1
joseph,coppice,1
leman,opportunity,1
leman,key,1
leman,garden,1
leman,reason,1
leman,coppice,1
joseph,joseph,1
fellow,master,1
fellow,honour,1
alliance,family,1
world,part,1
world,fellow,1
loneliness,advantage,1
place,advantage,1
foe,foe,1
distance,distance,1
fury,fury,1
xxxvi,howe,1
disappointment,disappointment,1
prop,roof,1
character,fear,1
behaviour,fear,1
correspondence,others,1
friend,others,1
pretence,others,1
compulsion,others,1
set,others,1
reflection,others,1
intrusion,others,1
character,way,1
character,foot,1
character,interest,1
character,patience,1
character,forbearance,1
character,issue,1
character,knee,1
character,purpose,1
character,apprehension,1
temper,character,1
temper,apprehension,1
character,mine,1
character,body,1
character,dutifulness,1
character,grandfather,1
character,distinction,1
character,hope,1
don,don,1
merit,guilt,1
merit,ingratitude,1
guilt,guilt,1
ingratitude,ingratitude,1
share,share,1
symmes,symmes,1
wyerley,wyerley,1
reptile,reptile,1
merit,living,1
men,competitor,1
symmes,competitor,1
wyerley,competitor,1
reptile,competitor,1
solmes,competitor,1
character,foible,1
character,notion,1
character,day,1
character,world,1
character,regard,1
character,fame,1
character,advice,1
step,shade,1
step,reputation,1
uncle,insignificance,1
aunt,insignificance,1
hervey,insignificance,1
motif,example,1
motif,solmes,1
motif,daughter,1
hervey,letter,1
hervey,betty,1
hervey,lawrance,1
hervey,occasion,1
hervey,sarah,1
hervey,sadleir,1
lady,world,1
sarah,world,1
sadleir,world,1
child,world,1
hervey,deal,1
hervey,glow,1
hervey,throb,1
subject,tendency,1
father,steadfastness,1
father,unlikelihood,1
father,course,1
father,howe,1
father,place,1
father,person,1
father,desperation,1
father,ear,1
morden,proof,1
morden,nothing,1
morden,point,1
father,resolution,1
father,acquaintance,1
acquaintance,example,1
acquaintance,family,1
acquaintance,prince,1
acquaintance,mother,1
family,example,1
family,prince,1
family,mother,1
arbitrariness,example,1
father,youth,1
father,passion,1
father,others,1
father,mind,1
father,treatment,1
consideration,observation,1
consideration,fact,1
father,behaviour,1
father,room,1
father,daughter,1
father,authority,1
father,time,1
father,aversion,1
father,resentment,1
father,view,1
father,banishment,1
father,presence,1
father,plea,1
father,entreaty,1
father,favour,1
room,daughter,1
resentment,resentment,1
banishment,plea,1
banishment,entreaty,1
banishment,favour,1
presence,plea,1
presence,entreaty,1
presence,favour,1
argument,friend,1
argument,reconciliation,1
malice,malice,1
envy,malice,1
openness,credit,1
openness,profession,1
particular,credit,1
particular,profession,1
liberty,light,1
liberty,conviction,1
hypocrite,hypocrite,1
hypocrite,mind,1
hypocrite,head,1
hypocrite,heart,1
hypocrite,court,1
hypocrite,body,1
hypocrite,interest,1
hypocrite,sake,1
look,friend,1
censoriousness,friend,1
scruple,scruple,1
people,birth,1
value,birth,1
offer,appearance,1
offer,liking,1
offer,part,1
offer,family,1
nothing,lady,1
nothing,betty,1
offer,offer,1
offer,vanity,1
offer,urgency,1
offer,occasion,1
offer,face,1
offer,art,1
offer,order,1
offer,measure,1
urgency,face,1
urgency,art,1
splendour,splendour,1
title,title,1
character,living,1
lady,living,1
family,living,1
friend,address,1
spy,indignity,1
spy,family,1
spy,malice,1
spy,leave,1
spy,wretch,1
outrage,consideration,1
outrage,resentment,1
outrage,spirit,1
outrage,insult,1
outrage,sake,1
indignity,consideration,1
indignity,resentment,1
indignity,spirit,1
indignity,insult,1
indignity,sake,1
family,consideration,1
family,resentment,1
family,spirit,1
family,insult,1
family,sake,1
uncle,brother,1
vehemence,vehemence,1
enemy,intention,1
enemy,act,1
enemy,compulsion,1
month,purpose,1
ardour,hand,1
lip,hand,1
estate,hand,1
men,belief,1
deal,opinion,1
deal,reverence,1
deal,conference,1
deal,solmes,1
deal,passion,1
deal,thing,1
deal,fervour,1
solmes,supposition,1
supposition,passion,1
argument,obligation,1
treatment,obligation,1
apprehension,uneasiness,1
dr,family,1
dr,time,1
lewen,family,1
lewen,time,1
emotion,body,1
presence,body,1
force,thing,1
hatred,thing,1
principal,principal,1
shorey,report,1
shorey,disfavour,1
principal,report,1
principal,disfavour,1
dr,overture,1
lewen,overture,1
dr,dr,1
lewen,lewen,1
one,situation,1
person,dr,1
person,lewen,1
person,story,1
xxxvii,clarissa,1
xxxvii,harlowe,1
friend,occasion,1
friend,date,1
church,blameworthy,1
cause,course,1
cause,sweat,1
cause,mean,1
choice,debate,1
anna,love,1
howe,love,1
lady,pretension,1
lady,share,1
nothing,love,1
nothing,friendship,1
knowledge,love,1
knowledge,friendship,1
recess,love,1
recess,friendship,1
heart,love,1
heart,friendship,1
case,turn,1
case,friend,1
person,prudence,1
fellow,moment,1
fellow,uneasiness,1
living,moment,1
living,uneasiness,1
biddulph,opinion,1
lloyd,opinion,1
campion,opinion,1
figure,figure,1
tony,vanity,1
tony,stop,1
tony,pride,1
tony,one,1
tony,worthiness,1
tony,interior,1
pattern,none,1
feature,none,1
person,none,1
lloyd,lloyd,1
heart,person,1
heart,coxcomb,1
person,question,1
coxcomb,question,1
coxcomb,coxcomb,1
subject,mind,1
letter,proof,1
letter,value,1
reason,reason,1
friend,observer,1
reproof,reproof,1
conduct,appearance,1
xxxix,letter,1
monday,letter,1
march,answer,1
march,yesterday,1
march,morrow,1
march,day,1
deal,subject,1
friend,effort,1
room,favour,1
room,mother,1
declaration,argument,1
declaration,obstinacy,1
declaration,perverseness,1
heart,argument,1
heart,obstinacy,1
heart,perverseness,1
content,regard,1
content,lovelace,1
letter,regard,1
mother,pain,1
pain,family,1
pain,instance,1
mother,instance,1
clarissa,thing,1
clarissa,solmes,1
clarissa,compliance,1
father,clarissa,1
clarissa,power,1
solmes,clarissa,1
solmes,principle,1
clarissa,principle,1
patience,patience,1
father,none,1
father,condition,1
father,estate,1
father,half,1
father,living,1
body,norton,1
norton,occasion,1
norton,tone,1
rake,child,1
son,child,1
merit,child,1
obedience,child,1
her,child,1
indiscreet,child,1
bounty,child,1
rake,son,1
child,merit,1
child,father,1
child,obedience,1
rake,merit,1
rake,obedience,1
son,merit,1
son,obedience,1
father,merit,1
father,obedience,1
her,indiscreet,1
her,bounty,1
father,indiscreet,1
father,bounty,1
indiscreet,father,1
bounty,father,1
father,vehemence,1
father,side,1
justice,task,1
justice,opinion,1
norton,aversion,1
offer,lovelace,1
interest,interest,1
norton,nonsense,1
nonsense,nonsense,1
brother,perverseness,1
brother,mind,1
brother,tragedy,1
brother,pity,1
pride,creature,1
pride,thing,1
body,reflection,1
norton,draw,1
norton,home,1
norton,speaking,1
norton,sweetness,1
norton,disposition,1
hervey,while,1
hervey,norton,1
hervey,aunt,1
hereupon,while,1
hereupon,norton,1
hereupon,aunt,1
hereupon,hervey,1
indulgence,example,1
indulgence,mother,1
mother,manner,1
mother,nothing,1
mother,choice,1
mother,opportunity,1
mother,mean,1
rebel,mother,1
rebel,treatment,1
rebel,wretch,1
girl,mother,1
girl,treatment,1
girl,wretch,1
wretch,purpose,1
commission,use,1
commission,plea,1
ay,force,1
mother,force,1
sister,blessing,1
hervey,blessing,1
mother,measure,1
mother,aversion,1
miss,bosom,1
miss,character,1
prudence,prejudice,1
matter,prejudice,1
norton,thing,1
norton,duration,1
norton,life,1
norton,body,1
brother,hate,1
consolation,consolation,1
brother,whining,1
father,scheme,1
scheme,scheme,1
brother,view,1
thing,hand,1
thing,share,1
hand,share,1
god,person,1
god,talent,1
miss,wound,1
miss,virtue,1
clarissa,wound,1
clarissa,virtue,1
harlowe,wound,1
harlowe,virtue,1
miss,reception,1
clarissa,reception,1
harlowe,reception,1
daughter,equivocation,1
daughter,favour,1
